poem_title,section,slug,path,versions,author_lines,viewport_width,content_width,font_size,font_family,automatic_wraps,affected_lines,affected_line_share,wrap_free
Две обезьяны,different,two-monkeys,/different/two-monkeys,7,76,320,284,18,"""Times New Roman"", Times, serif",27,27,0.355263,false
Две обезьяны,different,two-monkeys,/different/two-monkeys,7,76,320,284,17,"""Times New Roman"", Times, serif",23,23,0.302632,false
Две обезьяны,different,two-monkeys,/different/two-monkeys,7,76,320,284,16,"""Times New Roman"", Times, serif",18,18,0.236842,false
Две обезьяны,different,two-monkeys,/different/two-monkeys,7,76,360,324,18,"""Times New Roman"", Times, serif",16,16,0.210526,false
Две обезьяны,different,two-monkeys,/different/two-monkeys,7,76,360,324,17,"""Times New Roman"", Times, serif",10,10,0.131579,false
Две обезьяны,different,two-monkeys,/different/two-monkeys,7,76,360,324,16,"""Times New Roman"", Times, serif",5,5,0.065789,false
Две обезьяны,different,two-monkeys,/different/two-monkeys,7,76,384,348,18,"""Times New Roman"", Times, serif",9,9,0.118421,false
Две обезьяны,different,two-monkeys,/different/two-monkeys,7,76,384,348,17,"""Times New Roman"", Times, serif",5,5,0.065789,false
Две обезьяны,different,two-monkeys,/different/two-monkeys,7,76,384,348,16,"""Times New Roman"", Times, serif",3,3,0.039474,false
Две обезьяны,different,two-monkeys,/different/two-monkeys,7,76,390,354,18,"""Times New Roman"", Times, serif",6,6,0.078947,false
Две обезьяны,different,two-monkeys,/different/two-monkeys,7,76,390,354,17,"""Times New Roman"", Times, serif",5,5,0.065789,false
Две обезьяны,different,two-monkeys,/different/two-monkeys,7,76,390,354,16,"""Times New Roman"", Times, serif",3,3,0.039474,false
Две обезьяны,different,two-monkeys,/different/two-monkeys,7,76,393,357,18,"""Times New Roman"", Times, serif",6,6,0.078947,false
Две обезьяны,different,two-monkeys,/different/two-monkeys,7,76,393,357,17,"""Times New Roman"", Times, serif",5,5,0.065789,false
Две обезьяны,different,two-monkeys,/different/two-monkeys,7,76,393,357,16,"""Times New Roman"", Times, serif",3,3,0.039474,false
Две обезьяны,different,two-monkeys,/different/two-monkeys,7,76,414,378,18,"""Times New Roman"", Times, serif",5,5,0.065789,false
Две обезьяны,different,two-monkeys,/different/two-monkeys,7,76,414,378,17,"""Times New Roman"", Times, serif",3,3,0.039474,false
Две обезьяны,different,two-monkeys,/different/two-monkeys,7,76,414,378,16,"""Times New Roman"", Times, serif",2,2,0.026316,false
Две обезьяны,different,two-monkeys,/different/two-monkeys,7,76,480,444,18,"""Times New Roman"", Times, serif",2,2,0.026316,false
Две обезьяны,different,two-monkeys,/different/two-monkeys,7,76,480,444,17,"""Times New Roman"", Times, serif",1,1,0.013158,false
Две обезьяны,different,two-monkeys,/different/two-monkeys,7,76,480,444,16,"""Times New Roman"", Times, serif",0,0,0.000000,true
Две обезьяны,different,two-monkeys,/different/two-monkeys,7,76,500,464,18,"""Times New Roman"", Times, serif",1,1,0.013158,false
Две обезьяны,different,two-monkeys,/different/two-monkeys,7,76,500,464,17,"""Times New Roman"", Times, serif",0,0,0.000000,true
Две обезьяны,different,two-monkeys,/different/two-monkeys,7,76,500,464,16,"""Times New Roman"", Times, serif",0,0,0.000000,true
Две обезьяны,different,two-monkeys,/different/two-monkeys,7,76,535,499,18,"""Times New Roman"", Times, serif",0,0,0.000000,true
Две обезьяны,different,two-monkeys,/different/two-monkeys,7,76,535,499,17,"""Times New Roman"", Times, serif",0,0,0.000000,true
Две обезьяны,different,two-monkeys,/different/two-monkeys,7,76,535,499,16,"""Times New Roman"", Times, serif",0,0,0.000000,true
Две обезьяны,different,two-monkeys,/different/two-monkeys,7,76,536,500,18,"""Times New Roman"", Times, serif",0,0,0.000000,true
Две обезьяны,different,two-monkeys,/different/two-monkeys,7,76,536,500,17,"""Times New Roman"", Times, serif",0,0,0.000000,true
Две обезьяны,different,two-monkeys,/different/two-monkeys,7,76,536,500,16,"""Times New Roman"", Times, serif",0,0,0.000000,true
Две обезьяны,different,two-monkeys,/different/two-monkeys,7,76,760,724,18,"""Times New Roman"", Times, serif",0,0,0.000000,true
Две обезьяны,different,two-monkeys,/different/two-monkeys,7,76,760,724,17,"""Times New Roman"", Times, serif",0,0,0.000000,true
Две обезьяны,different,two-monkeys,/different/two-monkeys,7,76,760,724,16,"""Times New Roman"", Times, serif",0,0,0.000000,true
Похвала снам,different,praise-dreams,/different/praise-dreams,1,30,320,284,18,"""Times New Roman"", Times, serif",0,0,0.000000,true
Похвала снам,different,praise-dreams,/different/praise-dreams,1,30,320,284,17,"""Times New Roman"", Times, serif",0,0,0.000000,true
Похвала снам,different,praise-dreams,/different/praise-dreams,1,30,320,284,16,"""Times New Roman"", Times, serif",0,0,0.000000,true
Похвала снам,different,praise-dreams,/different/praise-dreams,1,30,360,324,18,"""Times New Roman"", Times, serif",0,0,0.000000,true
Похвала снам,different,praise-dreams,/different/praise-dreams,1,30,360,324,17,"""Times New Roman"", Times, serif",0,0,0.000000,true
Похвала снам,different,praise-dreams,/different/praise-dreams,1,30,360,324,16,"""Times New Roman"", Times, serif",0,0,0.000000,true
Похвала снам,different,praise-dreams,/different/praise-dreams,1,30,384,348,18,"""Times New Roman"", Times, serif",0,0,0.000000,true
Похвала снам,different,praise-dreams,/different/praise-dreams,1,30,384,348,17,"""Times New Roman"", Times, serif",0,0,0.000000,true
Похвала снам,different,praise-dreams,/different/praise-dreams,1,30,384,348,16,"""Times New Roman"", Times, serif",0,0,0.000000,true
Похвала снам,different,praise-dreams,/different/praise-dreams,1,30,390,354,18,"""Times New Roman"", Times, serif",0,0,0.000000,true
Похвала снам,different,praise-dreams,/different/praise-dreams,1,30,390,354,17,"""Times New Roman"", Times, serif",0,0,0.000000,true
Похвала снам,different,praise-dreams,/different/praise-dreams,1,30,390,354,16,"""Times New Roman"", Times, serif",0,0,0.000000,true
Похвала снам,different,praise-dreams,/different/praise-dreams,1,30,393,357,18,"""Times New Roman"", Times, serif",0,0,0.000000,true
Похвала снам,different,praise-dreams,/different/praise-dreams,1,30,393,357,17,"""Times New Roman"", Times, serif",0,0,0.000000,true
Похвала снам,different,praise-dreams,/different/praise-dreams,1,30,393,357,16,"""Times New Roman"", Times, serif",0,0,0.000000,true
Похвала снам,different,praise-dreams,/different/praise-dreams,1,30,414,378,18,"""Times New Roman"", Times, serif",0,0,0.000000,true
Похвала снам,different,praise-dreams,/different/praise-dreams,1,30,414,378,17,"""Times New Roman"", Times, serif",0,0,0.000000,true
Похвала снам,different,praise-dreams,/different/praise-dreams,1,30,414,378,16,"""Times New Roman"", Times, serif",0,0,0.000000,true
Похвала снам,different,praise-dreams,/different/praise-dreams,1,30,480,444,18,"""Times New Roman"", Times, serif",0,0,0.000000,true
Похвала снам,different,praise-dreams,/different/praise-dreams,1,30,480,444,17,"""Times New Roman"", Times, serif",0,0,0.000000,true
Похвала снам,different,praise-dreams,/different/praise-dreams,1,30,480,444,16,"""Times New Roman"", Times, serif",0,0,0.000000,true
Похвала снам,different,praise-dreams,/different/praise-dreams,1,30,500,464,18,"""Times New Roman"", Times, serif",0,0,0.000000,true
Похвала снам,different,praise-dreams,/different/praise-dreams,1,30,500,464,17,"""Times New Roman"", Times, serif",0,0,0.000000,true
Похвала снам,different,praise-dreams,/different/praise-dreams,1,30,500,464,16,"""Times New Roman"", Times, serif",0,0,0.000000,true
Похвала снам,different,praise-dreams,/different/praise-dreams,1,30,535,499,18,"""Times New Roman"", Times, serif",0,0,0.000000,true
Похвала снам,different,praise-dreams,/different/praise-dreams,1,30,535,499,17,"""Times New Roman"", Times, serif",0,0,0.000000,true
Похвала снам,different,praise-dreams,/different/praise-dreams,1,30,535,499,16,"""Times New Roman"", Times, serif",0,0,0.000000,true
Похвала снам,different,praise-dreams,/different/praise-dreams,1,30,536,500,18,"""Times New Roman"", Times, serif",0,0,0.000000,true
Похвала снам,different,praise-dreams,/different/praise-dreams,1,30,536,500,17,"""Times New Roman"", Times, serif",0,0,0.000000,true
Похвала снам,different,praise-dreams,/different/praise-dreams,1,30,536,500,16,"""Times New Roman"", Times, serif",0,0,0.000000,true
Похвала снам,different,praise-dreams,/different/praise-dreams,1,30,760,724,18,"""Times New Roman"", Times, serif",0,0,0.000000,true
Похвала снам,different,praise-dreams,/different/praise-dreams,1,30,760,724,17,"""Times New Roman"", Times, serif",0,0,0.000000,true
Похвала снам,different,praise-dreams,/different/praise-dreams,1,30,760,724,16,"""Times New Roman"", Times, serif",0,0,0.000000,true
Монолог для Кассандры,different,soliloquy-for-cassandra,/different/soliloquy-for-cassandra,3,129,320,284,18,"""Times New Roman"", Times, serif",43,43,0.333333,false
Монолог для Кассандры,different,soliloquy-for-cassandra,/different/soliloquy-for-cassandra,3,129,320,284,17,"""Times New Roman"", Times, serif",26,26,0.201550,false
Монолог для Кассандры,different,soliloquy-for-cassandra,/different/soliloquy-for-cassandra,3,129,320,284,16,"""Times New Roman"", Times, serif",19,19,0.147287,false
Монолог для Кассандры,different,soliloquy-for-cassandra,/different/soliloquy-for-cassandra,3,129,360,324,18,"""Times New Roman"", Times, serif",15,15,0.116279,false
Монолог для Кассандры,different,soliloquy-for-cassandra,/different/soliloquy-for-cassandra,3,129,360,324,17,"""Times New Roman"", Times, serif",9,9,0.069767,false
Монолог для Кассандры,different,soliloquy-for-cassandra,/different/soliloquy-for-cassandra,3,129,360,324,16,"""Times New Roman"", Times, serif",2,2,0.015504,false
Монолог для Кассандры,different,soliloquy-for-cassandra,/different/soliloquy-for-cassandra,3,129,384,348,18,"""Times New Roman"", Times, serif",8,8,0.062016,false
Монолог для Кассандры,different,soliloquy-for-cassandra,/different/soliloquy-for-cassandra,3,129,384,348,17,"""Times New Roman"", Times, serif",1,1,0.007752,false
Монолог для Кассандры,different,soliloquy-for-cassandra,/different/soliloquy-for-cassandra,3,129,384,348,16,"""Times New Roman"", Times, serif",1,1,0.007752,false
Монолог для Кассандры,different,soliloquy-for-cassandra,/different/soliloquy-for-cassandra,3,129,390,354,18,"""Times New Roman"", Times, serif",5,5,0.038760,false
Монолог для Кассандры,different,soliloquy-for-cassandra,/different/soliloquy-for-cassandra,3,129,390,354,17,"""Times New Roman"", Times, serif",1,1,0.007752,false
Монолог для Кассандры,different,soliloquy-for-cassandra,/different/soliloquy-for-cassandra,3,129,390,354,16,"""Times New Roman"", Times, serif",1,1,0.007752,false
Монолог для Кассандры,different,soliloquy-for-cassandra,/different/soliloquy-for-cassandra,3,129,393,357,18,"""Times New Roman"", Times, serif",4,4,0.031008,false
Монолог для Кассандры,different,soliloquy-for-cassandra,/different/soliloquy-for-cassandra,3,129,393,357,17,"""Times New Roman"", Times, serif",1,1,0.007752,false
Монолог для Кассандры,different,soliloquy-for-cassandra,/different/soliloquy-for-cassandra,3,129,393,357,16,"""Times New Roman"", Times, serif",1,1,0.007752,false
Монолог для Кассандры,different,soliloquy-for-cassandra,/different/soliloquy-for-cassandra,3,129,414,378,18,"""Times New Roman"", Times, serif",1,1,0.007752,false
Монолог для Кассандры,different,soliloquy-for-cassandra,/different/soliloquy-for-cassandra,3,129,414,378,17,"""Times New Roman"", Times, serif",1,1,0.007752,false
Монолог для Кассандры,different,soliloquy-for-cassandra,/different/soliloquy-for-cassandra,3,129,414,378,16,"""Times New Roman"", Times, serif",0,0,0.000000,true
Монолог для Кассандры,different,soliloquy-for-cassandra,/different/soliloquy-for-cassandra,3,129,480,444,18,"""Times New Roman"", Times, serif",0,0,0.000000,true
Монолог для Кассандры,different,soliloquy-for-cassandra,/different/soliloquy-for-cassandra,3,129,480,444,17,"""Times New Roman"", Times, serif",0,0,0.000000,true
Монолог для Кассандры,different,soliloquy-for-cassandra,/different/soliloquy-for-cassandra,3,129,480,444,16,"""Times New Roman"", Times, serif",0,0,0.000000,true
Монолог для Кассандры,different,soliloquy-for-cassandra,/different/soliloquy-for-cassandra,3,129,500,464,18,"""Times New Roman"", Times, serif",0,0,0.000000,true
Монолог для Кассандры,different,soliloquy-for-cassandra,/different/soliloquy-for-cassandra,3,129,500,464,17,"""Times New Roman"", Times, serif",0,0,0.000000,true
Монолог для Кассандры,different,soliloquy-for-cassandra,/different/soliloquy-for-cassandra,3,129,500,464,16,"""Times New Roman"", Times, serif",0,0,0.000000,true
Монолог для Кассандры,different,soliloquy-for-cassandra,/different/soliloquy-for-cassandra,3,129,535,499,18,"""Times New Roman"", Times, serif",0,0,0.000000,true
Монолог для Кассандры,different,soliloquy-for-cassandra,/different/soliloquy-for-cassandra,3,129,535,499,17,"""Times New Roman"", Times, serif",0,0,0.000000,true
Монолог для Кассандры,different,soliloquy-for-cassandra,/different/soliloquy-for-cassandra,3,129,535,499,16,"""Times New Roman"", Times, serif",0,0,0.000000,true
Монолог для Кассандры,different,soliloquy-for-cassandra,/different/soliloquy-for-cassandra,3,129,536,500,18,"""Times New Roman"", Times, serif",0,0,0.000000,true
Монолог для Кассандры,different,soliloquy-for-cassandra,/different/soliloquy-for-cassandra,3,129,536,500,17,"""Times New Roman"", Times, serif",0,0,0.000000,true
Монолог для Кассандры,different,soliloquy-for-cassandra,/different/soliloquy-for-cassandra,3,129,536,500,16,"""Times New Roman"", Times, serif",0,0,0.000000,true
Монолог для Кассандры,different,soliloquy-for-cassandra,/different/soliloquy-for-cassandra,3,129,760,724,18,"""Times New Roman"", Times, serif",0,0,0.000000,true
Монолог для Кассандры,different,soliloquy-for-cassandra,/different/soliloquy-for-cassandra,3,129,760,724,17,"""Times New Roman"", Times, serif",0,0,0.000000,true
Монолог для Кассандры,different,soliloquy-for-cassandra,/different/soliloquy-for-cassandra,3,129,760,724,16,"""Times New Roman"", Times, serif",0,0,0.000000,true
Тень,different,shadow,/different/shadow,6,132,320,284,18,"""Times New Roman"", Times, serif",3,3,0.022727,false
Тень,different,shadow,/different/shadow,6,132,320,284,17,"""Times New Roman"", Times, serif",2,2,0.015152,false
Тень,different,shadow,/different/shadow,6,132,320,284,16,"""Times New Roman"", Times, serif",1,1,0.007576,false
Тень,different,shadow,/different/shadow,6,132,360,324,18,"""Times New Roman"", Times, serif",1,1,0.007576,false
Тень,different,shadow,/different/shadow,6,132,360,324,17,"""Times New Roman"", Times, serif",1,1,0.007576,false
Тень,different,shadow,/different/shadow,6,132,360,324,16,"""Times New Roman"", Times, serif",0,0,0.000000,true
Тень,different,shadow,/different/shadow,6,132,384,348,18,"""Times New Roman"", Times, serif",1,1,0.007576,false
Тень,different,shadow,/different/shadow,6,132,384,348,17,"""Times New Roman"", Times, serif",0,0,0.000000,true
Тень,different,shadow,/different/shadow,6,132,384,348,16,"""Times New Roman"", Times, serif",0,0,0.000000,true
Тень,different,shadow,/different/shadow,6,132,390,354,18,"""Times New Roman"", Times, serif",1,1,0.007576,false
Тень,different,shadow,/different/shadow,6,132,390,354,17,"""Times New Roman"", Times, serif",0,0,0.000000,true
Тень,different,shadow,/different/shadow,6,132,390,354,16,"""Times New Roman"", Times, serif",0,0,0.000000,true
Тень,different,shadow,/different/shadow,6,132,393,357,18,"""Times New Roman"", Times, serif",1,1,0.007576,false
Тень,different,shadow,/different/shadow,6,132,393,357,17,"""Times New Roman"", Times, serif",0,0,0.000000,true
Тень,different,shadow,/different/shadow,6,132,393,357,16,"""Times New Roman"", Times, serif",0,0,0.000000,true
Тень,different,shadow,/different/shadow,6,132,414,378,18,"""Times New Roman"", Times, serif",0,0,0.000000,true
Тень,different,shadow,/different/shadow,6,132,414,378,17,"""Times New Roman"", Times, serif",0,0,0.000000,true
Тень,different,shadow,/different/shadow,6,132,414,378,16,"""Times New Roman"", Times, serif",0,0,0.000000,true
Тень,different,shadow,/different/shadow,6,132,480,444,18,"""Times New Roman"", Times, serif",0,0,0.000000,true
Тень,different,shadow,/different/shadow,6,132,480,444,17,"""Times New Roman"", Times, serif",0,0,0.000000,true
Тень,different,shadow,/different/shadow,6,132,480,444,16,"""Times New Roman"", Times, serif",0,0,0.000000,true
Тень,different,shadow,/different/shadow,6,132,500,464,18,"""Times New Roman"", Times, serif",0,0,0.000000,true
Тень,different,shadow,/different/shadow,6,132,500,464,17,"""Times New Roman"", Times, serif",0,0,0.000000,true
Тень,different,shadow,/different/shadow,6,132,500,464,16,"""Times New Roman"", Times, serif",0,0,0.000000,true
Тень,different,shadow,/different/shadow,6,132,535,499,18,"""Times New Roman"", Times, serif",0,0,0.000000,true
Тень,different,shadow,/different/shadow,6,132,535,499,17,"""Times New Roman"", Times, serif",0,0,0.000000,true
Тень,different,shadow,/different/shadow,6,132,535,499,16,"""Times New Roman"", Times, serif",0,0,0.000000,true
Тень,different,shadow,/different/shadow,6,132,536,500,18,"""Times New Roman"", Times, serif",0,0,0.000000,true
Тень,different,shadow,/different/shadow,6,132,536,500,17,"""Times New Roman"", Times, serif",0,0,0.000000,true
Тень,different,shadow,/different/shadow,6,132,536,500,16,"""Times New Roman"", Times, serif",0,0,0.000000,true
Тень,different,shadow,/different/shadow,6,132,760,724,18,"""Times New Roman"", Times, serif",0,0,0.000000,true
Тень,different,shadow,/different/shadow,6,132,760,724,17,"""Times New Roman"", Times, serif",0,0,0.000000,true
Тень,different,shadow,/different/shadow,6,132,760,724,16,"""Times New Roman"", Times, serif",0,0,0.000000,true
Утопия,different,utopia,/different/utopia,6,143,320,284,18,"""Times New Roman"", Times, serif",78,78,0.545455,false
Утопия,different,utopia,/different/utopia,6,143,320,284,17,"""Times New Roman"", Times, serif",57,57,0.398601,false
Утопия,different,utopia,/different/utopia,6,143,320,284,16,"""Times New Roman"", Times, serif",38,38,0.265734,false
Утопия,different,utopia,/different/utopia,6,143,360,324,18,"""Times New Roman"", Times, serif",33,33,0.230769,false
Утопия,different,utopia,/different/utopia,6,143,360,324,17,"""Times New Roman"", Times, serif",27,27,0.188811,false
Утопия,different,utopia,/different/utopia,6,143,360,324,16,"""Times New Roman"", Times, serif",16,16,0.111888,false
Утопия,different,utopia,/different/utopia,6,143,384,348,18,"""Times New Roman"", Times, serif",22,22,0.153846,false
Утопия,different,utopia,/different/utopia,6,143,384,348,17,"""Times New Roman"", Times, serif",15,15,0.104895,false
Утопия,different,utopia,/different/utopia,6,143,384,348,16,"""Times New Roman"", Times, serif",8,8,0.055944,false
Утопия,different,utopia,/different/utopia,6,143,390,354,18,"""Times New Roman"", Times, serif",18,18,0.125874,false
Утопия,different,utopia,/different/utopia,6,143,390,354,17,"""Times New Roman"", Times, serif",13,13,0.090909,false
Утопия,different,utopia,/different/utopia,6,143,390,354,16,"""Times New Roman"", Times, serif",7,7,0.048951,false
Утопия,different,utopia,/different/utopia,6,143,393,357,18,"""Times New Roman"", Times, serif",17,17,0.118881,false
Утопия,different,utopia,/different/utopia,6,143,393,357,17,"""Times New Roman"", Times, serif",12,12,0.083916,false
Утопия,different,utopia,/different/utopia,6,143,393,357,16,"""Times New Roman"", Times, serif",7,7,0.048951,false
Утопия,different,utopia,/different/utopia,6,143,414,378,18,"""Times New Roman"", Times, serif",12,12,0.083916,false
Утопия,different,utopia,/different/utopia,6,143,414,378,17,"""Times New Roman"", Times, serif",7,7,0.048951,false
Утопия,different,utopia,/different/utopia,6,143,414,378,16,"""Times New Roman"", Times, serif",3,3,0.020979,false
Утопия,different,utopia,/different/utopia,6,143,480,444,18,"""Times New Roman"", Times, serif",1,1,0.006993,false
Утопия,different,utopia,/different/utopia,6,143,480,444,17,"""Times New Roman"", Times, serif",1,1,0.006993,false
Утопия,different,utopia,/different/utopia,6,143,480,444,16,"""Times New Roman"", Times, serif",0,0,0.000000,true
Утопия,different,utopia,/different/utopia,6,143,500,464,18,"""Times New Roman"", Times, serif",1,1,0.006993,false
Утопия,different,utopia,/different/utopia,6,143,500,464,17,"""Times New Roman"", Times, serif",0,0,0.000000,true
Утопия,different,utopia,/different/utopia,6,143,500,464,16,"""Times New Roman"", Times, serif",0,0,0.000000,true
Утопия,different,utopia,/different/utopia,6,143,535,499,18,"""Times New Roman"", Times, serif",0,0,0.000000,true
Утопия,different,utopia,/different/utopia,6,143,535,499,17,"""Times New Roman"", Times, serif",0,0,0.000000,true
Утопия,different,utopia,/different/utopia,6,143,535,499,16,"""Times New Roman"", Times, serif",0,0,0.000000,true
Утопия,different,utopia,/different/utopia,6,143,536,500,18,"""Times New Roman"", Times, serif",0,0,0.000000,true
Утопия,different,utopia,/different/utopia,6,143,536,500,17,"""Times New Roman"", Times, serif",0,0,0.000000,true
Утопия,different,utopia,/different/utopia,6,143,536,500,16,"""Times New Roman"", Times, serif",0,0,0.000000,true
Утопия,different,utopia,/different/utopia,6,143,760,724,18,"""Times New Roman"", Times, serif",0,0,0.000000,true
Утопия,different,utopia,/different/utopia,6,143,760,724,17,"""Times New Roman"", Times, serif",0,0,0.000000,true
Утопия,different,utopia,/different/utopia,6,143,760,724,16,"""Times New Roman"", Times, serif",0,0,0.000000,true
Пытки,different,torture,/different/torture,2,72,320,284,18,"""Times New Roman"", Times, serif",33,33,0.458333,false
Пытки,different,torture,/different/torture,2,72,320,284,17,"""Times New Roman"", Times, serif",22,22,0.305556,false
Пытки,different,torture,/different/torture,2,72,320,284,16,"""Times New Roman"", Times, serif",14,14,0.194444,false
Пытки,different,torture,/different/torture,2,72,360,324,18,"""Times New Roman"", Times, serif",13,13,0.180556,false
Пытки,different,torture,/different/torture,2,72,360,324,17,"""Times New Roman"", Times, serif",7,7,0.097222,false
Пытки,different,torture,/different/torture,2,72,360,324,16,"""Times New Roman"", Times, serif",4,4,0.055556,false
Пытки,different,torture,/different/torture,2,72,384,348,18,"""Times New Roman"", Times, serif",7,7,0.097222,false
Пытки,different,torture,/different/torture,2,72,384,348,17,"""Times New Roman"", Times, serif",4,4,0.055556,false
Пытки,different,torture,/different/torture,2,72,384,348,16,"""Times New Roman"", Times, serif",3,3,0.041667,false
Пытки,different,torture,/different/torture,2,72,390,354,18,"""Times New Roman"", Times, serif",6,6,0.083333,false
Пытки,different,torture,/different/torture,2,72,390,354,17,"""Times New Roman"", Times, serif",4,4,0.055556,false
Пытки,different,torture,/different/torture,2,72,390,354,16,"""Times New Roman"", Times, serif",2,2,0.027778,false
Пытки,different,torture,/different/torture,2,72,393,357,18,"""Times New Roman"", Times, serif",5,5,0.069444,false
Пытки,different,torture,/different/torture,2,72,393,357,17,"""Times New Roman"", Times, serif",4,4,0.055556,false
Пытки,different,torture,/different/torture,2,72,393,357,16,"""Times New Roman"", Times, serif",2,2,0.027778,false
Пытки,different,torture,/different/torture,2,72,414,378,18,"""Times New Roman"", Times, serif",4,4,0.055556,false
Пытки,different,torture,/different/torture,2,72,414,378,17,"""Times New Roman"", Times, serif",2,2,0.027778,false
Пытки,different,torture,/different/torture,2,72,414,378,16,"""Times New Roman"", Times, serif",0,0,0.000000,true
Пытки,different,torture,/different/torture,2,72,480,444,18,"""Times New Roman"", Times, serif",0,0,0.000000,true
Пытки,different,torture,/different/torture,2,72,480,444,17,"""Times New Roman"", Times, serif",0,0,0.000000,true
Пытки,different,torture,/different/torture,2,72,480,444,16,"""Times New Roman"", Times, serif",0,0,0.000000,true
Пытки,different,torture,/different/torture,2,72,500,464,18,"""Times New Roman"", Times, serif",0,0,0.000000,true
Пытки,different,torture,/different/torture,2,72,500,464,17,"""Times New Roman"", Times, serif",0,0,0.000000,true
Пытки,different,torture,/different/torture,2,72,500,464,16,"""Times New Roman"", Times, serif",0,0,0.000000,true
Пытки,different,torture,/different/torture,2,72,535,499,18,"""Times New Roman"", Times, serif",0,0,0.000000,true
Пытки,different,torture,/different/torture,2,72,535,499,17,"""Times New Roman"", Times, serif",0,0,0.000000,true
Пытки,different,torture,/different/torture,2,72,535,499,16,"""Times New Roman"", Times, serif",0,0,0.000000,true
Пытки,different,torture,/different/torture,2,72,536,500,18,"""Times New Roman"", Times, serif",0,0,0.000000,true
Пытки,different,torture,/different/torture,2,72,536,500,17,"""Times New Roman"", Times, serif",0,0,0.000000,true
Пытки,different,torture,/different/torture,2,72,536,500,16,"""Times New Roman"", Times, serif",0,0,0.000000,true
Пытки,different,torture,/different/torture,2,72,760,724,18,"""Times New Roman"", Times, serif",0,0,0.000000,true
Пытки,different,torture,/different/torture,2,72,760,724,17,"""Times New Roman"", Times, serif",0,0,0.000000,true
Пытки,different,torture,/different/torture,2,72,760,724,16,"""Times New Roman"", Times, serif",0,0,0.000000,true
Впечатление от театра,different,impression-of-the-theater,/different/impression-of-the-theater,3,96,320,284,18,"""Times New Roman"", Times, serif",49,49,0.510417,false
Впечатление от театра,different,impression-of-the-theater,/different/impression-of-the-theater,3,96,320,284,17,"""Times New Roman"", Times, serif",38,38,0.395833,false
Впечатление от театра,different,impression-of-the-theater,/different/impression-of-the-theater,3,96,320,284,16,"""Times New Roman"", Times, serif",28,28,0.291667,false
Впечатление от театра,different,impression-of-the-theater,/different/impression-of-the-theater,3,96,360,324,18,"""Times New Roman"", Times, serif",26,26,0.270833,false
Впечатление от театра,different,impression-of-the-theater,/different/impression-of-the-theater,3,96,360,324,17,"""Times New Roman"", Times, serif",22,22,0.229167,false
Впечатление от театра,different,impression-of-the-theater,/different/impression-of-the-theater,3,96,360,324,16,"""Times New Roman"", Times, serif",9,9,0.093750,false
Впечатление от театра,different,impression-of-the-theater,/different/impression-of-the-theater,3,96,384,348,18,"""Times New Roman"", Times, serif",18,18,0.187500,false
Впечатление от театра,different,impression-of-the-theater,/different/impression-of-the-theater,3,96,384,348,17,"""Times New Roman"", Times, serif",9,9,0.093750,false
Впечатление от театра,different,impression-of-the-theater,/different/impression-of-the-theater,3,96,384,348,16,"""Times New Roman"", Times, serif",2,2,0.020833,false
Впечатление от театра,different,impression-of-the-theater,/different/impression-of-the-theater,3,96,390,354,18,"""Times New Roman"", Times, serif",16,16,0.166667,false
Впечатление от театра,different,impression-of-the-theater,/different/impression-of-the-theater,3,96,390,354,17,"""Times New Roman"", Times, serif",9,9,0.093750,false
Впечатление от театра,different,impression-of-the-theater,/different/impression-of-the-theater,3,96,390,354,16,"""Times New Roman"", Times, serif",1,1,0.010417,false
Впечатление от театра,different,impression-of-the-theater,/different/impression-of-the-theater,3,96,393,357,18,"""Times New Roman"", Times, serif",14,14,0.145833,false
Впечатление от театра,different,impression-of-the-theater,/different/impression-of-the-theater,3,96,393,357,17,"""Times New Roman"", Times, serif",6,6,0.062500,false
Впечатление от театра,different,impression-of-the-theater,/different/impression-of-the-theater,3,96,393,357,16,"""Times New Roman"", Times, serif",0,0,0.000000,true
Впечатление от театра,different,impression-of-the-theater,/different/impression-of-the-theater,3,96,414,378,18,"""Times New Roman"", Times, serif",6,6,0.062500,false
Впечатление от театра,different,impression-of-the-theater,/different/impression-of-the-theater,3,96,414,378,17,"""Times New Roman"", Times, serif",0,0,0.000000,true
Впечатление от театра,different,impression-of-the-theater,/different/impression-of-the-theater,3,96,414,378,16,"""Times New Roman"", Times, serif",0,0,0.000000,true
Впечатление от театра,different,impression-of-the-theater,/different/impression-of-the-theater,3,96,480,444,18,"""Times New Roman"", Times, serif",0,0,0.000000,true
Впечатление от театра,different,impression-of-the-theater,/different/impression-of-the-theater,3,96,480,444,17,"""Times New Roman"", Times, serif",0,0,0.000000,true
Впечатление от театра,different,impression-of-the-theater,/different/impression-of-the-theater,3,96,480,444,16,"""Times New Roman"", Times, serif",0,0,0.000000,true
Впечатление от театра,different,impression-of-the-theater,/different/impression-of-the-theater,3,96,500,464,18,"""Times New Roman"", Times, serif",0,0,0.000000,true
Впечатление от театра,different,impression-of-the-theater,/different/impression-of-the-theater,3,96,500,464,17,"""Times New Roman"", Times, serif",0,0,0.000000,true
Впечатление от театра,different,impression-of-the-theater,/different/impression-of-the-theater,3,96,500,464,16,"""Times New Roman"", Times, serif",0,0,0.000000,true
Впечатление от театра,different,impression-of-the-theater,/different/impression-of-the-theater,3,96,535,499,18,"""Times New Roman"", Times, serif",0,0,0.000000,true
Впечатление от театра,different,impression-of-the-theater,/different/impression-of-the-theater,3,96,535,499,17,"""Times New Roman"", Times, serif",0,0,0.000000,true
Впечатление от театра,different,impression-of-the-theater,/different/impression-of-the-theater,3,96,535,499,16,"""Times New Roman"", Times, serif",0,0,0.000000,true
Впечатление от театра,different,impression-of-the-theater,/different/impression-of-the-theater,3,96,536,500,18,"""Times New Roman"", Times, serif",0,0,0.000000,true
Впечатление от театра,different,impression-of-the-theater,/different/impression-of-the-theater,3,96,536,500,17,"""Times New Roman"", Times, serif",0,0,0.000000,true
Впечатление от театра,different,impression-of-the-theater,/different/impression-of-the-theater,3,96,536,500,16,"""Times New Roman"", Times, serif",0,0,0.000000,true
Впечатление от театра,different,impression-of-the-theater,/different/impression-of-the-theater,3,96,760,724,18,"""Times New Roman"", Times, serif",0,0,0.000000,true
Впечатление от театра,different,impression-of-the-theater,/different/impression-of-the-theater,3,96,760,724,17,"""Times New Roman"", Times, serif",0,0,0.000000,true
Впечатление от театра,different,impression-of-the-theater,/different/impression-of-the-theater,3,96,760,724,16,"""Times New Roman"", Times, serif",0,0,0.000000,true
Явь,different,reality,/different/reality,1,53,320,284,18,"""Times New Roman"", Times, serif",0,0,0.000000,true
Явь,different,reality,/different/reality,1,53,320,284,17,"""Times New Roman"", Times, serif",0,0,0.000000,true
Явь,different,reality,/different/reality,1,53,320,284,16,"""Times New Roman"", Times, serif",0,0,0.000000,true
Явь,different,reality,/different/reality,1,53,360,324,18,"""Times New Roman"", Times, serif",0,0,0.000000,true
Явь,different,reality,/different/reality,1,53,360,324,17,"""Times New Roman"", Times, serif",0,0,0.000000,true
Явь,different,reality,/different/reality,1,53,360,324,16,"""Times New Roman"", Times, serif",0,0,0.000000,true
Явь,different,reality,/different/reality,1,53,384,348,18,"""Times New Roman"", Times, serif",0,0,0.000000,true
Явь,different,reality,/different/reality,1,53,384,348,17,"""Times New Roman"", Times, serif",0,0,0.000000,true
Явь,different,reality,/different/reality,1,53,384,348,16,"""Times New Roman"", Times, serif",0,0,0.000000,true
Явь,different,reality,/different/reality,1,53,390,354,18,"""Times New Roman"", Times, serif",0,0,0.000000,true
Явь,different,reality,/different/reality,1,53,390,354,17,"""Times New Roman"", Times, serif",0,0,0.000000,true
Явь,different,reality,/different/reality,1,53,390,354,16,"""Times New Roman"", Times, serif",0,0,0.000000,true
Явь,different,reality,/different/reality,1,53,393,357,18,"""Times New Roman"", Times, serif",0,0,0.000000,true
Явь,different,reality,/different/reality,1,53,393,357,17,"""Times New Roman"", Times, serif",0,0,0.000000,true
Явь,different,reality,/different/reality,1,53,393,357,16,"""Times New Roman"", Times, serif",0,0,0.000000,true
Явь,different,reality,/different/reality,1,53,414,378,18,"""Times New Roman"", Times, serif",0,0,0.000000,true
Явь,different,reality,/different/reality,1,53,414,378,17,"""Times New Roman"", Times, serif",0,0,0.000000,true
Явь,different,reality,/different/reality,1,53,414,378,16,"""Times New Roman"", Times, serif",0,0,0.000000,true
Явь,different,reality,/different/reality,1,53,480,444,18,"""Times New Roman"", Times, serif",0,0,0.000000,true
Явь,different,reality,/different/reality,1,53,480,444,17,"""Times New Roman"", Times, serif",0,0,0.000000,true
Явь,different,reality,/different/reality,1,53,480,444,16,"""Times New Roman"", Times, serif",0,0,0.000000,true
Явь,different,reality,/different/reality,1,53,500,464,18,"""Times New Roman"", Times, serif",0,0,0.000000,true
Явь,different,reality,/different/reality,1,53,500,464,17,"""Times New Roman"", Times, serif",0,0,0.000000,true
Явь,different,reality,/different/reality,1,53,500,464,16,"""Times New Roman"", Times, serif",0,0,0.000000,true
Явь,different,reality,/different/reality,1,53,535,499,18,"""Times New Roman"", Times, serif",0,0,0.000000,true
Явь,different,reality,/different/reality,1,53,535,499,17,"""Times New Roman"", Times, serif",0,0,0.000000,true
Явь,different,reality,/different/reality,1,53,535,499,16,"""Times New Roman"", Times, serif",0,0,0.000000,true
Явь,different,reality,/different/reality,1,53,536,500,18,"""Times New Roman"", Times, serif",0,0,0.000000,true
Явь,different,reality,/different/reality,1,53,536,500,17,"""Times New Roman"", Times, serif",0,0,0.000000,true
Явь,different,reality,/different/reality,1,53,536,500,16,"""Times New Roman"", Times, serif",0,0,0.000000,true
Явь,different,reality,/different/reality,1,53,760,724,18,"""Times New Roman"", Times, serif",0,0,0.000000,true
Явь,different,reality,/different/reality,1,53,760,724,17,"""Times New Roman"", Times, serif",0,0,0.000000,true
Явь,different,reality,/different/reality,1,53,760,724,16,"""Times New Roman"", Times, serif",0,0,0.000000,true
Я слишком близко,different,im-too-close,/different/im-too-close,3,104,320,284,18,"""Times New Roman"", Times, serif",43,43,0.413462,false
Я слишком близко,different,im-too-close,/different/im-too-close,3,104,320,284,17,"""Times New Roman"", Times, serif",29,29,0.278846,false
Я слишком близко,different,im-too-close,/different/im-too-close,3,104,320,284,16,"""Times New Roman"", Times, serif",15,15,0.144231,false
Я слишком близко,different,im-too-close,/different/im-too-close,3,104,360,324,18,"""Times New Roman"", Times, serif",12,12,0.115385,false
Я слишком близко,different,im-too-close,/different/im-too-close,3,104,360,324,17,"""Times New Roman"", Times, serif",8,8,0.076923,false
Я слишком близко,different,im-too-close,/different/im-too-close,3,104,360,324,16,"""Times New Roman"", Times, serif",5,5,0.048077,false
Я слишком близко,different,im-too-close,/different/im-too-close,3,104,384,348,18,"""Times New Roman"", Times, serif",7,7,0.067308,false
Я слишком близко,different,im-too-close,/different/im-too-close,3,104,384,348,17,"""Times New Roman"", Times, serif",5,5,0.048077,false
Я слишком близко,different,im-too-close,/different/im-too-close,3,104,384,348,16,"""Times New Roman"", Times, serif",2,2,0.019231,false
Я слишком близко,different,im-too-close,/different/im-too-close,3,104,390,354,18,"""Times New Roman"", Times, serif",5,5,0.048077,false
Я слишком близко,different,im-too-close,/different/im-too-close,3,104,390,354,17,"""Times New Roman"", Times, serif",4,4,0.038462,false
Я слишком близко,different,im-too-close,/different/im-too-close,3,104,390,354,16,"""Times New Roman"", Times, serif",2,2,0.019231,false
Я слишком близко,different,im-too-close,/different/im-too-close,3,104,393,357,18,"""Times New Roman"", Times, serif",5,5,0.048077,false
Я слишком близко,different,im-too-close,/different/im-too-close,3,104,393,357,17,"""Times New Roman"", Times, serif",4,4,0.038462,false
Я слишком близко,different,im-too-close,/different/im-too-close,3,104,393,357,16,"""Times New Roman"", Times, serif",2,2,0.019231,false
Я слишком близко,different,im-too-close,/different/im-too-close,3,104,414,378,18,"""Times New Roman"", Times, serif",4,4,0.038462,false
Я слишком близко,different,im-too-close,/different/im-too-close,3,104,414,378,17,"""Times New Roman"", Times, serif",2,2,0.019231,false
Я слишком близко,different,im-too-close,/different/im-too-close,3,104,414,378,16,"""Times New Roman"", Times, serif",1,1,0.009615,false
Я слишком близко,different,im-too-close,/different/im-too-close,3,104,480,444,18,"""Times New Roman"", Times, serif",1,1,0.009615,false
Я слишком близко,different,im-too-close,/different/im-too-close,3,104,480,444,17,"""Times New Roman"", Times, serif",0,0,0.000000,true
Я слишком близко,different,im-too-close,/different/im-too-close,3,104,480,444,16,"""Times New Roman"", Times, serif",0,0,0.000000,true
Я слишком близко,different,im-too-close,/different/im-too-close,3,104,500,464,18,"""Times New Roman"", Times, serif",1,1,0.009615,false
Я слишком близко,different,im-too-close,/different/im-too-close,3,104,500,464,17,"""Times New Roman"", Times, serif",0,0,0.000000,true
Я слишком близко,different,im-too-close,/different/im-too-close,3,104,500,464,16,"""Times New Roman"", Times, serif",0,0,0.000000,true
Я слишком близко,different,im-too-close,/different/im-too-close,3,104,535,499,18,"""Times New Roman"", Times, serif",0,0,0.000000,true
Я слишком близко,different,im-too-close,/different/im-too-close,3,104,535,499,17,"""Times New Roman"", Times, serif",0,0,0.000000,true
Я слишком близко,different,im-too-close,/different/im-too-close,3,104,535,499,16,"""Times New Roman"", Times, serif",0,0,0.000000,true
Я слишком близко,different,im-too-close,/different/im-too-close,3,104,536,500,18,"""Times New Roman"", Times, serif",0,0,0.000000,true
Я слишком близко,different,im-too-close,/different/im-too-close,3,104,536,500,17,"""Times New Roman"", Times, serif",0,0,0.000000,true
Я слишком близко,different,im-too-close,/different/im-too-close,3,104,536,500,16,"""Times New Roman"", Times, serif",0,0,0.000000,true
Я слишком близко,different,im-too-close,/different/im-too-close,3,104,760,724,18,"""Times New Roman"", Times, serif",0,0,0.000000,true
Я слишком близко,different,im-too-close,/different/im-too-close,3,104,760,724,17,"""Times New Roman"", Times, serif",0,0,0.000000,true
Я слишком близко,different,im-too-close,/different/im-too-close,3,104,760,724,16,"""Times New Roman"", Times, serif",0,0,0.000000,true
Первая фотография Гитлера,different,first-picture-of-hitler,/different/first-picture-of-hitler,2,66,320,284,18,"""Times New Roman"", Times, serif",48,48,0.727273,false
Первая фотография Гитлера,different,first-picture-of-hitler,/different/first-picture-of-hitler,2,66,320,284,17,"""Times New Roman"", Times, serif",44,44,0.666667,false
Первая фотография Гитлера,different,first-picture-of-hitler,/different/first-picture-of-hitler,2,66,320,284,16,"""Times New Roman"", Times, serif",30,30,0.454545,false
Первая фотография Гитлера,different,first-picture-of-hitler,/different/first-picture-of-hitler,2,66,360,324,18,"""Times New Roman"", Times, serif",24,24,0.363636,false
Первая фотография Гитлера,different,first-picture-of-hitler,/different/first-picture-of-hitler,2,66,360,324,17,"""Times New Roman"", Times, serif",13,13,0.196970,false
Первая фотография Гитлера,different,first-picture-of-hitler,/different/first-picture-of-hitler,2,66,360,324,16,"""Times New Roman"", Times, serif",3,3,0.045455,false
Первая фотография Гитлера,different,first-picture-of-hitler,/different/first-picture-of-hitler,2,66,384,348,18,"""Times New Roman"", Times, serif",12,12,0.181818,false
Первая фотография Гитлера,different,first-picture-of-hitler,/different/first-picture-of-hitler,2,66,384,348,17,"""Times New Roman"", Times, serif",3,3,0.045455,false
Первая фотография Гитлера,different,first-picture-of-hitler,/different/first-picture-of-hitler,2,66,384,348,16,"""Times New Roman"", Times, serif",0,0,0.000000,true
Первая фотография Гитлера,different,first-picture-of-hitler,/different/first-picture-of-hitler,2,66,390,354,18,"""Times New Roman"", Times, serif",9,9,0.136364,false
Первая фотография Гитлера,different,first-picture-of-hitler,/different/first-picture-of-hitler,2,66,390,354,17,"""Times New Roman"", Times, serif",3,3,0.045455,false
Первая фотография Гитлера,different,first-picture-of-hitler,/different/first-picture-of-hitler,2,66,390,354,16,"""Times New Roman"", Times, serif",0,0,0.000000,true
Первая фотография Гитлера,different,first-picture-of-hitler,/different/first-picture-of-hitler,2,66,393,357,18,"""Times New Roman"", Times, serif",7,7,0.106061,false
Первая фотография Гитлера,different,first-picture-of-hitler,/different/first-picture-of-hitler,2,66,393,357,17,"""Times New Roman"", Times, serif",2,2,0.030303,false
Первая фотография Гитлера,different,first-picture-of-hitler,/different/first-picture-of-hitler,2,66,393,357,16,"""Times New Roman"", Times, serif",0,0,0.000000,true
Первая фотография Гитлера,different,first-picture-of-hitler,/different/first-picture-of-hitler,2,66,414,378,18,"""Times New Roman"", Times, serif",2,2,0.030303,false
Первая фотография Гитлера,different,first-picture-of-hitler,/different/first-picture-of-hitler,2,66,414,378,17,"""Times New Roman"", Times, serif",0,0,0.000000,true
Первая фотография Гитлера,different,first-picture-of-hitler,/different/first-picture-of-hitler,2,66,414,378,16,"""Times New Roman"", Times, serif",0,0,0.000000,true
Первая фотография Гитлера,different,first-picture-of-hitler,/different/first-picture-of-hitler,2,66,480,444,18,"""Times New Roman"", Times, serif",0,0,0.000000,true
Первая фотография Гитлера,different,first-picture-of-hitler,/different/first-picture-of-hitler,2,66,480,444,17,"""Times New Roman"", Times, serif",0,0,0.000000,true
Первая фотография Гитлера,different,first-picture-of-hitler,/different/first-picture-of-hitler,2,66,480,444,16,"""Times New Roman"", Times, serif",0,0,0.000000,true
Первая фотография Гитлера,different,first-picture-of-hitler,/different/first-picture-of-hitler,2,66,500,464,18,"""Times New Roman"", Times, serif",0,0,0.000000,true
Первая фотография Гитлера,different,first-picture-of-hitler,/different/first-picture-of-hitler,2,66,500,464,17,"""Times New Roman"", Times, serif",0,0,0.000000,true
Первая фотография Гитлера,different,first-picture-of-hitler,/different/first-picture-of-hitler,2,66,500,464,16,"""Times New Roman"", Times, serif",0,0,0.000000,true
Первая фотография Гитлера,different,first-picture-of-hitler,/different/first-picture-of-hitler,2,66,535,499,18,"""Times New Roman"", Times, serif",0,0,0.000000,true
Первая фотография Гитлера,different,first-picture-of-hitler,/different/first-picture-of-hitler,2,66,535,499,17,"""Times New Roman"", Times, serif",0,0,0.000000,true
Первая фотография Гитлера,different,first-picture-of-hitler,/different/first-picture-of-hitler,2,66,535,499,16,"""Times New Roman"", Times, serif",0,0,0.000000,true
Первая фотография Гитлера,different,first-picture-of-hitler,/different/first-picture-of-hitler,2,66,536,500,18,"""Times New Roman"", Times, serif",0,0,0.000000,true
Первая фотография Гитлера,different,first-picture-of-hitler,/different/first-picture-of-hitler,2,66,536,500,17,"""Times New Roman"", Times, serif",0,0,0.000000,true
Первая фотография Гитлера,different,first-picture-of-hitler,/different/first-picture-of-hitler,2,66,536,500,16,"""Times New Roman"", Times, serif",0,0,0.000000,true
Первая фотография Гитлера,different,first-picture-of-hitler,/different/first-picture-of-hitler,2,66,760,724,18,"""Times New Roman"", Times, serif",0,0,0.000000,true
Первая фотография Гитлера,different,first-picture-of-hitler,/different/first-picture-of-hitler,2,66,760,724,17,"""Times New Roman"", Times, serif",0,0,0.000000,true
Первая фотография Гитлера,different,first-picture-of-hitler,/different/first-picture-of-hitler,2,66,760,724,16,"""Times New Roman"", Times, serif",0,0,0.000000,true
Элегическая арифметика,different,elegiac-arithmetic,/different/elegiac-arithmetic,2,86,320,284,18,"""Times New Roman"", Times, serif",7,7,0.081395,false
Элегическая арифметика,different,elegiac-arithmetic,/different/elegiac-arithmetic,2,86,320,284,17,"""Times New Roman"", Times, serif",4,4,0.046512,false
Элегическая арифметика,different,elegiac-arithmetic,/different/elegiac-arithmetic,2,86,320,284,16,"""Times New Roman"", Times, serif",3,3,0.034884,false
Элегическая арифметика,different,elegiac-arithmetic,/different/elegiac-arithmetic,2,86,360,324,18,"""Times New Roman"", Times, serif",3,3,0.034884,false
Элегическая арифметика,different,elegiac-arithmetic,/different/elegiac-arithmetic,2,86,360,324,17,"""Times New Roman"", Times, serif",2,2,0.023256,false
Элегическая арифметика,different,elegiac-arithmetic,/different/elegiac-arithmetic,2,86,360,324,16,"""Times New Roman"", Times, serif",0,0,0.000000,true
Элегическая арифметика,different,elegiac-arithmetic,/different/elegiac-arithmetic,2,86,384,348,18,"""Times New Roman"", Times, serif",2,2,0.023256,false
Элегическая арифметика,different,elegiac-arithmetic,/different/elegiac-arithmetic,2,86,384,348,17,"""Times New Roman"", Times, serif",0,0,0.000000,true
Элегическая арифметика,different,elegiac-arithmetic,/different/elegiac-arithmetic,2,86,384,348,16,"""Times New Roman"", Times, serif",0,0,0.000000,true
Элегическая арифметика,different,elegiac-arithmetic,/different/elegiac-arithmetic,2,86,390,354,18,"""Times New Roman"", Times, serif",0,0,0.000000,true
Элегическая арифметика,different,elegiac-arithmetic,/different/elegiac-arithmetic,2,86,390,354,17,"""Times New Roman"", Times, serif",0,0,0.000000,true
Элегическая арифметика,different,elegiac-arithmetic,/different/elegiac-arithmetic,2,86,390,354,16,"""Times New Roman"", Times, serif",0,0,0.000000,true
Элегическая арифметика,different,elegiac-arithmetic,/different/elegiac-arithmetic,2,86,393,357,18,"""Times New Roman"", Times, serif",0,0,0.000000,true
Элегическая арифметика,different,elegiac-arithmetic,/different/elegiac-arithmetic,2,86,393,357,17,"""Times New Roman"", Times, serif",0,0,0.000000,true
Элегическая арифметика,different,elegiac-arithmetic,/different/elegiac-arithmetic,2,86,393,357,16,"""Times New Roman"", Times, serif",0,0,0.000000,true
Элегическая арифметика,different,elegiac-arithmetic,/different/elegiac-arithmetic,2,86,414,378,18,"""Times New Roman"", Times, serif",0,0,0.000000,true
Элегическая арифметика,different,elegiac-arithmetic,/different/elegiac-arithmetic,2,86,414,378,17,"""Times New Roman"", Times, serif",0,0,0.000000,true
Элегическая арифметика,different,elegiac-arithmetic,/different/elegiac-arithmetic,2,86,414,378,16,"""Times New Roman"", Times, serif",0,0,0.000000,true
Элегическая арифметика,different,elegiac-arithmetic,/different/elegiac-arithmetic,2,86,480,444,18,"""Times New Roman"", Times, serif",0,0,0.000000,true
Элегическая арифметика,different,elegiac-arithmetic,/different/elegiac-arithmetic,2,86,480,444,17,"""Times New Roman"", Times, serif",0,0,0.000000,true
Элегическая арифметика,different,elegiac-arithmetic,/different/elegiac-arithmetic,2,86,480,444,16,"""Times New Roman"", Times, serif",0,0,0.000000,true
Элегическая арифметика,different,elegiac-arithmetic,/different/elegiac-arithmetic,2,86,500,464,18,"""Times New Roman"", Times, serif",0,0,0.000000,true
Элегическая арифметика,different,elegiac-arithmetic,/different/elegiac-arithmetic,2,86,500,464,17,"""Times New Roman"", Times, serif",0,0,0.000000,true
Элегическая арифметика,different,elegiac-arithmetic,/different/elegiac-arithmetic,2,86,500,464,16,"""Times New Roman"", Times, serif",0,0,0.000000,true
Элегическая арифметика,different,elegiac-arithmetic,/different/elegiac-arithmetic,2,86,535,499,18,"""Times New Roman"", Times, serif",0,0,0.000000,true
Элегическая арифметика,different,elegiac-arithmetic,/different/elegiac-arithmetic,2,86,535,499,17,"""Times New Roman"", Times, serif",0,0,0.000000,true
Элегическая арифметика,different,elegiac-arithmetic,/different/elegiac-arithmetic,2,86,535,499,16,"""Times New Roman"", Times, serif",0,0,0.000000,true
Элегическая арифметика,different,elegiac-arithmetic,/different/elegiac-arithmetic,2,86,536,500,18,"""Times New Roman"", Times, serif",0,0,0.000000,true
Элегическая арифметика,different,elegiac-arithmetic,/different/elegiac-arithmetic,2,86,536,500,17,"""Times New Roman"", Times, serif",0,0,0.000000,true
Элегическая арифметика,different,elegiac-arithmetic,/different/elegiac-arithmetic,2,86,536,500,16,"""Times New Roman"", Times, serif",0,0,0.000000,true
Элегическая арифметика,different,elegiac-arithmetic,/different/elegiac-arithmetic,2,86,760,724,18,"""Times New Roman"", Times, serif",0,0,0.000000,true
Элегическая арифметика,different,elegiac-arithmetic,/different/elegiac-arithmetic,2,86,760,724,17,"""Times New Roman"", Times, serif",0,0,0.000000,true
Элегическая арифметика,different,elegiac-arithmetic,/different/elegiac-arithmetic,2,86,760,724,16,"""Times New Roman"", Times, serif",0,0,0.000000,true
В честь моей сестры,different,in-honor-of-my-sister,/different/in-honor-of-my-sister,3,80,320,284,18,"""Times New Roman"", Times, serif",53,53,0.662500,false
В честь моей сестры,different,in-honor-of-my-sister,/different/in-honor-of-my-sister,3,80,320,284,17,"""Times New Roman"", Times, serif",47,47,0.587500,false
В честь моей сестры,different,in-honor-of-my-sister,/different/in-honor-of-my-sister,3,80,320,284,16,"""Times New Roman"", Times, serif",38,38,0.475000,false
В честь моей сестры,different,in-honor-of-my-sister,/different/in-honor-of-my-sister,3,80,360,324,18,"""Times New Roman"", Times, serif",36,36,0.450000,false
В честь моей сестры,different,in-honor-of-my-sister,/different/in-honor-of-my-sister,3,80,360,324,17,"""Times New Roman"", Times, serif",30,30,0.375000,false
В честь моей сестры,different,in-honor-of-my-sister,/different/in-honor-of-my-sister,3,80,360,324,16,"""Times New Roman"", Times, serif",20,20,0.250000,false
В честь моей сестры,different,in-honor-of-my-sister,/different/in-honor-of-my-sister,3,80,384,348,18,"""Times New Roman"", Times, serif",30,30,0.375000,false
В честь моей сестры,different,in-honor-of-my-sister,/different/in-honor-of-my-sister,3,80,384,348,17,"""Times New Roman"", Times, serif",19,19,0.237500,false
В честь моей сестры,different,in-honor-of-my-sister,/different/in-honor-of-my-sister,3,80,384,348,16,"""Times New Roman"", Times, serif",16,16,0.200000,false
В честь моей сестры,different,in-honor-of-my-sister,/different/in-honor-of-my-sister,3,80,390,354,18,"""Times New Roman"", Times, serif",25,25,0.312500,false
В честь моей сестры,different,in-honor-of-my-sister,/different/in-honor-of-my-sister,3,80,390,354,17,"""Times New Roman"", Times, serif",19,19,0.237500,false
В честь моей сестры,different,in-honor-of-my-sister,/different/in-honor-of-my-sister,3,80,390,354,16,"""Times New Roman"", Times, serif",16,16,0.200000,false
В честь моей сестры,different,in-honor-of-my-sister,/different/in-honor-of-my-sister,3,80,393,357,18,"""Times New Roman"", Times, serif",25,25,0.312500,false
В честь моей сестры,different,in-honor-of-my-sister,/different/in-honor-of-my-sister,3,80,393,357,17,"""Times New Roman"", Times, serif",19,19,0.237500,false
В честь моей сестры,different,in-honor-of-my-sister,/different/in-honor-of-my-sister,3,80,393,357,16,"""Times New Roman"", Times, serif",16,16,0.200000,false
В честь моей сестры,different,in-honor-of-my-sister,/different/in-honor-of-my-sister,3,80,414,378,18,"""Times New Roman"", Times, serif",19,19,0.237500,false
В честь моей сестры,different,in-honor-of-my-sister,/different/in-honor-of-my-sister,3,80,414,378,17,"""Times New Roman"", Times, serif",16,16,0.200000,false
В честь моей сестры,different,in-honor-of-my-sister,/different/in-honor-of-my-sister,3,80,414,378,16,"""Times New Roman"", Times, serif",10,10,0.125000,false
В честь моей сестры,different,in-honor-of-my-sister,/different/in-honor-of-my-sister,3,80,480,444,18,"""Times New Roman"", Times, serif",7,7,0.087500,false
В честь моей сестры,different,in-honor-of-my-sister,/different/in-honor-of-my-sister,3,80,480,444,17,"""Times New Roman"", Times, serif",3,3,0.037500,false
В честь моей сестры,different,in-honor-of-my-sister,/different/in-honor-of-my-sister,3,80,480,444,16,"""Times New Roman"", Times, serif",2,2,0.025000,false
В честь моей сестры,different,in-honor-of-my-sister,/different/in-honor-of-my-sister,3,80,500,464,18,"""Times New Roman"", Times, serif",3,3,0.037500,false
В честь моей сестры,different,in-honor-of-my-sister,/different/in-honor-of-my-sister,3,80,500,464,17,"""Times New Roman"", Times, serif",2,2,0.025000,false
В честь моей сестры,different,in-honor-of-my-sister,/different/in-honor-of-my-sister,3,80,500,464,16,"""Times New Roman"", Times, serif",2,2,0.025000,false
В честь моей сестры,different,in-honor-of-my-sister,/different/in-honor-of-my-sister,3,80,535,499,18,"""Times New Roman"", Times, serif",2,2,0.025000,false
В честь моей сестры,different,in-honor-of-my-sister,/different/in-honor-of-my-sister,3,80,535,499,17,"""Times New Roman"", Times, serif",2,2,0.025000,false
В честь моей сестры,different,in-honor-of-my-sister,/different/in-honor-of-my-sister,3,80,535,499,16,"""Times New Roman"", Times, serif",2,2,0.025000,false
В честь моей сестры,different,in-honor-of-my-sister,/different/in-honor-of-my-sister,3,80,536,500,18,"""Times New Roman"", Times, serif",2,2,0.025000,false
В честь моей сестры,different,in-honor-of-my-sister,/different/in-honor-of-my-sister,3,80,536,500,17,"""Times New Roman"", Times, serif",2,2,0.025000,false
В честь моей сестры,different,in-honor-of-my-sister,/different/in-honor-of-my-sister,3,80,536,500,16,"""Times New Roman"", Times, serif",2,2,0.025000,false
В честь моей сестры,different,in-honor-of-my-sister,/different/in-honor-of-my-sister,3,80,760,724,18,"""Times New Roman"", Times, serif",2,2,0.025000,false
В честь моей сестры,different,in-honor-of-my-sister,/different/in-honor-of-my-sister,3,80,760,724,17,"""Times New Roman"", Times, serif",2,2,0.025000,false
В честь моей сестры,different,in-honor-of-my-sister,/different/in-honor-of-my-sister,3,80,760,724,16,"""Times New Roman"", Times, serif",2,2,0.025000,false
Вокзал,different,station,/different/station,3,109,320,284,18,"""Times New Roman"", Times, serif",2,2,0.018349,false
Вокзал,different,station,/different/station,3,109,320,284,17,"""Times New Roman"", Times, serif",1,1,0.009174,false
Вокзал,different,station,/different/station,3,109,320,284,16,"""Times New Roman"", Times, serif",1,1,0.009174,false
Вокзал,different,station,/different/station,3,109,360,324,18,"""Times New Roman"", Times, serif",0,0,0.000000,true
Вокзал,different,station,/different/station,3,109,360,324,17,"""Times New Roman"", Times, serif",0,0,0.000000,true
Вокзал,different,station,/different/station,3,109,360,324,16,"""Times New Roman"", Times, serif",0,0,0.000000,true
Вокзал,different,station,/different/station,3,109,384,348,18,"""Times New Roman"", Times, serif",0,0,0.000000,true
Вокзал,different,station,/different/station,3,109,384,348,17,"""Times New Roman"", Times, serif",0,0,0.000000,true
Вокзал,different,station,/different/station,3,109,384,348,16,"""Times New Roman"", Times, serif",0,0,0.000000,true
Вокзал,different,station,/different/station,3,109,390,354,18,"""Times New Roman"", Times, serif",0,0,0.000000,true
Вокзал,different,station,/different/station,3,109,390,354,17,"""Times New Roman"", Times, serif",0,0,0.000000,true
Вокзал,different,station,/different/station,3,109,390,354,16,"""Times New Roman"", Times, serif",0,0,0.000000,true
Вокзал,different,station,/different/station,3,109,393,357,18,"""Times New Roman"", Times, serif",0,0,0.000000,true
Вокзал,different,station,/different/station,3,109,393,357,17,"""Times New Roman"", Times, serif",0,0,0.000000,true
Вокзал,different,station,/different/station,3,109,393,357,16,"""Times New Roman"", Times, serif",0,0,0.000000,true
Вокзал,different,station,/different/station,3,109,414,378,18,"""Times New Roman"", Times, serif",0,0,0.000000,true
Вокзал,different,station,/different/station,3,109,414,378,17,"""Times New Roman"", Times, serif",0,0,0.000000,true
Вокзал,different,station,/different/station,3,109,414,378,16,"""Times New Roman"", Times, serif",0,0,0.000000,true
Вокзал,different,station,/different/station,3,109,480,444,18,"""Times New Roman"", Times, serif",0,0,0.000000,true
Вокзал,different,station,/different/station,3,109,480,444,17,"""Times New Roman"", Times, serif",0,0,0.000000,true
Вокзал,different,station,/different/station,3,109,480,444,16,"""Times New Roman"", Times, serif",0,0,0.000000,true
Вокзал,different,station,/different/station,3,109,500,464,18,"""Times New Roman"", Times, serif",0,0,0.000000,true
Вокзал,different,station,/different/station,3,109,500,464,17,"""Times New Roman"", Times, serif",0,0,0.000000,true
Вокзал,different,station,/different/station,3,109,500,464,16,"""Times New Roman"", Times, serif",0,0,0.000000,true
Вокзал,different,station,/different/station,3,109,535,499,18,"""Times New Roman"", Times, serif",0,0,0.000000,true
Вокзал,different,station,/different/station,3,109,535,499,17,"""Times New Roman"", Times, serif",0,0,0.000000,true
Вокзал,different,station,/different/station,3,109,535,499,16,"""Times New Roman"", Times, serif",0,0,0.000000,true
Вокзал,different,station,/different/station,3,109,536,500,18,"""Times New Roman"", Times, serif",0,0,0.000000,true
Вокзал,different,station,/different/station,3,109,536,500,17,"""Times New Roman"", Times, serif",0,0,0.000000,true
Вокзал,different,station,/different/station,3,109,536,500,16,"""Times New Roman"", Times, serif",0,0,0.000000,true
Вокзал,different,station,/different/station,3,109,760,724,18,"""Times New Roman"", Times, serif",0,0,0.000000,true
Вокзал,different,station,/different/station,3,109,760,724,17,"""Times New Roman"", Times, serif",0,0,0.000000,true
Вокзал,different,station,/different/station,3,109,760,724,16,"""Times New Roman"", Times, serif",0,0,0.000000,true
Баллада,different,ballad,/different/ballad,1,32,320,284,18,"""Times New Roman"", Times, serif",0,0,0.000000,true
Баллада,different,ballad,/different/ballad,1,32,320,284,17,"""Times New Roman"", Times, serif",0,0,0.000000,true
Баллада,different,ballad,/different/ballad,1,32,320,284,16,"""Times New Roman"", Times, serif",0,0,0.000000,true
Баллада,different,ballad,/different/ballad,1,32,360,324,18,"""Times New Roman"", Times, serif",0,0,0.000000,true
Баллада,different,ballad,/different/ballad,1,32,360,324,17,"""Times New Roman"", Times, serif",0,0,0.000000,true
Баллада,different,ballad,/different/ballad,1,32,360,324,16,"""Times New Roman"", Times, serif",0,0,0.000000,true
Баллада,different,ballad,/different/ballad,1,32,384,348,18,"""Times New Roman"", Times, serif",0,0,0.000000,true
Баллада,different,ballad,/different/ballad,1,32,384,348,17,"""Times New Roman"", Times, serif",0,0,0.000000,true
Баллада,different,ballad,/different/ballad,1,32,384,348,16,"""Times New Roman"", Times, serif",0,0,0.000000,true
Баллада,different,ballad,/different/ballad,1,32,390,354,18,"""Times New Roman"", Times, serif",0,0,0.000000,true
Баллада,different,ballad,/different/ballad,1,32,390,354,17,"""Times New Roman"", Times, serif",0,0,0.000000,true
Баллада,different,ballad,/different/ballad,1,32,390,354,16,"""Times New Roman"", Times, serif",0,0,0.000000,true
Баллада,different,ballad,/different/ballad,1,32,393,357,18,"""Times New Roman"", Times, serif",0,0,0.000000,true
Баллада,different,ballad,/different/ballad,1,32,393,357,17,"""Times New Roman"", Times, serif",0,0,0.000000,true
Баллада,different,ballad,/different/ballad,1,32,393,357,16,"""Times New Roman"", Times, serif",0,0,0.000000,true
Баллада,different,ballad,/different/ballad,1,32,414,378,18,"""Times New Roman"", Times, serif",0,0,0.000000,true
Баллада,different,ballad,/different/ballad,1,32,414,378,17,"""Times New Roman"", Times, serif",0,0,0.000000,true
Баллада,different,ballad,/different/ballad,1,32,414,378,16,"""Times New Roman"", Times, serif",0,0,0.000000,true
Баллада,different,ballad,/different/ballad,1,32,480,444,18,"""Times New Roman"", Times, serif",0,0,0.000000,true
Баллада,different,ballad,/different/ballad,1,32,480,444,17,"""Times New Roman"", Times, serif",0,0,0.000000,true
Баллада,different,ballad,/different/ballad,1,32,480,444,16,"""Times New Roman"", Times, serif",0,0,0.000000,true
Баллада,different,ballad,/different/ballad,1,32,500,464,18,"""Times New Roman"", Times, serif",0,0,0.000000,true
Баллада,different,ballad,/different/ballad,1,32,500,464,17,"""Times New Roman"", Times, serif",0,0,0.000000,true
Баллада,different,ballad,/different/ballad,1,32,500,464,16,"""Times New Roman"", Times, serif",0,0,0.000000,true
Баллада,different,ballad,/different/ballad,1,32,535,499,18,"""Times New Roman"", Times, serif",0,0,0.000000,true
Баллада,different,ballad,/different/ballad,1,32,535,499,17,"""Times New Roman"", Times, serif",0,0,0.000000,true
Баллада,different,ballad,/different/ballad,1,32,535,499,16,"""Times New Roman"", Times, serif",0,0,0.000000,true
Баллада,different,ballad,/different/ballad,1,32,536,500,18,"""Times New Roman"", Times, serif",0,0,0.000000,true
Баллада,different,ballad,/different/ballad,1,32,536,500,17,"""Times New Roman"", Times, serif",0,0,0.000000,true
Баллада,different,ballad,/different/ballad,1,32,536,500,16,"""Times New Roman"", Times, serif",0,0,0.000000,true
Баллада,different,ballad,/different/ballad,1,32,760,724,18,"""Times New Roman"", Times, serif",0,0,0.000000,true
Баллада,different,ballad,/different/ballad,1,32,760,724,17,"""Times New Roman"", Times, serif",0,0,0.000000,true
Баллада,different,ballad,/different/ballad,1,32,760,724,16,"""Times New Roman"", Times, serif",0,0,0.000000,true
"Террорист, он смотрит",different,terrorist-he-looks,/different/terrorist-he-looks,3,96,320,284,18,"""Times New Roman"", Times, serif",37,37,0.385417,false
"Террорист, он смотрит",different,terrorist-he-looks,/different/terrorist-he-looks,3,96,320,284,17,"""Times New Roman"", Times, serif",30,30,0.312500,false
"Террорист, он смотрит",different,terrorist-he-looks,/different/terrorist-he-looks,3,96,320,284,16,"""Times New Roman"", Times, serif",20,20,0.208333,false
"Террорист, он смотрит",different,terrorist-he-looks,/different/terrorist-he-looks,3,96,360,324,18,"""Times New Roman"", Times, serif",20,20,0.208333,false
"Террорист, он смотрит",different,terrorist-he-looks,/different/terrorist-he-looks,3,96,360,324,17,"""Times New Roman"", Times, serif",12,12,0.125000,false
"Террорист, он смотрит",different,terrorist-he-looks,/different/terrorist-he-looks,3,96,360,324,16,"""Times New Roman"", Times, serif",7,7,0.072917,false
"Террорист, он смотрит",different,terrorist-he-looks,/different/terrorist-he-looks,3,96,384,348,18,"""Times New Roman"", Times, serif",12,12,0.125000,false
"Террорист, он смотрит",different,terrorist-he-looks,/different/terrorist-he-looks,3,96,384,348,17,"""Times New Roman"", Times, serif",7,7,0.072917,false
"Террорист, он смотрит",different,terrorist-he-looks,/different/terrorist-he-looks,3,96,384,348,16,"""Times New Roman"", Times, serif",2,2,0.020833,false
"Террорист, он смотрит",different,terrorist-he-looks,/different/terrorist-he-looks,3,96,390,354,18,"""Times New Roman"", Times, serif",12,12,0.125000,false
"Террорист, он смотрит",different,terrorist-he-looks,/different/terrorist-he-looks,3,96,390,354,17,"""Times New Roman"", Times, serif",5,5,0.052083,false
"Террорист, он смотрит",different,terrorist-he-looks,/different/terrorist-he-looks,3,96,390,354,16,"""Times New Roman"", Times, serif",2,2,0.020833,false
"Террорист, он смотрит",different,terrorist-he-looks,/different/terrorist-he-looks,3,96,393,357,18,"""Times New Roman"", Times, serif",11,11,0.114583,false
"Террорист, он смотрит",different,terrorist-he-looks,/different/terrorist-he-looks,3,96,393,357,17,"""Times New Roman"", Times, serif",5,5,0.052083,false
"Террорист, он смотрит",different,terrorist-he-looks,/different/terrorist-he-looks,3,96,393,357,16,"""Times New Roman"", Times, serif",2,2,0.020833,false
"Террорист, он смотрит",different,terrorist-he-looks,/different/terrorist-he-looks,3,96,414,378,18,"""Times New Roman"", Times, serif",5,5,0.052083,false
"Террорист, он смотрит",different,terrorist-he-looks,/different/terrorist-he-looks,3,96,414,378,17,"""Times New Roman"", Times, serif",2,2,0.020833,false
"Террорист, он смотрит",different,terrorist-he-looks,/different/terrorist-he-looks,3,96,414,378,16,"""Times New Roman"", Times, serif",1,1,0.010417,false
"Террорист, он смотрит",different,terrorist-he-looks,/different/terrorist-he-looks,3,96,480,444,18,"""Times New Roman"", Times, serif",1,1,0.010417,false
"Террорист, он смотрит",different,terrorist-he-looks,/different/terrorist-he-looks,3,96,480,444,17,"""Times New Roman"", Times, serif",0,0,0.000000,true
"Террорист, он смотрит",different,terrorist-he-looks,/different/terrorist-he-looks,3,96,480,444,16,"""Times New Roman"", Times, serif",0,0,0.000000,true
"Террорист, он смотрит",different,terrorist-he-looks,/different/terrorist-he-looks,3,96,500,464,18,"""Times New Roman"", Times, serif",0,0,0.000000,true
"Террорист, он смотрит",different,terrorist-he-looks,/different/terrorist-he-looks,3,96,500,464,17,"""Times New Roman"", Times, serif",0,0,0.000000,true
"Террорист, он смотрит",different,terrorist-he-looks,/different/terrorist-he-looks,3,96,500,464,16,"""Times New Roman"", Times, serif",0,0,0.000000,true
"Террорист, он смотрит",different,terrorist-he-looks,/different/terrorist-he-looks,3,96,535,499,18,"""Times New Roman"", Times, serif",0,0,0.000000,true
"Террорист, он смотрит",different,terrorist-he-looks,/different/terrorist-he-looks,3,96,535,499,17,"""Times New Roman"", Times, serif",0,0,0.000000,true
"Террорист, он смотрит",different,terrorist-he-looks,/different/terrorist-he-looks,3,96,535,499,16,"""Times New Roman"", Times, serif",0,0,0.000000,true
"Террорист, он смотрит",different,terrorist-he-looks,/different/terrorist-he-looks,3,96,536,500,18,"""Times New Roman"", Times, serif",0,0,0.000000,true
"Террорист, он смотрит",different,terrorist-he-looks,/different/terrorist-he-looks,3,96,536,500,17,"""Times New Roman"", Times, serif",0,0,0.000000,true
"Террорист, он смотрит",different,terrorist-he-looks,/different/terrorist-he-looks,3,96,536,500,16,"""Times New Roman"", Times, serif",0,0,0.000000,true
"Террорист, он смотрит",different,terrorist-he-looks,/different/terrorist-he-looks,3,96,760,724,18,"""Times New Roman"", Times, serif",0,0,0.000000,true
"Террорист, он смотрит",different,terrorist-he-looks,/different/terrorist-he-looks,3,96,760,724,17,"""Times New Roman"", Times, serif",0,0,0.000000,true
"Террорист, он смотрит",different,terrorist-he-looks,/different/terrorist-he-looks,3,96,760,724,16,"""Times New Roman"", Times, serif",0,0,0.000000,true
Дорожная элегия,different,road-elegy,/different/road-elegy,1,37,320,284,18,"""Times New Roman"", Times, serif",1,1,0.027027,false
Дорожная элегия,different,road-elegy,/different/road-elegy,1,37,320,284,17,"""Times New Roman"", Times, serif",1,1,0.027027,false
Дорожная элегия,different,road-elegy,/different/road-elegy,1,37,320,284,16,"""Times New Roman"", Times, serif",0,0,0.000000,true
Дорожная элегия,different,road-elegy,/different/road-elegy,1,37,360,324,18,"""Times New Roman"", Times, serif",0,0,0.000000,true
Дорожная элегия,different,road-elegy,/different/road-elegy,1,37,360,324,17,"""Times New Roman"", Times, serif",0,0,0.000000,true
Дорожная элегия,different,road-elegy,/different/road-elegy,1,37,360,324,16,"""Times New Roman"", Times, serif",0,0,0.000000,true
Дорожная элегия,different,road-elegy,/different/road-elegy,1,37,384,348,18,"""Times New Roman"", Times, serif",0,0,0.000000,true
Дорожная элегия,different,road-elegy,/different/road-elegy,1,37,384,348,17,"""Times New Roman"", Times, serif",0,0,0.000000,true
Дорожная элегия,different,road-elegy,/different/road-elegy,1,37,384,348,16,"""Times New Roman"", Times, serif",0,0,0.000000,true
Дорожная элегия,different,road-elegy,/different/road-elegy,1,37,390,354,18,"""Times New Roman"", Times, serif",0,0,0.000000,true
Дорожная элегия,different,road-elegy,/different/road-elegy,1,37,390,354,17,"""Times New Roman"", Times, serif",0,0,0.000000,true
Дорожная элегия,different,road-elegy,/different/road-elegy,1,37,390,354,16,"""Times New Roman"", Times, serif",0,0,0.000000,true
Дорожная элегия,different,road-elegy,/different/road-elegy,1,37,393,357,18,"""Times New Roman"", Times, serif",0,0,0.000000,true
Дорожная элегия,different,road-elegy,/different/road-elegy,1,37,393,357,17,"""Times New Roman"", Times, serif",0,0,0.000000,true
Дорожная элегия,different,road-elegy,/different/road-elegy,1,37,393,357,16,"""Times New Roman"", Times, serif",0,0,0.000000,true
Дорожная элегия,different,road-elegy,/different/road-elegy,1,37,414,378,18,"""Times New Roman"", Times, serif",0,0,0.000000,true
Дорожная элегия,different,road-elegy,/different/road-elegy,1,37,414,378,17,"""Times New Roman"", Times, serif",0,0,0.000000,true
Дорожная элегия,different,road-elegy,/different/road-elegy,1,37,414,378,16,"""Times New Roman"", Times, serif",0,0,0.000000,true
Дорожная элегия,different,road-elegy,/different/road-elegy,1,37,480,444,18,"""Times New Roman"", Times, serif",0,0,0.000000,true
Дорожная элегия,different,road-elegy,/different/road-elegy,1,37,480,444,17,"""Times New Roman"", Times, serif",0,0,0.000000,true
Дорожная элегия,different,road-elegy,/different/road-elegy,1,37,480,444,16,"""Times New Roman"", Times, serif",0,0,0.000000,true
Дорожная элегия,different,road-elegy,/different/road-elegy,1,37,500,464,18,"""Times New Roman"", Times, serif",0,0,0.000000,true
Дорожная элегия,different,road-elegy,/different/road-elegy,1,37,500,464,17,"""Times New Roman"", Times, serif",0,0,0.000000,true
Дорожная элегия,different,road-elegy,/different/road-elegy,1,37,500,464,16,"""Times New Roman"", Times, serif",0,0,0.000000,true
Дорожная элегия,different,road-elegy,/different/road-elegy,1,37,535,499,18,"""Times New Roman"", Times, serif",0,0,0.000000,true
Дорожная элегия,different,road-elegy,/different/road-elegy,1,37,535,499,17,"""Times New Roman"", Times, serif",0,0,0.000000,true
Дорожная элегия,different,road-elegy,/different/road-elegy,1,37,535,499,16,"""Times New Roman"", Times, serif",0,0,0.000000,true
Дорожная элегия,different,road-elegy,/different/road-elegy,1,37,536,500,18,"""Times New Roman"", Times, serif",0,0,0.000000,true
Дорожная элегия,different,road-elegy,/different/road-elegy,1,37,536,500,17,"""Times New Roman"", Times, serif",0,0,0.000000,true
Дорожная элегия,different,road-elegy,/different/road-elegy,1,37,536,500,16,"""Times New Roman"", Times, serif",0,0,0.000000,true
Дорожная элегия,different,road-elegy,/different/road-elegy,1,37,760,724,18,"""Times New Roman"", Times, serif",0,0,0.000000,true
Дорожная элегия,different,road-elegy,/different/road-elegy,1,37,760,724,17,"""Times New Roman"", Times, serif",0,0,0.000000,true
Дорожная элегия,different,road-elegy,/different/road-elegy,1,37,760,724,16,"""Times New Roman"", Times, serif",0,0,0.000000,true
Люди на мосту,different,people-on-bridge,/different/people-on-bridge,1,45,320,284,18,"""Times New Roman"", Times, serif",11,11,0.244444,false
Люди на мосту,different,people-on-bridge,/different/people-on-bridge,1,45,320,284,17,"""Times New Roman"", Times, serif",8,8,0.177778,false
Люди на мосту,different,people-on-bridge,/different/people-on-bridge,1,45,320,284,16,"""Times New Roman"", Times, serif",5,5,0.111111,false
Люди на мосту,different,people-on-bridge,/different/people-on-bridge,1,45,360,324,18,"""Times New Roman"", Times, serif",5,5,0.111111,false
Люди на мосту,different,people-on-bridge,/different/people-on-bridge,1,45,360,324,17,"""Times New Roman"", Times, serif",5,5,0.111111,false
Люди на мосту,different,people-on-bridge,/different/people-on-bridge,1,45,360,324,16,"""Times New Roman"", Times, serif",3,3,0.066667,false
Люди на мосту,different,people-on-bridge,/different/people-on-bridge,1,45,384,348,18,"""Times New Roman"", Times, serif",4,4,0.088889,false
Люди на мосту,different,people-on-bridge,/different/people-on-bridge,1,45,384,348,17,"""Times New Roman"", Times, serif",3,3,0.066667,false
Люди на мосту,different,people-on-bridge,/different/people-on-bridge,1,45,384,348,16,"""Times New Roman"", Times, serif",0,0,0.000000,true
Люди на мосту,different,people-on-bridge,/different/people-on-bridge,1,45,390,354,18,"""Times New Roman"", Times, serif",4,4,0.088889,false
Люди на мосту,different,people-on-bridge,/different/people-on-bridge,1,45,390,354,17,"""Times New Roman"", Times, serif",2,2,0.044444,false
Люди на мосту,different,people-on-bridge,/different/people-on-bridge,1,45,390,354,16,"""Times New Roman"", Times, serif",0,0,0.000000,true
Люди на мосту,different,people-on-bridge,/different/people-on-bridge,1,45,393,357,18,"""Times New Roman"", Times, serif",4,4,0.088889,false
Люди на мосту,different,people-on-bridge,/different/people-on-bridge,1,45,393,357,17,"""Times New Roman"", Times, serif",2,2,0.044444,false
Люди на мосту,different,people-on-bridge,/different/people-on-bridge,1,45,393,357,16,"""Times New Roman"", Times, serif",0,0,0.000000,true
Люди на мосту,different,people-on-bridge,/different/people-on-bridge,1,45,414,378,18,"""Times New Roman"", Times, serif",2,2,0.044444,false
Люди на мосту,different,people-on-bridge,/different/people-on-bridge,1,45,414,378,17,"""Times New Roman"", Times, serif",0,0,0.000000,true
Люди на мосту,different,people-on-bridge,/different/people-on-bridge,1,45,414,378,16,"""Times New Roman"", Times, serif",0,0,0.000000,true
Люди на мосту,different,people-on-bridge,/different/people-on-bridge,1,45,480,444,18,"""Times New Roman"", Times, serif",0,0,0.000000,true
Люди на мосту,different,people-on-bridge,/different/people-on-bridge,1,45,480,444,17,"""Times New Roman"", Times, serif",0,0,0.000000,true
Люди на мосту,different,people-on-bridge,/different/people-on-bridge,1,45,480,444,16,"""Times New Roman"", Times, serif",0,0,0.000000,true
Люди на мосту,different,people-on-bridge,/different/people-on-bridge,1,45,500,464,18,"""Times New Roman"", Times, serif",0,0,0.000000,true
Люди на мосту,different,people-on-bridge,/different/people-on-bridge,1,45,500,464,17,"""Times New Roman"", Times, serif",0,0,0.000000,true
Люди на мосту,different,people-on-bridge,/different/people-on-bridge,1,45,500,464,16,"""Times New Roman"", Times, serif",0,0,0.000000,true
Люди на мосту,different,people-on-bridge,/different/people-on-bridge,1,45,535,499,18,"""Times New Roman"", Times, serif",0,0,0.000000,true
Люди на мосту,different,people-on-bridge,/different/people-on-bridge,1,45,535,499,17,"""Times New Roman"", Times, serif",0,0,0.000000,true
Люди на мосту,different,people-on-bridge,/different/people-on-bridge,1,45,535,499,16,"""Times New Roman"", Times, serif",0,0,0.000000,true
Люди на мосту,different,people-on-bridge,/different/people-on-bridge,1,45,536,500,18,"""Times New Roman"", Times, serif",0,0,0.000000,true
Люди на мосту,different,people-on-bridge,/different/people-on-bridge,1,45,536,500,17,"""Times New Roman"", Times, serif",0,0,0.000000,true
Люди на мосту,different,people-on-bridge,/different/people-on-bridge,1,45,536,500,16,"""Times New Roman"", Times, serif",0,0,0.000000,true
Люди на мосту,different,people-on-bridge,/different/people-on-bridge,1,45,760,724,18,"""Times New Roman"", Times, serif",0,0,0.000000,true
Люди на мосту,different,people-on-bridge,/different/people-on-bridge,1,45,760,724,17,"""Times New Roman"", Times, serif",0,0,0.000000,true
Люди на мосту,different,people-on-bridge,/different/people-on-bridge,1,45,760,724,16,"""Times New Roman"", Times, serif",0,0,0.000000,true
Кот в пустой квартире,different,cat-in-empty-apartment,/different/cat-in-empty-apartment,1,33,320,284,18,"""Times New Roman"", Times, serif",3,3,0.090909,false
Кот в пустой квартире,different,cat-in-empty-apartment,/different/cat-in-empty-apartment,1,33,320,284,17,"""Times New Roman"", Times, serif",2,2,0.060606,false
Кот в пустой квартире,different,cat-in-empty-apartment,/different/cat-in-empty-apartment,1,33,320,284,16,"""Times New Roman"", Times, serif",2,2,0.060606,false
Кот в пустой квартире,different,cat-in-empty-apartment,/different/cat-in-empty-apartment,1,33,360,324,18,"""Times New Roman"", Times, serif",2,2,0.060606,false
Кот в пустой квартире,different,cat-in-empty-apartment,/different/cat-in-empty-apartment,1,33,360,324,17,"""Times New Roman"", Times, serif",2,2,0.060606,false
Кот в пустой квартире,different,cat-in-empty-apartment,/different/cat-in-empty-apartment,1,33,360,324,16,"""Times New Roman"", Times, serif",1,1,0.030303,false
Кот в пустой квартире,different,cat-in-empty-apartment,/different/cat-in-empty-apartment,1,33,384,348,18,"""Times New Roman"", Times, serif",2,2,0.060606,false
Кот в пустой квартире,different,cat-in-empty-apartment,/different/cat-in-empty-apartment,1,33,384,348,17,"""Times New Roman"", Times, serif",1,1,0.030303,false
Кот в пустой квартире,different,cat-in-empty-apartment,/different/cat-in-empty-apartment,1,33,384,348,16,"""Times New Roman"", Times, serif",1,1,0.030303,false
Кот в пустой квартире,different,cat-in-empty-apartment,/different/cat-in-empty-apartment,1,33,390,354,18,"""Times New Roman"", Times, serif",2,2,0.060606,false
Кот в пустой квартире,different,cat-in-empty-apartment,/different/cat-in-empty-apartment,1,33,390,354,17,"""Times New Roman"", Times, serif",1,1,0.030303,false
Кот в пустой квартире,different,cat-in-empty-apartment,/different/cat-in-empty-apartment,1,33,390,354,16,"""Times New Roman"", Times, serif",1,1,0.030303,false
Кот в пустой квартире,different,cat-in-empty-apartment,/different/cat-in-empty-apartment,1,33,393,357,18,"""Times New Roman"", Times, serif",2,2,0.060606,false
Кот в пустой квартире,different,cat-in-empty-apartment,/different/cat-in-empty-apartment,1,33,393,357,17,"""Times New Roman"", Times, serif",1,1,0.030303,false
Кот в пустой квартире,different,cat-in-empty-apartment,/different/cat-in-empty-apartment,1,33,393,357,16,"""Times New Roman"", Times, serif",1,1,0.030303,false
Кот в пустой квартире,different,cat-in-empty-apartment,/different/cat-in-empty-apartment,1,33,414,378,18,"""Times New Roman"", Times, serif",1,1,0.030303,false
Кот в пустой квартире,different,cat-in-empty-apartment,/different/cat-in-empty-apartment,1,33,414,378,17,"""Times New Roman"", Times, serif",1,1,0.030303,false
Кот в пустой квартире,different,cat-in-empty-apartment,/different/cat-in-empty-apartment,1,33,414,378,16,"""Times New Roman"", Times, serif",1,1,0.030303,false
Кот в пустой квартире,different,cat-in-empty-apartment,/different/cat-in-empty-apartment,1,33,480,444,18,"""Times New Roman"", Times, serif",1,1,0.030303,false
Кот в пустой квартире,different,cat-in-empty-apartment,/different/cat-in-empty-apartment,1,33,480,444,17,"""Times New Roman"", Times, serif",0,0,0.000000,true
Кот в пустой квартире,different,cat-in-empty-apartment,/different/cat-in-empty-apartment,1,33,480,444,16,"""Times New Roman"", Times, serif",0,0,0.000000,true
Кот в пустой квартире,different,cat-in-empty-apartment,/different/cat-in-empty-apartment,1,33,500,464,18,"""Times New Roman"", Times, serif",0,0,0.000000,true
Кот в пустой квартире,different,cat-in-empty-apartment,/different/cat-in-empty-apartment,1,33,500,464,17,"""Times New Roman"", Times, serif",0,0,0.000000,true
Кот в пустой квартире,different,cat-in-empty-apartment,/different/cat-in-empty-apartment,1,33,500,464,16,"""Times New Roman"", Times, serif",0,0,0.000000,true
Кот в пустой квартире,different,cat-in-empty-apartment,/different/cat-in-empty-apartment,1,33,535,499,18,"""Times New Roman"", Times, serif",0,0,0.000000,true
Кот в пустой квартире,different,cat-in-empty-apartment,/different/cat-in-empty-apartment,1,33,535,499,17,"""Times New Roman"", Times, serif",0,0,0.000000,true
Кот в пустой квартире,different,cat-in-empty-apartment,/different/cat-in-empty-apartment,1,33,535,499,16,"""Times New Roman"", Times, serif",0,0,0.000000,true
Кот в пустой квартире,different,cat-in-empty-apartment,/different/cat-in-empty-apartment,1,33,536,500,18,"""Times New Roman"", Times, serif",0,0,0.000000,true
Кот в пустой квартире,different,cat-in-empty-apartment,/different/cat-in-empty-apartment,1,33,536,500,17,"""Times New Roman"", Times, serif",0,0,0.000000,true
Кот в пустой квартире,different,cat-in-empty-apartment,/different/cat-in-empty-apartment,1,33,536,500,16,"""Times New Roman"", Times, serif",0,0,0.000000,true
Кот в пустой квартире,different,cat-in-empty-apartment,/different/cat-in-empty-apartment,1,33,760,724,18,"""Times New Roman"", Times, serif",0,0,0.000000,true
Кот в пустой квартире,different,cat-in-empty-apartment,/different/cat-in-empty-apartment,1,33,760,724,17,"""Times New Roman"", Times, serif",0,0,0.000000,true
Кот в пустой квартире,different,cat-in-empty-apartment,/different/cat-in-empty-apartment,1,33,760,724,16,"""Times New Roman"", Times, serif",0,0,0.000000,true
Атлантида,different,atlantis,/different/atlantis,2,58,320,284,18,"""Times New Roman"", Times, serif",0,0,0.000000,true
Атлантида,different,atlantis,/different/atlantis,2,58,320,284,17,"""Times New Roman"", Times, serif",0,0,0.000000,true
Атлантида,different,atlantis,/different/atlantis,2,58,320,284,16,"""Times New Roman"", Times, serif",0,0,0.000000,true
Атлантида,different,atlantis,/different/atlantis,2,58,360,324,18,"""Times New Roman"", Times, serif",0,0,0.000000,true
Атлантида,different,atlantis,/different/atlantis,2,58,360,324,17,"""Times New Roman"", Times, serif",0,0,0.000000,true
Атлантида,different,atlantis,/different/atlantis,2,58,360,324,16,"""Times New Roman"", Times, serif",0,0,0.000000,true
Атлантида,different,atlantis,/different/atlantis,2,58,384,348,18,"""Times New Roman"", Times, serif",0,0,0.000000,true
Атлантида,different,atlantis,/different/atlantis,2,58,384,348,17,"""Times New Roman"", Times, serif",0,0,0.000000,true
Атлантида,different,atlantis,/different/atlantis,2,58,384,348,16,"""Times New Roman"", Times, serif",0,0,0.000000,true
Атлантида,different,atlantis,/different/atlantis,2,58,390,354,18,"""Times New Roman"", Times, serif",0,0,0.000000,true
Атлантида,different,atlantis,/different/atlantis,2,58,390,354,17,"""Times New Roman"", Times, serif",0,0,0.000000,true
Атлантида,different,atlantis,/different/atlantis,2,58,390,354,16,"""Times New Roman"", Times, serif",0,0,0.000000,true
Атлантида,different,atlantis,/different/atlantis,2,58,393,357,18,"""Times New Roman"", Times, serif",0,0,0.000000,true
Атлантида,different,atlantis,/different/atlantis,2,58,393,357,17,"""Times New Roman"", Times, serif",0,0,0.000000,true
Атлантида,different,atlantis,/different/atlantis,2,58,393,357,16,"""Times New Roman"", Times, serif",0,0,0.000000,true
Атлантида,different,atlantis,/different/atlantis,2,58,414,378,18,"""Times New Roman"", Times, serif",0,0,0.000000,true
Атлантида,different,atlantis,/different/atlantis,2,58,414,378,17,"""Times New Roman"", Times, serif",0,0,0.000000,true
Атлантида,different,atlantis,/different/atlantis,2,58,414,378,16,"""Times New Roman"", Times, serif",0,0,0.000000,true
Атлантида,different,atlantis,/different/atlantis,2,58,480,444,18,"""Times New Roman"", Times, serif",0,0,0.000000,true
Атлантида,different,atlantis,/different/atlantis,2,58,480,444,17,"""Times New Roman"", Times, serif",0,0,0.000000,true
Атлантида,different,atlantis,/different/atlantis,2,58,480,444,16,"""Times New Roman"", Times, serif",0,0,0.000000,true
Атлантида,different,atlantis,/different/atlantis,2,58,500,464,18,"""Times New Roman"", Times, serif",0,0,0.000000,true
Атлантида,different,atlantis,/different/atlantis,2,58,500,464,17,"""Times New Roman"", Times, serif",0,0,0.000000,true
Атлантида,different,atlantis,/different/atlantis,2,58,500,464,16,"""Times New Roman"", Times, serif",0,0,0.000000,true
Атлантида,different,atlantis,/different/atlantis,2,58,535,499,18,"""Times New Roman"", Times, serif",0,0,0.000000,true
Атлантида,different,atlantis,/different/atlantis,2,58,535,499,17,"""Times New Roman"", Times, serif",0,0,0.000000,true
Атлантида,different,atlantis,/different/atlantis,2,58,535,499,16,"""Times New Roman"", Times, serif",0,0,0.000000,true
Атлантида,different,atlantis,/different/atlantis,2,58,536,500,18,"""Times New Roman"", Times, serif",0,0,0.000000,true
Атлантида,different,atlantis,/different/atlantis,2,58,536,500,17,"""Times New Roman"", Times, serif",0,0,0.000000,true
Атлантида,different,atlantis,/different/atlantis,2,58,536,500,16,"""Times New Roman"", Times, serif",0,0,0.000000,true
Атлантида,different,atlantis,/different/atlantis,2,58,760,724,18,"""Times New Roman"", Times, serif",0,0,0.000000,true
Атлантида,different,atlantis,/different/atlantis,2,58,760,724,17,"""Times New Roman"", Times, serif",0,0,0.000000,true
Атлантида,different,atlantis,/different/atlantis,2,58,760,724,16,"""Times New Roman"", Times, serif",0,0,0.000000,true
Буффонада,different,buffo,/different/buffo,2,70,320,284,18,"""Times New Roman"", Times, serif",0,0,0.000000,true
Буффонада,different,buffo,/different/buffo,2,70,320,284,17,"""Times New Roman"", Times, serif",0,0,0.000000,true
Буффонада,different,buffo,/different/buffo,2,70,320,284,16,"""Times New Roman"", Times, serif",0,0,0.000000,true
Буффонада,different,buffo,/different/buffo,2,70,360,324,18,"""Times New Roman"", Times, serif",0,0,0.000000,true
Буффонада,different,buffo,/different/buffo,2,70,360,324,17,"""Times New Roman"", Times, serif",0,0,0.000000,true
Буффонада,different,buffo,/different/buffo,2,70,360,324,16,"""Times New Roman"", Times, serif",0,0,0.000000,true
Буффонада,different,buffo,/different/buffo,2,70,384,348,18,"""Times New Roman"", Times, serif",0,0,0.000000,true
Буффонада,different,buffo,/different/buffo,2,70,384,348,17,"""Times New Roman"", Times, serif",0,0,0.000000,true
Буффонада,different,buffo,/different/buffo,2,70,384,348,16,"""Times New Roman"", Times, serif",0,0,0.000000,true
Буффонада,different,buffo,/different/buffo,2,70,390,354,18,"""Times New Roman"", Times, serif",0,0,0.000000,true
Буффонада,different,buffo,/different/buffo,2,70,390,354,17,"""Times New Roman"", Times, serif",0,0,0.000000,true
Буффонада,different,buffo,/different/buffo,2,70,390,354,16,"""Times New Roman"", Times, serif",0,0,0.000000,true
Буффонада,different,buffo,/different/buffo,2,70,393,357,18,"""Times New Roman"", Times, serif",0,0,0.000000,true
Буффонада,different,buffo,/different/buffo,2,70,393,357,17,"""Times New Roman"", Times, serif",0,0,0.000000,true
Буффонада,different,buffo,/different/buffo,2,70,393,357,16,"""Times New Roman"", Times, serif",0,0,0.000000,true
Буффонада,different,buffo,/different/buffo,2,70,414,378,18,"""Times New Roman"", Times, serif",0,0,0.000000,true
Буффонада,different,buffo,/different/buffo,2,70,414,378,17,"""Times New Roman"", Times, serif",0,0,0.000000,true
Буффонада,different,buffo,/different/buffo,2,70,414,378,16,"""Times New Roman"", Times, serif",0,0,0.000000,true
Буффонада,different,buffo,/different/buffo,2,70,480,444,18,"""Times New Roman"", Times, serif",0,0,0.000000,true
Буффонада,different,buffo,/different/buffo,2,70,480,444,17,"""Times New Roman"", Times, serif",0,0,0.000000,true
Буффонада,different,buffo,/different/buffo,2,70,480,444,16,"""Times New Roman"", Times, serif",0,0,0.000000,true
Буффонада,different,buffo,/different/buffo,2,70,500,464,18,"""Times New Roman"", Times, serif",0,0,0.000000,true
Буффонада,different,buffo,/different/buffo,2,70,500,464,17,"""Times New Roman"", Times, serif",0,0,0.000000,true
Буффонада,different,buffo,/different/buffo,2,70,500,464,16,"""Times New Roman"", Times, serif",0,0,0.000000,true
Буффонада,different,buffo,/different/buffo,2,70,535,499,18,"""Times New Roman"", Times, serif",0,0,0.000000,true
Буффонада,different,buffo,/different/buffo,2,70,535,499,17,"""Times New Roman"", Times, serif",0,0,0.000000,true
Буффонада,different,buffo,/different/buffo,2,70,535,499,16,"""Times New Roman"", Times, serif",0,0,0.000000,true
Буффонада,different,buffo,/different/buffo,2,70,536,500,18,"""Times New Roman"", Times, serif",0,0,0.000000,true
Буффонада,different,buffo,/different/buffo,2,70,536,500,17,"""Times New Roman"", Times, serif",0,0,0.000000,true
Буффонада,different,buffo,/different/buffo,2,70,536,500,16,"""Times New Roman"", Times, serif",0,0,0.000000,true
Буффонада,different,buffo,/different/buffo,2,70,760,724,18,"""Times New Roman"", Times, serif",0,0,0.000000,true
Буффонада,different,buffo,/different/buffo,2,70,760,724,17,"""Times New Roman"", Times, serif",0,0,0.000000,true
Буффонада,different,buffo,/different/buffo,2,70,760,724,16,"""Times New Roman"", Times, serif",0,0,0.000000,true
Увековечение,different,commemoration,/different/commemoration,2,56,320,284,18,"""Times New Roman"", Times, serif",0,0,0.000000,true
Увековечение,different,commemoration,/different/commemoration,2,56,320,284,17,"""Times New Roman"", Times, serif",0,0,0.000000,true
Увековечение,different,commemoration,/different/commemoration,2,56,320,284,16,"""Times New Roman"", Times, serif",0,0,0.000000,true
Увековечение,different,commemoration,/different/commemoration,2,56,360,324,18,"""Times New Roman"", Times, serif",0,0,0.000000,true
Увековечение,different,commemoration,/different/commemoration,2,56,360,324,17,"""Times New Roman"", Times, serif",0,0,0.000000,true
Увековечение,different,commemoration,/different/commemoration,2,56,360,324,16,"""Times New Roman"", Times, serif",0,0,0.000000,true
Увековечение,different,commemoration,/different/commemoration,2,56,384,348,18,"""Times New Roman"", Times, serif",0,0,0.000000,true
Увековечение,different,commemoration,/different/commemoration,2,56,384,348,17,"""Times New Roman"", Times, serif",0,0,0.000000,true
Увековечение,different,commemoration,/different/commemoration,2,56,384,348,16,"""Times New Roman"", Times, serif",0,0,0.000000,true
Увековечение,different,commemoration,/different/commemoration,2,56,390,354,18,"""Times New Roman"", Times, serif",0,0,0.000000,true
Увековечение,different,commemoration,/different/commemoration,2,56,390,354,17,"""Times New Roman"", Times, serif",0,0,0.000000,true
Увековечение,different,commemoration,/different/commemoration,2,56,390,354,16,"""Times New Roman"", Times, serif",0,0,0.000000,true
Увековечение,different,commemoration,/different/commemoration,2,56,393,357,18,"""Times New Roman"", Times, serif",0,0,0.000000,true
Увековечение,different,commemoration,/different/commemoration,2,56,393,357,17,"""Times New Roman"", Times, serif",0,0,0.000000,true
Увековечение,different,commemoration,/different/commemoration,2,56,393,357,16,"""Times New Roman"", Times, serif",0,0,0.000000,true
Увековечение,different,commemoration,/different/commemoration,2,56,414,378,18,"""Times New Roman"", Times, serif",0,0,0.000000,true
Увековечение,different,commemoration,/different/commemoration,2,56,414,378,17,"""Times New Roman"", Times, serif",0,0,0.000000,true
Увековечение,different,commemoration,/different/commemoration,2,56,414,378,16,"""Times New Roman"", Times, serif",0,0,0.000000,true
Увековечение,different,commemoration,/different/commemoration,2,56,480,444,18,"""Times New Roman"", Times, serif",0,0,0.000000,true
Увековечение,different,commemoration,/different/commemoration,2,56,480,444,17,"""Times New Roman"", Times, serif",0,0,0.000000,true
Увековечение,different,commemoration,/different/commemoration,2,56,480,444,16,"""Times New Roman"", Times, serif",0,0,0.000000,true
Увековечение,different,commemoration,/different/commemoration,2,56,500,464,18,"""Times New Roman"", Times, serif",0,0,0.000000,true
Увековечение,different,commemoration,/different/commemoration,2,56,500,464,17,"""Times New Roman"", Times, serif",0,0,0.000000,true
Увековечение,different,commemoration,/different/commemoration,2,56,500,464,16,"""Times New Roman"", Times, serif",0,0,0.000000,true
Увековечение,different,commemoration,/different/commemoration,2,56,535,499,18,"""Times New Roman"", Times, serif",0,0,0.000000,true
Увековечение,different,commemoration,/different/commemoration,2,56,535,499,17,"""Times New Roman"", Times, serif",0,0,0.000000,true
Увековечение,different,commemoration,/different/commemoration,2,56,535,499,16,"""Times New Roman"", Times, serif",0,0,0.000000,true
Увековечение,different,commemoration,/different/commemoration,2,56,536,500,18,"""Times New Roman"", Times, serif",0,0,0.000000,true
Увековечение,different,commemoration,/different/commemoration,2,56,536,500,17,"""Times New Roman"", Times, serif",0,0,0.000000,true
Увековечение,different,commemoration,/different/commemoration,2,56,536,500,16,"""Times New Roman"", Times, serif",0,0,0.000000,true
Увековечение,different,commemoration,/different/commemoration,2,56,760,724,18,"""Times New Roman"", Times, serif",0,0,0.000000,true
Увековечение,different,commemoration,/different/commemoration,2,56,760,724,17,"""Times New Roman"", Times, serif",0,0,0.000000,true
Увековечение,different,commemoration,/different/commemoration,2,56,760,724,16,"""Times New Roman"", Times, serif",0,0,0.000000,true
Четыре часа утра,different,four-in-the-morning,/different/four-in-the-morning,2,28,320,284,18,"""Times New Roman"", Times, serif",12,12,0.428571,false
Четыре часа утра,different,four-in-the-morning,/different/four-in-the-morning,2,28,320,284,17,"""Times New Roman"", Times, serif",7,7,0.250000,false
Четыре часа утра,different,four-in-the-morning,/different/four-in-the-morning,2,28,320,284,16,"""Times New Roman"", Times, serif",3,3,0.107143,false
Четыре часа утра,different,four-in-the-morning,/different/four-in-the-morning,2,28,360,324,18,"""Times New Roman"", Times, serif",3,3,0.107143,false
Четыре часа утра,different,four-in-the-morning,/different/four-in-the-morning,2,28,360,324,17,"""Times New Roman"", Times, serif",2,2,0.071429,false
Четыре часа утра,different,four-in-the-morning,/different/four-in-the-morning,2,28,360,324,16,"""Times New Roman"", Times, serif",0,0,0.000000,true
Четыре часа утра,different,four-in-the-morning,/different/four-in-the-morning,2,28,384,348,18,"""Times New Roman"", Times, serif",2,2,0.071429,false
Четыре часа утра,different,four-in-the-morning,/different/four-in-the-morning,2,28,384,348,17,"""Times New Roman"", Times, serif",0,0,0.000000,true
Четыре часа утра,different,four-in-the-morning,/different/four-in-the-morning,2,28,384,348,16,"""Times New Roman"", Times, serif",0,0,0.000000,true
Четыре часа утра,different,four-in-the-morning,/different/four-in-the-morning,2,28,390,354,18,"""Times New Roman"", Times, serif",1,1,0.035714,false
Четыре часа утра,different,four-in-the-morning,/different/four-in-the-morning,2,28,390,354,17,"""Times New Roman"", Times, serif",0,0,0.000000,true
Четыре часа утра,different,four-in-the-morning,/different/four-in-the-morning,2,28,390,354,16,"""Times New Roman"", Times, serif",0,0,0.000000,true
Четыре часа утра,different,four-in-the-morning,/different/four-in-the-morning,2,28,393,357,18,"""Times New Roman"", Times, serif",1,1,0.035714,false
Четыре часа утра,different,four-in-the-morning,/different/four-in-the-morning,2,28,393,357,17,"""Times New Roman"", Times, serif",0,0,0.000000,true
Четыре часа утра,different,four-in-the-morning,/different/four-in-the-morning,2,28,393,357,16,"""Times New Roman"", Times, serif",0,0,0.000000,true
Четыре часа утра,different,four-in-the-morning,/different/four-in-the-morning,2,28,414,378,18,"""Times New Roman"", Times, serif",0,0,0.000000,true
Четыре часа утра,different,four-in-the-morning,/different/four-in-the-morning,2,28,414,378,17,"""Times New Roman"", Times, serif",0,0,0.000000,true
Четыре часа утра,different,four-in-the-morning,/different/four-in-the-morning,2,28,414,378,16,"""Times New Roman"", Times, serif",0,0,0.000000,true
Четыре часа утра,different,four-in-the-morning,/different/four-in-the-morning,2,28,480,444,18,"""Times New Roman"", Times, serif",0,0,0.000000,true
Четыре часа утра,different,four-in-the-morning,/different/four-in-the-morning,2,28,480,444,17,"""Times New Roman"", Times, serif",0,0,0.000000,true
Четыре часа утра,different,four-in-the-morning,/different/four-in-the-morning,2,28,480,444,16,"""Times New Roman"", Times, serif",0,0,0.000000,true
Четыре часа утра,different,four-in-the-morning,/different/four-in-the-morning,2,28,500,464,18,"""Times New Roman"", Times, serif",0,0,0.000000,true
Четыре часа утра,different,four-in-the-morning,/different/four-in-the-morning,2,28,500,464,17,"""Times New Roman"", Times, serif",0,0,0.000000,true
Четыре часа утра,different,four-in-the-morning,/different/four-in-the-morning,2,28,500,464,16,"""Times New Roman"", Times, serif",0,0,0.000000,true
Четыре часа утра,different,four-in-the-morning,/different/four-in-the-morning,2,28,535,499,18,"""Times New Roman"", Times, serif",0,0,0.000000,true
Четыре часа утра,different,four-in-the-morning,/different/four-in-the-morning,2,28,535,499,17,"""Times New Roman"", Times, serif",0,0,0.000000,true
Четыре часа утра,different,four-in-the-morning,/different/four-in-the-morning,2,28,535,499,16,"""Times New Roman"", Times, serif",0,0,0.000000,true
Четыре часа утра,different,four-in-the-morning,/different/four-in-the-morning,2,28,536,500,18,"""Times New Roman"", Times, serif",0,0,0.000000,true
Четыре часа утра,different,four-in-the-morning,/different/four-in-the-morning,2,28,536,500,17,"""Times New Roman"", Times, serif",0,0,0.000000,true
Четыре часа утра,different,four-in-the-morning,/different/four-in-the-morning,2,28,536,500,16,"""Times New Roman"", Times, serif",0,0,0.000000,true
Четыре часа утра,different,four-in-the-morning,/different/four-in-the-morning,2,28,760,724,18,"""Times New Roman"", Times, serif",0,0,0.000000,true
Четыре часа утра,different,four-in-the-morning,/different/four-in-the-morning,2,28,760,724,17,"""Times New Roman"", Times, serif",0,0,0.000000,true
Четыре часа утра,different,four-in-the-morning,/different/four-in-the-morning,2,28,760,724,16,"""Times New Roman"", Times, serif",0,0,0.000000,true
Урок,different,lesson,/different/lesson,2,26,320,284,18,"""Times New Roman"", Times, serif",14,14,0.538462,false
Урок,different,lesson,/different/lesson,2,26,320,284,17,"""Times New Roman"", Times, serif",12,12,0.461538,false
Урок,different,lesson,/different/lesson,2,26,320,284,16,"""Times New Roman"", Times, serif",8,8,0.307692,false
Урок,different,lesson,/different/lesson,2,26,360,324,18,"""Times New Roman"", Times, serif",7,7,0.269231,false
Урок,different,lesson,/different/lesson,2,26,360,324,17,"""Times New Roman"", Times, serif",2,2,0.076923,false
Урок,different,lesson,/different/lesson,2,26,360,324,16,"""Times New Roman"", Times, serif",0,0,0.000000,true
Урок,different,lesson,/different/lesson,2,26,384,348,18,"""Times New Roman"", Times, serif",2,2,0.076923,false
Урок,different,lesson,/different/lesson,2,26,384,348,17,"""Times New Roman"", Times, serif",0,0,0.000000,true
Урок,different,lesson,/different/lesson,2,26,384,348,16,"""Times New Roman"", Times, serif",0,0,0.000000,true
Урок,different,lesson,/different/lesson,2,26,390,354,18,"""Times New Roman"", Times, serif",1,1,0.038462,false
Урок,different,lesson,/different/lesson,2,26,390,354,17,"""Times New Roman"", Times, serif",0,0,0.000000,true
Урок,different,lesson,/different/lesson,2,26,390,354,16,"""Times New Roman"", Times, serif",0,0,0.000000,true
Урок,different,lesson,/different/lesson,2,26,393,357,18,"""Times New Roman"", Times, serif",1,1,0.038462,false
Урок,different,lesson,/different/lesson,2,26,393,357,17,"""Times New Roman"", Times, serif",0,0,0.000000,true
Урок,different,lesson,/different/lesson,2,26,393,357,16,"""Times New Roman"", Times, serif",0,0,0.000000,true
Урок,different,lesson,/different/lesson,2,26,414,378,18,"""Times New Roman"", Times, serif",0,0,0.000000,true
Урок,different,lesson,/different/lesson,2,26,414,378,17,"""Times New Roman"", Times, serif",0,0,0.000000,true
Урок,different,lesson,/different/lesson,2,26,414,378,16,"""Times New Roman"", Times, serif",0,0,0.000000,true
Урок,different,lesson,/different/lesson,2,26,480,444,18,"""Times New Roman"", Times, serif",0,0,0.000000,true
Урок,different,lesson,/different/lesson,2,26,480,444,17,"""Times New Roman"", Times, serif",0,0,0.000000,true
Урок,different,lesson,/different/lesson,2,26,480,444,16,"""Times New Roman"", Times, serif",0,0,0.000000,true
Урок,different,lesson,/different/lesson,2,26,500,464,18,"""Times New Roman"", Times, serif",0,0,0.000000,true
Урок,different,lesson,/different/lesson,2,26,500,464,17,"""Times New Roman"", Times, serif",0,0,0.000000,true
Урок,different,lesson,/different/lesson,2,26,500,464,16,"""Times New Roman"", Times, serif",0,0,0.000000,true
Урок,different,lesson,/different/lesson,2,26,535,499,18,"""Times New Roman"", Times, serif",0,0,0.000000,true
Урок,different,lesson,/different/lesson,2,26,535,499,17,"""Times New Roman"", Times, serif",0,0,0.000000,true
Урок,different,lesson,/different/lesson,2,26,535,499,16,"""Times New Roman"", Times, serif",0,0,0.000000,true
Урок,different,lesson,/different/lesson,2,26,536,500,18,"""Times New Roman"", Times, serif",0,0,0.000000,true
Урок,different,lesson,/different/lesson,2,26,536,500,17,"""Times New Roman"", Times, serif",0,0,0.000000,true
Урок,different,lesson,/different/lesson,2,26,536,500,16,"""Times New Roman"", Times, serif",0,0,0.000000,true
Урок,different,lesson,/different/lesson,2,26,760,724,18,"""Times New Roman"", Times, serif",0,0,0.000000,true
Урок,different,lesson,/different/lesson,2,26,760,724,17,"""Times New Roman"", Times, serif",0,0,0.000000,true
Урок,different,lesson,/different/lesson,2,26,760,724,16,"""Times New Roman"", Times, serif",0,0,0.000000,true
Внезапная встреча,different,unexpected-meeting,/different/unexpected-meeting,2,26,320,284,18,"""Times New Roman"", Times, serif",9,9,0.346154,false
Внезапная встреча,different,unexpected-meeting,/different/unexpected-meeting,2,26,320,284,17,"""Times New Roman"", Times, serif",8,8,0.307692,false
Внезапная встреча,different,unexpected-meeting,/different/unexpected-meeting,2,26,320,284,16,"""Times New Roman"", Times, serif",7,7,0.269231,false
Внезапная встреча,different,unexpected-meeting,/different/unexpected-meeting,2,26,360,324,18,"""Times New Roman"", Times, serif",6,6,0.230769,false
Внезапная встреча,different,unexpected-meeting,/different/unexpected-meeting,2,26,360,324,17,"""Times New Roman"", Times, serif",5,5,0.192308,false
Внезапная встреча,different,unexpected-meeting,/different/unexpected-meeting,2,26,360,324,16,"""Times New Roman"", Times, serif",3,3,0.115385,false
Внезапная встреча,different,unexpected-meeting,/different/unexpected-meeting,2,26,384,348,18,"""Times New Roman"", Times, serif",4,4,0.153846,false
Внезапная встреча,different,unexpected-meeting,/different/unexpected-meeting,2,26,384,348,17,"""Times New Roman"", Times, serif",3,3,0.115385,false
Внезапная встреча,different,unexpected-meeting,/different/unexpected-meeting,2,26,384,348,16,"""Times New Roman"", Times, serif",2,2,0.076923,false
Внезапная встреча,different,unexpected-meeting,/different/unexpected-meeting,2,26,390,354,18,"""Times New Roman"", Times, serif",3,3,0.115385,false
Внезапная встреча,different,unexpected-meeting,/different/unexpected-meeting,2,26,390,354,17,"""Times New Roman"", Times, serif",2,2,0.076923,false
Внезапная встреча,different,unexpected-meeting,/different/unexpected-meeting,2,26,390,354,16,"""Times New Roman"", Times, serif",2,2,0.076923,false
Внезапная встреча,different,unexpected-meeting,/different/unexpected-meeting,2,26,393,357,18,"""Times New Roman"", Times, serif",3,3,0.115385,false
Внезапная встреча,different,unexpected-meeting,/different/unexpected-meeting,2,26,393,357,17,"""Times New Roman"", Times, serif",2,2,0.076923,false
Внезапная встреча,different,unexpected-meeting,/different/unexpected-meeting,2,26,393,357,16,"""Times New Roman"", Times, serif",2,2,0.076923,false
Внезапная встреча,different,unexpected-meeting,/different/unexpected-meeting,2,26,414,378,18,"""Times New Roman"", Times, serif",2,2,0.076923,false
Внезапная встреча,different,unexpected-meeting,/different/unexpected-meeting,2,26,414,378,17,"""Times New Roman"", Times, serif",2,2,0.076923,false
Внезапная встреча,different,unexpected-meeting,/different/unexpected-meeting,2,26,414,378,16,"""Times New Roman"", Times, serif",1,1,0.038462,false
Внезапная встреча,different,unexpected-meeting,/different/unexpected-meeting,2,26,480,444,18,"""Times New Roman"", Times, serif",0,0,0.000000,true
Внезапная встреча,different,unexpected-meeting,/different/unexpected-meeting,2,26,480,444,17,"""Times New Roman"", Times, serif",0,0,0.000000,true
Внезапная встреча,different,unexpected-meeting,/different/unexpected-meeting,2,26,480,444,16,"""Times New Roman"", Times, serif",0,0,0.000000,true
Внезапная встреча,different,unexpected-meeting,/different/unexpected-meeting,2,26,500,464,18,"""Times New Roman"", Times, serif",0,0,0.000000,true
Внезапная встреча,different,unexpected-meeting,/different/unexpected-meeting,2,26,500,464,17,"""Times New Roman"", Times, serif",0,0,0.000000,true
Внезапная встреча,different,unexpected-meeting,/different/unexpected-meeting,2,26,500,464,16,"""Times New Roman"", Times, serif",0,0,0.000000,true
Внезапная встреча,different,unexpected-meeting,/different/unexpected-meeting,2,26,535,499,18,"""Times New Roman"", Times, serif",0,0,0.000000,true
Внезапная встреча,different,unexpected-meeting,/different/unexpected-meeting,2,26,535,499,17,"""Times New Roman"", Times, serif",0,0,0.000000,true
Внезапная встреча,different,unexpected-meeting,/different/unexpected-meeting,2,26,535,499,16,"""Times New Roman"", Times, serif",0,0,0.000000,true
Внезапная встреча,different,unexpected-meeting,/different/unexpected-meeting,2,26,536,500,18,"""Times New Roman"", Times, serif",0,0,0.000000,true
Внезапная встреча,different,unexpected-meeting,/different/unexpected-meeting,2,26,536,500,17,"""Times New Roman"", Times, serif",0,0,0.000000,true
Внезапная встреча,different,unexpected-meeting,/different/unexpected-meeting,2,26,536,500,16,"""Times New Roman"", Times, serif",0,0,0.000000,true
Внезапная встреча,different,unexpected-meeting,/different/unexpected-meeting,2,26,760,724,18,"""Times New Roman"", Times, serif",0,0,0.000000,true
Внезапная встреча,different,unexpected-meeting,/different/unexpected-meeting,2,26,760,724,17,"""Times New Roman"", Times, serif",0,0,0.000000,true
Внезапная встреча,different,unexpected-meeting,/different/unexpected-meeting,2,26,760,724,16,"""Times New Roman"", Times, serif",0,0,0.000000,true
Рубенсовские женщины,different,rubens-women,/different/rubens-women,2,58,320,284,18,"""Times New Roman"", Times, serif",10,10,0.172414,false
Рубенсовские женщины,different,rubens-women,/different/rubens-women,2,58,320,284,17,"""Times New Roman"", Times, serif",7,7,0.120690,false
Рубенсовские женщины,different,rubens-women,/different/rubens-women,2,58,320,284,16,"""Times New Roman"", Times, serif",4,4,0.068966,false
Рубенсовские женщины,different,rubens-women,/different/rubens-women,2,58,360,324,18,"""Times New Roman"", Times, serif",4,4,0.068966,false
Рубенсовские женщины,different,rubens-women,/different/rubens-women,2,58,360,324,17,"""Times New Roman"", Times, serif",3,3,0.051724,false
Рубенсовские женщины,different,rubens-women,/different/rubens-women,2,58,360,324,16,"""Times New Roman"", Times, serif",0,0,0.000000,true
Рубенсовские женщины,different,rubens-women,/different/rubens-women,2,58,384,348,18,"""Times New Roman"", Times, serif",2,2,0.034483,false
Рубенсовские женщины,different,rubens-women,/different/rubens-women,2,58,384,348,17,"""Times New Roman"", Times, serif",0,0,0.000000,true
Рубенсовские женщины,different,rubens-women,/different/rubens-women,2,58,384,348,16,"""Times New Roman"", Times, serif",0,0,0.000000,true
Рубенсовские женщины,different,rubens-women,/different/rubens-women,2,58,390,354,18,"""Times New Roman"", Times, serif",2,2,0.034483,false
Рубенсовские женщины,different,rubens-women,/different/rubens-women,2,58,390,354,17,"""Times New Roman"", Times, serif",0,0,0.000000,true
Рубенсовские женщины,different,rubens-women,/different/rubens-women,2,58,390,354,16,"""Times New Roman"", Times, serif",0,0,0.000000,true
Рубенсовские женщины,different,rubens-women,/different/rubens-women,2,58,393,357,18,"""Times New Roman"", Times, serif",2,2,0.034483,false
Рубенсовские женщины,different,rubens-women,/different/rubens-women,2,58,393,357,17,"""Times New Roman"", Times, serif",0,0,0.000000,true
Рубенсовские женщины,different,rubens-women,/different/rubens-women,2,58,393,357,16,"""Times New Roman"", Times, serif",0,0,0.000000,true
Рубенсовские женщины,different,rubens-women,/different/rubens-women,2,58,414,378,18,"""Times New Roman"", Times, serif",0,0,0.000000,true
Рубенсовские женщины,different,rubens-women,/different/rubens-women,2,58,414,378,17,"""Times New Roman"", Times, serif",0,0,0.000000,true
Рубенсовские женщины,different,rubens-women,/different/rubens-women,2,58,414,378,16,"""Times New Roman"", Times, serif",0,0,0.000000,true
Рубенсовские женщины,different,rubens-women,/different/rubens-women,2,58,480,444,18,"""Times New Roman"", Times, serif",0,0,0.000000,true
Рубенсовские женщины,different,rubens-women,/different/rubens-women,2,58,480,444,17,"""Times New Roman"", Times, serif",0,0,0.000000,true
Рубенсовские женщины,different,rubens-women,/different/rubens-women,2,58,480,444,16,"""Times New Roman"", Times, serif",0,0,0.000000,true
Рубенсовские женщины,different,rubens-women,/different/rubens-women,2,58,500,464,18,"""Times New Roman"", Times, serif",0,0,0.000000,true
Рубенсовские женщины,different,rubens-women,/different/rubens-women,2,58,500,464,17,"""Times New Roman"", Times, serif",0,0,0.000000,true
Рубенсовские женщины,different,rubens-women,/different/rubens-women,2,58,500,464,16,"""Times New Roman"", Times, serif",0,0,0.000000,true
Рубенсовские женщины,different,rubens-women,/different/rubens-women,2,58,535,499,18,"""Times New Roman"", Times, serif",0,0,0.000000,true
Рубенсовские женщины,different,rubens-women,/different/rubens-women,2,58,535,499,17,"""Times New Roman"", Times, serif",0,0,0.000000,true
Рубенсовские женщины,different,rubens-women,/different/rubens-women,2,58,535,499,16,"""Times New Roman"", Times, serif",0,0,0.000000,true
Рубенсовские женщины,different,rubens-women,/different/rubens-women,2,58,536,500,18,"""Times New Roman"", Times, serif",0,0,0.000000,true
Рубенсовские женщины,different,rubens-women,/different/rubens-women,2,58,536,500,17,"""Times New Roman"", Times, serif",0,0,0.000000,true
Рубенсовские женщины,different,rubens-women,/different/rubens-women,2,58,536,500,16,"""Times New Roman"", Times, serif",0,0,0.000000,true
Рубенсовские женщины,different,rubens-women,/different/rubens-women,2,58,760,724,18,"""Times New Roman"", Times, serif",0,0,0.000000,true
Рубенсовские женщины,different,rubens-women,/different/rubens-women,2,58,760,724,17,"""Times New Roman"", Times, serif",0,0,0.000000,true
Рубенсовские женщины,different,rubens-women,/different/rubens-women,2,58,760,724,16,"""Times New Roman"", Times, serif",0,0,0.000000,true
Конкурс мужской красоты,different,male-beauty-contest,/different/male-beauty-contest,2,24,320,284,18,"""Times New Roman"", Times, serif",1,1,0.041667,false
Конкурс мужской красоты,different,male-beauty-contest,/different/male-beauty-contest,2,24,320,284,17,"""Times New Roman"", Times, serif",0,0,0.000000,true
Конкурс мужской красоты,different,male-beauty-contest,/different/male-beauty-contest,2,24,320,284,16,"""Times New Roman"", Times, serif",0,0,0.000000,true
Конкурс мужской красоты,different,male-beauty-contest,/different/male-beauty-contest,2,24,360,324,18,"""Times New Roman"", Times, serif",0,0,0.000000,true
Конкурс мужской красоты,different,male-beauty-contest,/different/male-beauty-contest,2,24,360,324,17,"""Times New Roman"", Times, serif",0,0,0.000000,true
Конкурс мужской красоты,different,male-beauty-contest,/different/male-beauty-contest,2,24,360,324,16,"""Times New Roman"", Times, serif",0,0,0.000000,true
Конкурс мужской красоты,different,male-beauty-contest,/different/male-beauty-contest,2,24,384,348,18,"""Times New Roman"", Times, serif",0,0,0.000000,true
Конкурс мужской красоты,different,male-beauty-contest,/different/male-beauty-contest,2,24,384,348,17,"""Times New Roman"", Times, serif",0,0,0.000000,true
Конкурс мужской красоты,different,male-beauty-contest,/different/male-beauty-contest,2,24,384,348,16,"""Times New Roman"", Times, serif",0,0,0.000000,true
Конкурс мужской красоты,different,male-beauty-contest,/different/male-beauty-contest,2,24,390,354,18,"""Times New Roman"", Times, serif",0,0,0.000000,true
Конкурс мужской красоты,different,male-beauty-contest,/different/male-beauty-contest,2,24,390,354,17,"""Times New Roman"", Times, serif",0,0,0.000000,true
Конкурс мужской красоты,different,male-beauty-contest,/different/male-beauty-contest,2,24,390,354,16,"""Times New Roman"", Times, serif",0,0,0.000000,true
Конкурс мужской красоты,different,male-beauty-contest,/different/male-beauty-contest,2,24,393,357,18,"""Times New Roman"", Times, serif",0,0,0.000000,true
Конкурс мужской красоты,different,male-beauty-contest,/different/male-beauty-contest,2,24,393,357,17,"""Times New Roman"", Times, serif",0,0,0.000000,true
Конкурс мужской красоты,different,male-beauty-contest,/different/male-beauty-contest,2,24,393,357,16,"""Times New Roman"", Times, serif",0,0,0.000000,true
Конкурс мужской красоты,different,male-beauty-contest,/different/male-beauty-contest,2,24,414,378,18,"""Times New Roman"", Times, serif",0,0,0.000000,true
Конкурс мужской красоты,different,male-beauty-contest,/different/male-beauty-contest,2,24,414,378,17,"""Times New Roman"", Times, serif",0,0,0.000000,true
Конкурс мужской красоты,different,male-beauty-contest,/different/male-beauty-contest,2,24,414,378,16,"""Times New Roman"", Times, serif",0,0,0.000000,true
Конкурс мужской красоты,different,male-beauty-contest,/different/male-beauty-contest,2,24,480,444,18,"""Times New Roman"", Times, serif",0,0,0.000000,true
Конкурс мужской красоты,different,male-beauty-contest,/different/male-beauty-contest,2,24,480,444,17,"""Times New Roman"", Times, serif",0,0,0.000000,true
Конкурс мужской красоты,different,male-beauty-contest,/different/male-beauty-contest,2,24,480,444,16,"""Times New Roman"", Times, serif",0,0,0.000000,true
Конкурс мужской красоты,different,male-beauty-contest,/different/male-beauty-contest,2,24,500,464,18,"""Times New Roman"", Times, serif",0,0,0.000000,true
Конкурс мужской красоты,different,male-beauty-contest,/different/male-beauty-contest,2,24,500,464,17,"""Times New Roman"", Times, serif",0,0,0.000000,true
Конкурс мужской красоты,different,male-beauty-contest,/different/male-beauty-contest,2,24,500,464,16,"""Times New Roman"", Times, serif",0,0,0.000000,true
Конкурс мужской красоты,different,male-beauty-contest,/different/male-beauty-contest,2,24,535,499,18,"""Times New Roman"", Times, serif",0,0,0.000000,true
Конкурс мужской красоты,different,male-beauty-contest,/different/male-beauty-contest,2,24,535,499,17,"""Times New Roman"", Times, serif",0,0,0.000000,true
Конкурс мужской красоты,different,male-beauty-contest,/different/male-beauty-contest,2,24,535,499,16,"""Times New Roman"", Times, serif",0,0,0.000000,true
Конкурс мужской красоты,different,male-beauty-contest,/different/male-beauty-contest,2,24,536,500,18,"""Times New Roman"", Times, serif",0,0,0.000000,true
Конкурс мужской красоты,different,male-beauty-contest,/different/male-beauty-contest,2,24,536,500,17,"""Times New Roman"", Times, serif",0,0,0.000000,true
Конкурс мужской красоты,different,male-beauty-contest,/different/male-beauty-contest,2,24,536,500,16,"""Times New Roman"", Times, serif",0,0,0.000000,true
Конкурс мужской красоты,different,male-beauty-contest,/different/male-beauty-contest,2,24,760,724,18,"""Times New Roman"", Times, serif",0,0,0.000000,true
Конкурс мужской красоты,different,male-beauty-contest,/different/male-beauty-contest,2,24,760,724,17,"""Times New Roman"", Times, serif",0,0,0.000000,true
Конкурс мужской красоты,different,male-beauty-contest,/different/male-beauty-contest,2,24,760,724,16,"""Times New Roman"", Times, serif",0,0,0.000000,true
Авторский вечер,different,authors-evening,/different/authors-evening,2,42,320,284,18,"""Times New Roman"", Times, serif",20,20,0.476190,false
Авторский вечер,different,authors-evening,/different/authors-evening,2,42,320,284,17,"""Times New Roman"", Times, serif",15,15,0.357143,false
Авторский вечер,different,authors-evening,/different/authors-evening,2,42,320,284,16,"""Times New Roman"", Times, serif",12,12,0.285714,false
Авторский вечер,different,authors-evening,/different/authors-evening,2,42,360,324,18,"""Times New Roman"", Times, serif",12,12,0.285714,false
Авторский вечер,different,authors-evening,/different/authors-evening,2,42,360,324,17,"""Times New Roman"", Times, serif",8,8,0.190476,false
Авторский вечер,different,authors-evening,/different/authors-evening,2,42,360,324,16,"""Times New Roman"", Times, serif",4,4,0.095238,false
Авторский вечер,different,authors-evening,/different/authors-evening,2,42,384,348,18,"""Times New Roman"", Times, serif",7,7,0.166667,false
Авторский вечер,different,authors-evening,/different/authors-evening,2,42,384,348,17,"""Times New Roman"", Times, serif",4,4,0.095238,false
Авторский вечер,different,authors-evening,/different/authors-evening,2,42,384,348,16,"""Times New Roman"", Times, serif",3,3,0.071429,false
Авторский вечер,different,authors-evening,/different/authors-evening,2,42,390,354,18,"""Times New Roman"", Times, serif",6,6,0.142857,false
Авторский вечер,different,authors-evening,/different/authors-evening,2,42,390,354,17,"""Times New Roman"", Times, serif",4,4,0.095238,false
Авторский вечер,different,authors-evening,/different/authors-evening,2,42,390,354,16,"""Times New Roman"", Times, serif",3,3,0.071429,false
Авторский вечер,different,authors-evening,/different/authors-evening,2,42,393,357,18,"""Times New Roman"", Times, serif",6,6,0.142857,false
Авторский вечер,different,authors-evening,/different/authors-evening,2,42,393,357,17,"""Times New Roman"", Times, serif",4,4,0.095238,false
Авторский вечер,different,authors-evening,/different/authors-evening,2,42,393,357,16,"""Times New Roman"", Times, serif",3,3,0.071429,false
Авторский вечер,different,authors-evening,/different/authors-evening,2,42,414,378,18,"""Times New Roman"", Times, serif",4,4,0.095238,false
Авторский вечер,different,authors-evening,/different/authors-evening,2,42,414,378,17,"""Times New Roman"", Times, serif",3,3,0.071429,false
Авторский вечер,different,authors-evening,/different/authors-evening,2,42,414,378,16,"""Times New Roman"", Times, serif",1,1,0.023810,false
Авторский вечер,different,authors-evening,/different/authors-evening,2,42,480,444,18,"""Times New Roman"", Times, serif",1,1,0.023810,false
Авторский вечер,different,authors-evening,/different/authors-evening,2,42,480,444,17,"""Times New Roman"", Times, serif",0,0,0.000000,true
Авторский вечер,different,authors-evening,/different/authors-evening,2,42,480,444,16,"""Times New Roman"", Times, serif",0,0,0.000000,true
Авторский вечер,different,authors-evening,/different/authors-evening,2,42,500,464,18,"""Times New Roman"", Times, serif",0,0,0.000000,true
Авторский вечер,different,authors-evening,/different/authors-evening,2,42,500,464,17,"""Times New Roman"", Times, serif",0,0,0.000000,true
Авторский вечер,different,authors-evening,/different/authors-evening,2,42,500,464,16,"""Times New Roman"", Times, serif",0,0,0.000000,true
Авторский вечер,different,authors-evening,/different/authors-evening,2,42,535,499,18,"""Times New Roman"", Times, serif",0,0,0.000000,true
Авторский вечер,different,authors-evening,/different/authors-evening,2,42,535,499,17,"""Times New Roman"", Times, serif",0,0,0.000000,true
Авторский вечер,different,authors-evening,/different/authors-evening,2,42,535,499,16,"""Times New Roman"", Times, serif",0,0,0.000000,true
Авторский вечер,different,authors-evening,/different/authors-evening,2,42,536,500,18,"""Times New Roman"", Times, serif",0,0,0.000000,true
Авторский вечер,different,authors-evening,/different/authors-evening,2,42,536,500,17,"""Times New Roman"", Times, serif",0,0,0.000000,true
Авторский вечер,different,authors-evening,/different/authors-evening,2,42,536,500,16,"""Times New Roman"", Times, serif",0,0,0.000000,true
Авторский вечер,different,authors-evening,/different/authors-evening,2,42,760,724,18,"""Times New Roman"", Times, serif",0,0,0.000000,true
Авторский вечер,different,authors-evening,/different/authors-evening,2,42,760,724,17,"""Times New Roman"", Times, serif",0,0,0.000000,true
Авторский вечер,different,authors-evening,/different/authors-evening,2,42,760,724,16,"""Times New Roman"", Times, serif",0,0,0.000000,true
Надгробная надпись,different,epitaph,/different/epitaph,2,16,320,284,18,"""Times New Roman"", Times, serif",8,8,0.500000,false
Надгробная надпись,different,epitaph,/different/epitaph,2,16,320,284,17,"""Times New Roman"", Times, serif",4,4,0.250000,false
Надгробная надпись,different,epitaph,/different/epitaph,2,16,320,284,16,"""Times New Roman"", Times, serif",2,2,0.125000,false
Надгробная надпись,different,epitaph,/different/epitaph,2,16,360,324,18,"""Times New Roman"", Times, serif",2,2,0.125000,false
Надгробная надпись,different,epitaph,/different/epitaph,2,16,360,324,17,"""Times New Roman"", Times, serif",2,2,0.125000,false
Надгробная надпись,different,epitaph,/different/epitaph,2,16,360,324,16,"""Times New Roman"", Times, serif",0,0,0.000000,true
Надгробная надпись,different,epitaph,/different/epitaph,2,16,384,348,18,"""Times New Roman"", Times, serif",2,2,0.125000,false
Надгробная надпись,different,epitaph,/different/epitaph,2,16,384,348,17,"""Times New Roman"", Times, serif",0,0,0.000000,true
Надгробная надпись,different,epitaph,/different/epitaph,2,16,384,348,16,"""Times New Roman"", Times, serif",0,0,0.000000,true
Надгробная надпись,different,epitaph,/different/epitaph,2,16,390,354,18,"""Times New Roman"", Times, serif",1,1,0.062500,false
Надгробная надпись,different,epitaph,/different/epitaph,2,16,390,354,17,"""Times New Roman"", Times, serif",0,0,0.000000,true
Надгробная надпись,different,epitaph,/different/epitaph,2,16,390,354,16,"""Times New Roman"", Times, serif",0,0,0.000000,true
Надгробная надпись,different,epitaph,/different/epitaph,2,16,393,357,18,"""Times New Roman"", Times, serif",0,0,0.000000,true
Надгробная надпись,different,epitaph,/different/epitaph,2,16,393,357,17,"""Times New Roman"", Times, serif",0,0,0.000000,true
Надгробная надпись,different,epitaph,/different/epitaph,2,16,393,357,16,"""Times New Roman"", Times, serif",0,0,0.000000,true
Надгробная надпись,different,epitaph,/different/epitaph,2,16,414,378,18,"""Times New Roman"", Times, serif",0,0,0.000000,true
Надгробная надпись,different,epitaph,/different/epitaph,2,16,414,378,17,"""Times New Roman"", Times, serif",0,0,0.000000,true
Надгробная надпись,different,epitaph,/different/epitaph,2,16,414,378,16,"""Times New Roman"", Times, serif",0,0,0.000000,true
Надгробная надпись,different,epitaph,/different/epitaph,2,16,480,444,18,"""Times New Roman"", Times, serif",0,0,0.000000,true
Надгробная надпись,different,epitaph,/different/epitaph,2,16,480,444,17,"""Times New Roman"", Times, serif",0,0,0.000000,true
Надгробная надпись,different,epitaph,/different/epitaph,2,16,480,444,16,"""Times New Roman"", Times, serif",0,0,0.000000,true
Надгробная надпись,different,epitaph,/different/epitaph,2,16,500,464,18,"""Times New Roman"", Times, serif",0,0,0.000000,true
Надгробная надпись,different,epitaph,/different/epitaph,2,16,500,464,17,"""Times New Roman"", Times, serif",0,0,0.000000,true
Надгробная надпись,different,epitaph,/different/epitaph,2,16,500,464,16,"""Times New Roman"", Times, serif",0,0,0.000000,true
Надгробная надпись,different,epitaph,/different/epitaph,2,16,535,499,18,"""Times New Roman"", Times, serif",0,0,0.000000,true
Надгробная надпись,different,epitaph,/different/epitaph,2,16,535,499,17,"""Times New Roman"", Times, serif",0,0,0.000000,true
Надгробная надпись,different,epitaph,/different/epitaph,2,16,535,499,16,"""Times New Roman"", Times, serif",0,0,0.000000,true
Надгробная надпись,different,epitaph,/different/epitaph,2,16,536,500,18,"""Times New Roman"", Times, serif",0,0,0.000000,true
Надгробная надпись,different,epitaph,/different/epitaph,2,16,536,500,17,"""Times New Roman"", Times, serif",0,0,0.000000,true
Надгробная надпись,different,epitaph,/different/epitaph,2,16,536,500,16,"""Times New Roman"", Times, serif",0,0,0.000000,true
Надгробная надпись,different,epitaph,/different/epitaph,2,16,760,724,18,"""Times New Roman"", Times, serif",0,0,0.000000,true
Надгробная надпись,different,epitaph,/different/epitaph,2,16,760,724,17,"""Times New Roman"", Times, serif",0,0,0.000000,true
Надгробная надпись,different,epitaph,/different/epitaph,2,16,760,724,16,"""Times New Roman"", Times, serif",0,0,0.000000,true
Радость писательства,different,joy-of-writing,/different/joy-of-writing,2,64,320,284,18,"""Times New Roman"", Times, serif",21,21,0.328125,false
Радость писательства,different,joy-of-writing,/different/joy-of-writing,2,64,320,284,17,"""Times New Roman"", Times, serif",14,14,0.218750,false
Радость писательства,different,joy-of-writing,/different/joy-of-writing,2,64,320,284,16,"""Times New Roman"", Times, serif",7,7,0.109375,false
Радость писательства,different,joy-of-writing,/different/joy-of-writing,2,64,360,324,18,"""Times New Roman"", Times, serif",6,6,0.093750,false
Радость писательства,different,joy-of-writing,/different/joy-of-writing,2,64,360,324,17,"""Times New Roman"", Times, serif",6,6,0.093750,false
Радость писательства,different,joy-of-writing,/different/joy-of-writing,2,64,360,324,16,"""Times New Roman"", Times, serif",3,3,0.046875,false
Радость писательства,different,joy-of-writing,/different/joy-of-writing,2,64,384,348,18,"""Times New Roman"", Times, serif",6,6,0.093750,false
Радость писательства,different,joy-of-writing,/different/joy-of-writing,2,64,384,348,17,"""Times New Roman"", Times, serif",3,3,0.046875,false
Радость писательства,different,joy-of-writing,/different/joy-of-writing,2,64,384,348,16,"""Times New Roman"", Times, serif",1,1,0.015625,false
Радость писательства,different,joy-of-writing,/different/joy-of-writing,2,64,390,354,18,"""Times New Roman"", Times, serif",5,5,0.078125,false
Радость писательства,different,joy-of-writing,/different/joy-of-writing,2,64,390,354,17,"""Times New Roman"", Times, serif",3,3,0.046875,false
Радость писательства,different,joy-of-writing,/different/joy-of-writing,2,64,390,354,16,"""Times New Roman"", Times, serif",0,0,0.000000,true
Радость писательства,different,joy-of-writing,/different/joy-of-writing,2,64,393,357,18,"""Times New Roman"", Times, serif",5,5,0.078125,false
Радость писательства,different,joy-of-writing,/different/joy-of-writing,2,64,393,357,17,"""Times New Roman"", Times, serif",2,2,0.031250,false
Радость писательства,different,joy-of-writing,/different/joy-of-writing,2,64,393,357,16,"""Times New Roman"", Times, serif",0,0,0.000000,true
Радость писательства,different,joy-of-writing,/different/joy-of-writing,2,64,414,378,18,"""Times New Roman"", Times, serif",2,2,0.031250,false
Радость писательства,different,joy-of-writing,/different/joy-of-writing,2,64,414,378,17,"""Times New Roman"", Times, serif",0,0,0.000000,true
Радость писательства,different,joy-of-writing,/different/joy-of-writing,2,64,414,378,16,"""Times New Roman"", Times, serif",0,0,0.000000,true
Радость писательства,different,joy-of-writing,/different/joy-of-writing,2,64,480,444,18,"""Times New Roman"", Times, serif",0,0,0.000000,true
Радость писательства,different,joy-of-writing,/different/joy-of-writing,2,64,480,444,17,"""Times New Roman"", Times, serif",0,0,0.000000,true
Радость писательства,different,joy-of-writing,/different/joy-of-writing,2,64,480,444,16,"""Times New Roman"", Times, serif",0,0,0.000000,true
Радость писательства,different,joy-of-writing,/different/joy-of-writing,2,64,500,464,18,"""Times New Roman"", Times, serif",0,0,0.000000,true
Радость писательства,different,joy-of-writing,/different/joy-of-writing,2,64,500,464,17,"""Times New Roman"", Times, serif",0,0,0.000000,true
Радость писательства,different,joy-of-writing,/different/joy-of-writing,2,64,500,464,16,"""Times New Roman"", Times, serif",0,0,0.000000,true
Радость писательства,different,joy-of-writing,/different/joy-of-writing,2,64,535,499,18,"""Times New Roman"", Times, serif",0,0,0.000000,true
Радость писательства,different,joy-of-writing,/different/joy-of-writing,2,64,535,499,17,"""Times New Roman"", Times, serif",0,0,0.000000,true
Радость писательства,different,joy-of-writing,/different/joy-of-writing,2,64,535,499,16,"""Times New Roman"", Times, serif",0,0,0.000000,true
Радость писательства,different,joy-of-writing,/different/joy-of-writing,2,64,536,500,18,"""Times New Roman"", Times, serif",0,0,0.000000,true
Радость писательства,different,joy-of-writing,/different/joy-of-writing,2,64,536,500,17,"""Times New Roman"", Times, serif",0,0,0.000000,true
Радость писательства,different,joy-of-writing,/different/joy-of-writing,2,64,536,500,16,"""Times New Roman"", Times, serif",0,0,0.000000,true
Радость писательства,different,joy-of-writing,/different/joy-of-writing,2,64,760,724,18,"""Times New Roman"", Times, serif",0,0,0.000000,true
Радость писательства,different,joy-of-writing,/different/joy-of-writing,2,64,760,724,17,"""Times New Roman"", Times, serif",0,0,0.000000,true
Радость писательства,different,joy-of-writing,/different/joy-of-writing,2,64,760,724,16,"""Times New Roman"", Times, serif",0,0,0.000000,true
Вот память и нашла,different,memory-at-last,/different/memory-at-last,2,60,320,284,18,"""Times New Roman"", Times, serif",23,23,0.383333,false
Вот память и нашла,different,memory-at-last,/different/memory-at-last,2,60,320,284,17,"""Times New Roman"", Times, serif",17,17,0.283333,false
Вот память и нашла,different,memory-at-last,/different/memory-at-last,2,60,320,284,16,"""Times New Roman"", Times, serif",9,9,0.150000,false
Вот память и нашла,different,memory-at-last,/different/memory-at-last,2,60,360,324,18,"""Times New Roman"", Times, serif",7,7,0.116667,false
Вот память и нашла,different,memory-at-last,/different/memory-at-last,2,60,360,324,17,"""Times New Roman"", Times, serif",5,5,0.083333,false
Вот память и нашла,different,memory-at-last,/different/memory-at-last,2,60,360,324,16,"""Times New Roman"", Times, serif",4,4,0.066667,false
Вот память и нашла,different,memory-at-last,/different/memory-at-last,2,60,384,348,18,"""Times New Roman"", Times, serif",4,4,0.066667,false
Вот память и нашла,different,memory-at-last,/different/memory-at-last,2,60,384,348,17,"""Times New Roman"", Times, serif",4,4,0.066667,false
Вот память и нашла,different,memory-at-last,/different/memory-at-last,2,60,384,348,16,"""Times New Roman"", Times, serif",2,2,0.033333,false
Вот память и нашла,different,memory-at-last,/different/memory-at-last,2,60,390,354,18,"""Times New Roman"", Times, serif",4,4,0.066667,false
Вот память и нашла,different,memory-at-last,/different/memory-at-last,2,60,390,354,17,"""Times New Roman"", Times, serif",2,2,0.033333,false
Вот память и нашла,different,memory-at-last,/different/memory-at-last,2,60,390,354,16,"""Times New Roman"", Times, serif",2,2,0.033333,false
Вот память и нашла,different,memory-at-last,/different/memory-at-last,2,60,393,357,18,"""Times New Roman"", Times, serif",4,4,0.066667,false
Вот память и нашла,different,memory-at-last,/different/memory-at-last,2,60,393,357,17,"""Times New Roman"", Times, serif",2,2,0.033333,false
Вот память и нашла,different,memory-at-last,/different/memory-at-last,2,60,393,357,16,"""Times New Roman"", Times, serif",1,1,0.016667,false
Вот память и нашла,different,memory-at-last,/different/memory-at-last,2,60,414,378,18,"""Times New Roman"", Times, serif",2,2,0.033333,false
Вот память и нашла,different,memory-at-last,/different/memory-at-last,2,60,414,378,17,"""Times New Roman"", Times, serif",1,1,0.016667,false
Вот память и нашла,different,memory-at-last,/different/memory-at-last,2,60,414,378,16,"""Times New Roman"", Times, serif",0,0,0.000000,true
Вот память и нашла,different,memory-at-last,/different/memory-at-last,2,60,480,444,18,"""Times New Roman"", Times, serif",0,0,0.000000,true
Вот память и нашла,different,memory-at-last,/different/memory-at-last,2,60,480,444,17,"""Times New Roman"", Times, serif",0,0,0.000000,true
Вот память и нашла,different,memory-at-last,/different/memory-at-last,2,60,480,444,16,"""Times New Roman"", Times, serif",0,0,0.000000,true
Вот память и нашла,different,memory-at-last,/different/memory-at-last,2,60,500,464,18,"""Times New Roman"", Times, serif",0,0,0.000000,true
Вот память и нашла,different,memory-at-last,/different/memory-at-last,2,60,500,464,17,"""Times New Roman"", Times, serif",0,0,0.000000,true
Вот память и нашла,different,memory-at-last,/different/memory-at-last,2,60,500,464,16,"""Times New Roman"", Times, serif",0,0,0.000000,true
Вот память и нашла,different,memory-at-last,/different/memory-at-last,2,60,535,499,18,"""Times New Roman"", Times, serif",0,0,0.000000,true
Вот память и нашла,different,memory-at-last,/different/memory-at-last,2,60,535,499,17,"""Times New Roman"", Times, serif",0,0,0.000000,true
Вот память и нашла,different,memory-at-last,/different/memory-at-last,2,60,535,499,16,"""Times New Roman"", Times, serif",0,0,0.000000,true
Вот память и нашла,different,memory-at-last,/different/memory-at-last,2,60,536,500,18,"""Times New Roman"", Times, serif",0,0,0.000000,true
Вот память и нашла,different,memory-at-last,/different/memory-at-last,2,60,536,500,17,"""Times New Roman"", Times, serif",0,0,0.000000,true
Вот память и нашла,different,memory-at-last,/different/memory-at-last,2,60,536,500,16,"""Times New Roman"", Times, serif",0,0,0.000000,true
Вот память и нашла,different,memory-at-last,/different/memory-at-last,2,60,760,724,18,"""Times New Roman"", Times, serif",0,0,0.000000,true
Вот память и нашла,different,memory-at-last,/different/memory-at-last,2,60,760,724,17,"""Times New Roman"", Times, serif",0,0,0.000000,true
Вот память и нашла,different,memory-at-last,/different/memory-at-last,2,60,760,724,16,"""Times New Roman"", Times, serif",0,0,0.000000,true
Порожденный,different,born,/different/born,2,89,320,284,18,"""Times New Roman"", Times, serif",1,1,0.011236,false
Порожденный,different,born,/different/born,2,89,320,284,17,"""Times New Roman"", Times, serif",1,1,0.011236,false
Порожденный,different,born,/different/born,2,89,320,284,16,"""Times New Roman"", Times, serif",1,1,0.011236,false
Порожденный,different,born,/different/born,2,89,360,324,18,"""Times New Roman"", Times, serif",1,1,0.011236,false
Порожденный,different,born,/different/born,2,89,360,324,17,"""Times New Roman"", Times, serif",1,1,0.011236,false
Порожденный,different,born,/different/born,2,89,360,324,16,"""Times New Roman"", Times, serif",0,0,0.000000,true
Порожденный,different,born,/different/born,2,89,384,348,18,"""Times New Roman"", Times, serif",1,1,0.011236,false
Порожденный,different,born,/different/born,2,89,384,348,17,"""Times New Roman"", Times, serif",0,0,0.000000,true
Порожденный,different,born,/different/born,2,89,384,348,16,"""Times New Roman"", Times, serif",0,0,0.000000,true
Порожденный,different,born,/different/born,2,89,390,354,18,"""Times New Roman"", Times, serif",0,0,0.000000,true
Порожденный,different,born,/different/born,2,89,390,354,17,"""Times New Roman"", Times, serif",0,0,0.000000,true
Порожденный,different,born,/different/born,2,89,390,354,16,"""Times New Roman"", Times, serif",0,0,0.000000,true
Порожденный,different,born,/different/born,2,89,393,357,18,"""Times New Roman"", Times, serif",0,0,0.000000,true
Порожденный,different,born,/different/born,2,89,393,357,17,"""Times New Roman"", Times, serif",0,0,0.000000,true
Порожденный,different,born,/different/born,2,89,393,357,16,"""Times New Roman"", Times, serif",0,0,0.000000,true
Порожденный,different,born,/different/born,2,89,414,378,18,"""Times New Roman"", Times, serif",0,0,0.000000,true
Порожденный,different,born,/different/born,2,89,414,378,17,"""Times New Roman"", Times, serif",0,0,0.000000,true
Порожденный,different,born,/different/born,2,89,414,378,16,"""Times New Roman"", Times, serif",0,0,0.000000,true
Порожденный,different,born,/different/born,2,89,480,444,18,"""Times New Roman"", Times, serif",0,0,0.000000,true
Порожденный,different,born,/different/born,2,89,480,444,17,"""Times New Roman"", Times, serif",0,0,0.000000,true
Порожденный,different,born,/different/born,2,89,480,444,16,"""Times New Roman"", Times, serif",0,0,0.000000,true
Порожденный,different,born,/different/born,2,89,500,464,18,"""Times New Roman"", Times, serif",0,0,0.000000,true
Порожденный,different,born,/different/born,2,89,500,464,17,"""Times New Roman"", Times, serif",0,0,0.000000,true
Порожденный,different,born,/different/born,2,89,500,464,16,"""Times New Roman"", Times, serif",0,0,0.000000,true
Порожденный,different,born,/different/born,2,89,535,499,18,"""Times New Roman"", Times, serif",0,0,0.000000,true
Порожденный,different,born,/different/born,2,89,535,499,17,"""Times New Roman"", Times, serif",0,0,0.000000,true
Порожденный,different,born,/different/born,2,89,535,499,16,"""Times New Roman"", Times, serif",0,0,0.000000,true
Порожденный,different,born,/different/born,2,89,536,500,18,"""Times New Roman"", Times, serif",0,0,0.000000,true
Порожденный,different,born,/different/born,2,89,536,500,17,"""Times New Roman"", Times, serif",0,0,0.000000,true
Порожденный,different,born,/different/born,2,89,536,500,16,"""Times New Roman"", Times, serif",0,0,0.000000,true
Порожденный,different,born,/different/born,2,89,760,724,18,"""Times New Roman"", Times, serif",0,0,0.000000,true
Порожденный,different,born,/different/born,2,89,760,724,17,"""Times New Roman"", Times, serif",0,0,0.000000,true
Порожденный,different,born,/different/born,2,89,760,724,16,"""Times New Roman"", Times, serif",0,0,0.000000,true
Вьетнам,different,vietnam,/different/vietnam,2,20,320,284,18,"""Times New Roman"", Times, serif",14,14,0.700000,false
Вьетнам,different,vietnam,/different/vietnam,2,20,320,284,17,"""Times New Roman"", Times, serif",10,10,0.500000,false
Вьетнам,different,vietnam,/different/vietnam,2,20,320,284,16,"""Times New Roman"", Times, serif",10,10,0.500000,false
Вьетнам,different,vietnam,/different/vietnam,2,20,360,324,18,"""Times New Roman"", Times, serif",9,9,0.450000,false
Вьетнам,different,vietnam,/different/vietnam,2,20,360,324,17,"""Times New Roman"", Times, serif",6,6,0.300000,false
Вьетнам,different,vietnam,/different/vietnam,2,20,360,324,16,"""Times New Roman"", Times, serif",6,6,0.300000,false
Вьетнам,different,vietnam,/different/vietnam,2,20,384,348,18,"""Times New Roman"", Times, serif",6,6,0.300000,false
Вьетнам,different,vietnam,/different/vietnam,2,20,384,348,17,"""Times New Roman"", Times, serif",4,4,0.200000,false
Вьетнам,different,vietnam,/different/vietnam,2,20,384,348,16,"""Times New Roman"", Times, serif",2,2,0.100000,false
Вьетнам,different,vietnam,/different/vietnam,2,20,390,354,18,"""Times New Roman"", Times, serif",6,6,0.300000,false
Вьетнам,different,vietnam,/different/vietnam,2,20,390,354,17,"""Times New Roman"", Times, serif",4,4,0.200000,false
Вьетнам,different,vietnam,/different/vietnam,2,20,390,354,16,"""Times New Roman"", Times, serif",1,1,0.050000,false
Вьетнам,different,vietnam,/different/vietnam,2,20,393,357,18,"""Times New Roman"", Times, serif",6,6,0.300000,false
Вьетнам,different,vietnam,/different/vietnam,2,20,393,357,17,"""Times New Roman"", Times, serif",4,4,0.200000,false
Вьетнам,different,vietnam,/different/vietnam,2,20,393,357,16,"""Times New Roman"", Times, serif",1,1,0.050000,false
Вьетнам,different,vietnam,/different/vietnam,2,20,414,378,18,"""Times New Roman"", Times, serif",4,4,0.200000,false
Вьетнам,different,vietnam,/different/vietnam,2,20,414,378,17,"""Times New Roman"", Times, serif",1,1,0.050000,false
Вьетнам,different,vietnam,/different/vietnam,2,20,414,378,16,"""Times New Roman"", Times, serif",0,0,0.000000,true
Вьетнам,different,vietnam,/different/vietnam,2,20,480,444,18,"""Times New Roman"", Times, serif",0,0,0.000000,true
Вьетнам,different,vietnam,/different/vietnam,2,20,480,444,17,"""Times New Roman"", Times, serif",0,0,0.000000,true
Вьетнам,different,vietnam,/different/vietnam,2,20,480,444,16,"""Times New Roman"", Times, serif",0,0,0.000000,true
Вьетнам,different,vietnam,/different/vietnam,2,20,500,464,18,"""Times New Roman"", Times, serif",0,0,0.000000,true
Вьетнам,different,vietnam,/different/vietnam,2,20,500,464,17,"""Times New Roman"", Times, serif",0,0,0.000000,true
Вьетнам,different,vietnam,/different/vietnam,2,20,500,464,16,"""Times New Roman"", Times, serif",0,0,0.000000,true
Вьетнам,different,vietnam,/different/vietnam,2,20,535,499,18,"""Times New Roman"", Times, serif",0,0,0.000000,true
Вьетнам,different,vietnam,/different/vietnam,2,20,535,499,17,"""Times New Roman"", Times, serif",0,0,0.000000,true
Вьетнам,different,vietnam,/different/vietnam,2,20,535,499,16,"""Times New Roman"", Times, serif",0,0,0.000000,true
Вьетнам,different,vietnam,/different/vietnam,2,20,536,500,18,"""Times New Roman"", Times, serif",0,0,0.000000,true
Вьетнам,different,vietnam,/different/vietnam,2,20,536,500,17,"""Times New Roman"", Times, serif",0,0,0.000000,true
Вьетнам,different,vietnam,/different/vietnam,2,20,536,500,16,"""Times New Roman"", Times, serif",0,0,0.000000,true
Вьетнам,different,vietnam,/different/vietnam,2,20,760,724,18,"""Times New Roman"", Times, serif",0,0,0.000000,true
Вьетнам,different,vietnam,/different/vietnam,2,20,760,724,17,"""Times New Roman"", Times, serif",0,0,0.000000,true
Вьетнам,different,vietnam,/different/vietnam,2,20,760,724,16,"""Times New Roman"", Times, serif",0,0,0.000000,true
Прилет,different,arrival,/different/arrival,2,40,320,284,18,"""Times New Roman"", Times, serif",22,22,0.550000,false
Прилет,different,arrival,/different/arrival,2,40,320,284,17,"""Times New Roman"", Times, serif",14,14,0.350000,false
Прилет,different,arrival,/different/arrival,2,40,320,284,16,"""Times New Roman"", Times, serif",10,10,0.250000,false
Прилет,different,arrival,/different/arrival,2,40,360,324,18,"""Times New Roman"", Times, serif",10,10,0.250000,false
Прилет,different,arrival,/different/arrival,2,40,360,324,17,"""Times New Roman"", Times, serif",4,4,0.100000,false
Прилет,different,arrival,/different/arrival,2,40,360,324,16,"""Times New Roman"", Times, serif",1,1,0.025000,false
Прилет,different,arrival,/different/arrival,2,40,384,348,18,"""Times New Roman"", Times, serif",4,4,0.100000,false
Прилет,different,arrival,/different/arrival,2,40,384,348,17,"""Times New Roman"", Times, serif",1,1,0.025000,false
Прилет,different,arrival,/different/arrival,2,40,384,348,16,"""Times New Roman"", Times, serif",0,0,0.000000,true
Прилет,different,arrival,/different/arrival,2,40,390,354,18,"""Times New Roman"", Times, serif",3,3,0.075000,false
Прилет,different,arrival,/different/arrival,2,40,390,354,17,"""Times New Roman"", Times, serif",0,0,0.000000,true
Прилет,different,arrival,/different/arrival,2,40,390,354,16,"""Times New Roman"", Times, serif",0,0,0.000000,true
Прилет,different,arrival,/different/arrival,2,40,393,357,18,"""Times New Roman"", Times, serif",2,2,0.050000,false
Прилет,different,arrival,/different/arrival,2,40,393,357,17,"""Times New Roman"", Times, serif",0,0,0.000000,true
Прилет,different,arrival,/different/arrival,2,40,393,357,16,"""Times New Roman"", Times, serif",0,0,0.000000,true
Прилет,different,arrival,/different/arrival,2,40,414,378,18,"""Times New Roman"", Times, serif",0,0,0.000000,true
Прилет,different,arrival,/different/arrival,2,40,414,378,17,"""Times New Roman"", Times, serif",0,0,0.000000,true
Прилет,different,arrival,/different/arrival,2,40,414,378,16,"""Times New Roman"", Times, serif",0,0,0.000000,true
Прилет,different,arrival,/different/arrival,2,40,480,444,18,"""Times New Roman"", Times, serif",0,0,0.000000,true
Прилет,different,arrival,/different/arrival,2,40,480,444,17,"""Times New Roman"", Times, serif",0,0,0.000000,true
Прилет,different,arrival,/different/arrival,2,40,480,444,16,"""Times New Roman"", Times, serif",0,0,0.000000,true
Прилет,different,arrival,/different/arrival,2,40,500,464,18,"""Times New Roman"", Times, serif",0,0,0.000000,true
Прилет,different,arrival,/different/arrival,2,40,500,464,17,"""Times New Roman"", Times, serif",0,0,0.000000,true
Прилет,different,arrival,/different/arrival,2,40,500,464,16,"""Times New Roman"", Times, serif",0,0,0.000000,true
Прилет,different,arrival,/different/arrival,2,40,535,499,18,"""Times New Roman"", Times, serif",0,0,0.000000,true
Прилет,different,arrival,/different/arrival,2,40,535,499,17,"""Times New Roman"", Times, serif",0,0,0.000000,true
Прилет,different,arrival,/different/arrival,2,40,535,499,16,"""Times New Roman"", Times, serif",0,0,0.000000,true
Прилет,different,arrival,/different/arrival,2,40,536,500,18,"""Times New Roman"", Times, serif",0,0,0.000000,true
Прилет,different,arrival,/different/arrival,2,40,536,500,17,"""Times New Roman"", Times, serif",0,0,0.000000,true
Прилет,different,arrival,/different/arrival,2,40,536,500,16,"""Times New Roman"", Times, serif",0,0,0.000000,true
Прилет,different,arrival,/different/arrival,2,40,760,724,18,"""Times New Roman"", Times, serif",0,0,0.000000,true
Прилет,different,arrival,/different/arrival,2,40,760,724,17,"""Times New Roman"", Times, serif",0,0,0.000000,true
Прилет,different,arrival,/different/arrival,2,40,760,724,16,"""Times New Roman"", Times, serif",0,0,0.000000,true
Долгопят,different,tarsier,/different/tarsier,2,82,320,284,18,"""Times New Roman"", Times, serif",20,20,0.243902,false
Долгопят,different,tarsier,/different/tarsier,2,82,320,284,17,"""Times New Roman"", Times, serif",17,17,0.207317,false
Долгопят,different,tarsier,/different/tarsier,2,82,320,284,16,"""Times New Roman"", Times, serif",14,14,0.170732,false
Долгопят,different,tarsier,/different/tarsier,2,82,360,324,18,"""Times New Roman"", Times, serif",13,13,0.158537,false
Долгопят,different,tarsier,/different/tarsier,2,82,360,324,17,"""Times New Roman"", Times, serif",10,10,0.121951,false
Долгопят,different,tarsier,/different/tarsier,2,82,360,324,16,"""Times New Roman"", Times, serif",8,8,0.097561,false
Долгопят,different,tarsier,/different/tarsier,2,82,384,348,18,"""Times New Roman"", Times, serif",10,10,0.121951,false
Долгопят,different,tarsier,/different/tarsier,2,82,384,348,17,"""Times New Roman"", Times, serif",6,6,0.073171,false
Долгопят,different,tarsier,/different/tarsier,2,82,384,348,16,"""Times New Roman"", Times, serif",2,2,0.024390,false
Долгопят,different,tarsier,/different/tarsier,2,82,390,354,18,"""Times New Roman"", Times, serif",8,8,0.097561,false
Долгопят,different,tarsier,/different/tarsier,2,82,390,354,17,"""Times New Roman"", Times, serif",3,3,0.036585,false
Долгопят,different,tarsier,/different/tarsier,2,82,390,354,16,"""Times New Roman"", Times, serif",2,2,0.024390,false
Долгопят,different,tarsier,/different/tarsier,2,82,393,357,18,"""Times New Roman"", Times, serif",8,8,0.097561,false
Долгопят,different,tarsier,/different/tarsier,2,82,393,357,17,"""Times New Roman"", Times, serif",2,2,0.024390,false
Долгопят,different,tarsier,/different/tarsier,2,82,393,357,16,"""Times New Roman"", Times, serif",1,1,0.012195,false
Долгопят,different,tarsier,/different/tarsier,2,82,414,378,18,"""Times New Roman"", Times, serif",2,2,0.024390,false
Долгопят,different,tarsier,/different/tarsier,2,82,414,378,17,"""Times New Roman"", Times, serif",1,1,0.012195,false
Долгопят,different,tarsier,/different/tarsier,2,82,414,378,16,"""Times New Roman"", Times, serif",0,0,0.000000,true
Долгопят,different,tarsier,/different/tarsier,2,82,480,444,18,"""Times New Roman"", Times, serif",0,0,0.000000,true
Долгопят,different,tarsier,/different/tarsier,2,82,480,444,17,"""Times New Roman"", Times, serif",0,0,0.000000,true
Долгопят,different,tarsier,/different/tarsier,2,82,480,444,16,"""Times New Roman"", Times, serif",0,0,0.000000,true
Долгопят,different,tarsier,/different/tarsier,2,82,500,464,18,"""Times New Roman"", Times, serif",0,0,0.000000,true
Долгопят,different,tarsier,/different/tarsier,2,82,500,464,17,"""Times New Roman"", Times, serif",0,0,0.000000,true
Долгопят,different,tarsier,/different/tarsier,2,82,500,464,16,"""Times New Roman"", Times, serif",0,0,0.000000,true
Долгопят,different,tarsier,/different/tarsier,2,82,535,499,18,"""Times New Roman"", Times, serif",0,0,0.000000,true
Долгопят,different,tarsier,/different/tarsier,2,82,535,499,17,"""Times New Roman"", Times, serif",0,0,0.000000,true
Долгопят,different,tarsier,/different/tarsier,2,82,535,499,16,"""Times New Roman"", Times, serif",0,0,0.000000,true
Долгопят,different,tarsier,/different/tarsier,2,82,536,500,18,"""Times New Roman"", Times, serif",0,0,0.000000,true
Долгопят,different,tarsier,/different/tarsier,2,82,536,500,17,"""Times New Roman"", Times, serif",0,0,0.000000,true
Долгопят,different,tarsier,/different/tarsier,2,82,536,500,16,"""Times New Roman"", Times, serif",0,0,0.000000,true
Долгопят,different,tarsier,/different/tarsier,2,82,760,724,18,"""Times New Roman"", Times, serif",0,0,0.000000,true
Долгопят,different,tarsier,/different/tarsier,2,82,760,724,17,"""Times New Roman"", Times, serif",0,0,0.000000,true
Долгопят,different,tarsier,/different/tarsier,2,82,760,724,16,"""Times New Roman"", Times, serif",0,0,0.000000,true
Умора,different,hilarity,/different/hilarity,2,74,320,284,18,"""Times New Roman"", Times, serif",16,16,0.216216,false
Умора,different,hilarity,/different/hilarity,2,74,320,284,17,"""Times New Roman"", Times, serif",12,12,0.162162,false
Умора,different,hilarity,/different/hilarity,2,74,320,284,16,"""Times New Roman"", Times, serif",9,9,0.121622,false
Умора,different,hilarity,/different/hilarity,2,74,360,324,18,"""Times New Roman"", Times, serif",8,8,0.108108,false
Умора,different,hilarity,/different/hilarity,2,74,360,324,17,"""Times New Roman"", Times, serif",5,5,0.067568,false
Умора,different,hilarity,/different/hilarity,2,74,360,324,16,"""Times New Roman"", Times, serif",3,3,0.040541,false
Умора,different,hilarity,/different/hilarity,2,74,384,348,18,"""Times New Roman"", Times, serif",4,4,0.054054,false
Умора,different,hilarity,/different/hilarity,2,74,384,348,17,"""Times New Roman"", Times, serif",2,2,0.027027,false
Умора,different,hilarity,/different/hilarity,2,74,384,348,16,"""Times New Roman"", Times, serif",0,0,0.000000,true
Умора,different,hilarity,/different/hilarity,2,74,390,354,18,"""Times New Roman"", Times, serif",4,4,0.054054,false
Умора,different,hilarity,/different/hilarity,2,74,390,354,17,"""Times New Roman"", Times, serif",1,1,0.013514,false
Умора,different,hilarity,/different/hilarity,2,74,390,354,16,"""Times New Roman"", Times, serif",0,0,0.000000,true
Умора,different,hilarity,/different/hilarity,2,74,393,357,18,"""Times New Roman"", Times, serif",4,4,0.054054,false
Умора,different,hilarity,/different/hilarity,2,74,393,357,17,"""Times New Roman"", Times, serif",1,1,0.013514,false
Умора,different,hilarity,/different/hilarity,2,74,393,357,16,"""Times New Roman"", Times, serif",0,0,0.000000,true
Умора,different,hilarity,/different/hilarity,2,74,414,378,18,"""Times New Roman"", Times, serif",1,1,0.013514,false
Умора,different,hilarity,/different/hilarity,2,74,414,378,17,"""Times New Roman"", Times, serif",0,0,0.000000,true
Умора,different,hilarity,/different/hilarity,2,74,414,378,16,"""Times New Roman"", Times, serif",0,0,0.000000,true
Умора,different,hilarity,/different/hilarity,2,74,480,444,18,"""Times New Roman"", Times, serif",0,0,0.000000,true
Умора,different,hilarity,/different/hilarity,2,74,480,444,17,"""Times New Roman"", Times, serif",0,0,0.000000,true
Умора,different,hilarity,/different/hilarity,2,74,480,444,16,"""Times New Roman"", Times, serif",0,0,0.000000,true
Умора,different,hilarity,/different/hilarity,2,74,500,464,18,"""Times New Roman"", Times, serif",0,0,0.000000,true
Умора,different,hilarity,/different/hilarity,2,74,500,464,17,"""Times New Roman"", Times, serif",0,0,0.000000,true
Умора,different,hilarity,/different/hilarity,2,74,500,464,16,"""Times New Roman"", Times, serif",0,0,0.000000,true
Умора,different,hilarity,/different/hilarity,2,74,535,499,18,"""Times New Roman"", Times, serif",0,0,0.000000,true
Умора,different,hilarity,/different/hilarity,2,74,535,499,17,"""Times New Roman"", Times, serif",0,0,0.000000,true
Умора,different,hilarity,/different/hilarity,2,74,535,499,16,"""Times New Roman"", Times, serif",0,0,0.000000,true
Умора,different,hilarity,/different/hilarity,2,74,536,500,18,"""Times New Roman"", Times, serif",0,0,0.000000,true
Умора,different,hilarity,/different/hilarity,2,74,536,500,17,"""Times New Roman"", Times, serif",0,0,0.000000,true
Умора,different,hilarity,/different/hilarity,2,74,536,500,16,"""Times New Roman"", Times, serif",0,0,0.000000,true
Умора,different,hilarity,/different/hilarity,2,74,760,724,18,"""Times New Roman"", Times, serif",0,0,0.000000,true
Умора,different,hilarity,/different/hilarity,2,74,760,724,17,"""Times New Roman"", Times, serif",0,0,0.000000,true
Умора,different,hilarity,/different/hilarity,2,74,760,724,16,"""Times New Roman"", Times, serif",0,0,0.000000,true
Всякий случай,different,in-any-event,/different/in-any-event,2,50,320,284,18,"""Times New Roman"", Times, serif",13,13,0.260000,false
Всякий случай,different,in-any-event,/different/in-any-event,2,50,320,284,17,"""Times New Roman"", Times, serif",8,8,0.160000,false
Всякий случай,different,in-any-event,/different/in-any-event,2,50,320,284,16,"""Times New Roman"", Times, serif",5,5,0.100000,false
Всякий случай,different,in-any-event,/different/in-any-event,2,50,360,324,18,"""Times New Roman"", Times, serif",5,5,0.100000,false
Всякий случай,different,in-any-event,/different/in-any-event,2,50,360,324,17,"""Times New Roman"", Times, serif",1,1,0.020000,false
Всякий случай,different,in-any-event,/different/in-any-event,2,50,360,324,16,"""Times New Roman"", Times, serif",1,1,0.020000,false
Всякий случай,different,in-any-event,/different/in-any-event,2,50,384,348,18,"""Times New Roman"", Times, serif",1,1,0.020000,false
Всякий случай,different,in-any-event,/different/in-any-event,2,50,384,348,17,"""Times New Roman"", Times, serif",1,1,0.020000,false
Всякий случай,different,in-any-event,/different/in-any-event,2,50,384,348,16,"""Times New Roman"", Times, serif",1,1,0.020000,false
Всякий случай,different,in-any-event,/different/in-any-event,2,50,390,354,18,"""Times New Roman"", Times, serif",1,1,0.020000,false
Всякий случай,different,in-any-event,/different/in-any-event,2,50,390,354,17,"""Times New Roman"", Times, serif",1,1,0.020000,false
Всякий случай,different,in-any-event,/different/in-any-event,2,50,390,354,16,"""Times New Roman"", Times, serif",1,1,0.020000,false
Всякий случай,different,in-any-event,/different/in-any-event,2,50,393,357,18,"""Times New Roman"", Times, serif",1,1,0.020000,false
Всякий случай,different,in-any-event,/different/in-any-event,2,50,393,357,17,"""Times New Roman"", Times, serif",1,1,0.020000,false
Всякий случай,different,in-any-event,/different/in-any-event,2,50,393,357,16,"""Times New Roman"", Times, serif",1,1,0.020000,false
Всякий случай,different,in-any-event,/different/in-any-event,2,50,414,378,18,"""Times New Roman"", Times, serif",1,1,0.020000,false
Всякий случай,different,in-any-event,/different/in-any-event,2,50,414,378,17,"""Times New Roman"", Times, serif",1,1,0.020000,false
Всякий случай,different,in-any-event,/different/in-any-event,2,50,414,378,16,"""Times New Roman"", Times, serif",1,1,0.020000,false
Всякий случай,different,in-any-event,/different/in-any-event,2,50,480,444,18,"""Times New Roman"", Times, serif",1,1,0.020000,false
Всякий случай,different,in-any-event,/different/in-any-event,2,50,480,444,17,"""Times New Roman"", Times, serif",0,0,0.000000,true
Всякий случай,different,in-any-event,/different/in-any-event,2,50,480,444,16,"""Times New Roman"", Times, serif",0,0,0.000000,true
Всякий случай,different,in-any-event,/different/in-any-event,2,50,500,464,18,"""Times New Roman"", Times, serif",0,0,0.000000,true
Всякий случай,different,in-any-event,/different/in-any-event,2,50,500,464,17,"""Times New Roman"", Times, serif",0,0,0.000000,true
Всякий случай,different,in-any-event,/different/in-any-event,2,50,500,464,16,"""Times New Roman"", Times, serif",0,0,0.000000,true
Всякий случай,different,in-any-event,/different/in-any-event,2,50,535,499,18,"""Times New Roman"", Times, serif",0,0,0.000000,true
Всякий случай,different,in-any-event,/different/in-any-event,2,50,535,499,17,"""Times New Roman"", Times, serif",0,0,0.000000,true
Всякий случай,different,in-any-event,/different/in-any-event,2,50,535,499,16,"""Times New Roman"", Times, serif",0,0,0.000000,true
Всякий случай,different,in-any-event,/different/in-any-event,2,50,536,500,18,"""Times New Roman"", Times, serif",0,0,0.000000,true
Всякий случай,different,in-any-event,/different/in-any-event,2,50,536,500,17,"""Times New Roman"", Times, serif",0,0,0.000000,true
Всякий случай,different,in-any-event,/different/in-any-event,2,50,536,500,16,"""Times New Roman"", Times, serif",0,0,0.000000,true
Всякий случай,different,in-any-event,/different/in-any-event,2,50,760,724,18,"""Times New Roman"", Times, serif",0,0,0.000000,true
Всякий случай,different,in-any-event,/different/in-any-event,2,50,760,724,17,"""Times New Roman"", Times, serif",0,0,0.000000,true
Всякий случай,different,in-any-event,/different/in-any-event,2,50,760,724,16,"""Times New Roman"", Times, serif",0,0,0.000000,true
Письма умерших,different,letters-of-the-dead,/different/letters-of-the-dead,2,42,320,284,18,"""Times New Roman"", Times, serif",39,38,0.904762,false
Письма умерших,different,letters-of-the-dead,/different/letters-of-the-dead,2,42,320,284,17,"""Times New Roman"", Times, serif",39,38,0.904762,false
Письма умерших,different,letters-of-the-dead,/different/letters-of-the-dead,2,42,320,284,16,"""Times New Roman"", Times, serif",33,32,0.761905,false
Письма умерших,different,letters-of-the-dead,/different/letters-of-the-dead,2,42,360,324,18,"""Times New Roman"", Times, serif",30,29,0.690476,false
Письма умерших,different,letters-of-the-dead,/different/letters-of-the-dead,2,42,360,324,17,"""Times New Roman"", Times, serif",23,22,0.523810,false
Письма умерших,different,letters-of-the-dead,/different/letters-of-the-dead,2,42,360,324,16,"""Times New Roman"", Times, serif",18,18,0.428571,false
Письма умерших,different,letters-of-the-dead,/different/letters-of-the-dead,2,42,384,348,18,"""Times New Roman"", Times, serif",21,20,0.476190,false
Письма умерших,different,letters-of-the-dead,/different/letters-of-the-dead,2,42,384,348,17,"""Times New Roman"", Times, serif",17,17,0.404762,false
Письма умерших,different,letters-of-the-dead,/different/letters-of-the-dead,2,42,384,348,16,"""Times New Roman"", Times, serif",10,10,0.238095,false
Письма умерших,different,letters-of-the-dead,/different/letters-of-the-dead,2,42,390,354,18,"""Times New Roman"", Times, serif",21,20,0.476190,false
Письма умерших,different,letters-of-the-dead,/different/letters-of-the-dead,2,42,390,354,17,"""Times New Roman"", Times, serif",16,16,0.380952,false
Письма умерших,different,letters-of-the-dead,/different/letters-of-the-dead,2,42,390,354,16,"""Times New Roman"", Times, serif",7,7,0.166667,false
Письма умерших,different,letters-of-the-dead,/different/letters-of-the-dead,2,42,393,357,18,"""Times New Roman"", Times, serif",20,20,0.476190,false
Письма умерших,different,letters-of-the-dead,/different/letters-of-the-dead,2,42,393,357,17,"""Times New Roman"", Times, serif",15,15,0.357143,false
Письма умерших,different,letters-of-the-dead,/different/letters-of-the-dead,2,42,393,357,16,"""Times New Roman"", Times, serif",6,6,0.142857,false
Письма умерших,different,letters-of-the-dead,/different/letters-of-the-dead,2,42,414,378,18,"""Times New Roman"", Times, serif",15,15,0.357143,false
Письма умерших,different,letters-of-the-dead,/different/letters-of-the-dead,2,42,414,378,17,"""Times New Roman"", Times, serif",7,7,0.166667,false
Письма умерших,different,letters-of-the-dead,/different/letters-of-the-dead,2,42,414,378,16,"""Times New Roman"", Times, serif",4,4,0.095238,false
Письма умерших,different,letters-of-the-dead,/different/letters-of-the-dead,2,42,480,444,18,"""Times New Roman"", Times, serif",2,2,0.047619,false
Письма умерших,different,letters-of-the-dead,/different/letters-of-the-dead,2,42,480,444,17,"""Times New Roman"", Times, serif",2,2,0.047619,false
Письма умерших,different,letters-of-the-dead,/different/letters-of-the-dead,2,42,480,444,16,"""Times New Roman"", Times, serif",2,2,0.047619,false
Письма умерших,different,letters-of-the-dead,/different/letters-of-the-dead,2,42,500,464,18,"""Times New Roman"", Times, serif",2,2,0.047619,false
Письма умерших,different,letters-of-the-dead,/different/letters-of-the-dead,2,42,500,464,17,"""Times New Roman"", Times, serif",2,2,0.047619,false
Письма умерших,different,letters-of-the-dead,/different/letters-of-the-dead,2,42,500,464,16,"""Times New Roman"", Times, serif",2,2,0.047619,false
Письма умерших,different,letters-of-the-dead,/different/letters-of-the-dead,2,42,535,499,18,"""Times New Roman"", Times, serif",2,2,0.047619,false
Письма умерших,different,letters-of-the-dead,/different/letters-of-the-dead,2,42,535,499,17,"""Times New Roman"", Times, serif",2,2,0.047619,false
Письма умерших,different,letters-of-the-dead,/different/letters-of-the-dead,2,42,535,499,16,"""Times New Roman"", Times, serif",2,2,0.047619,false
Письма умерших,different,letters-of-the-dead,/different/letters-of-the-dead,2,42,536,500,18,"""Times New Roman"", Times, serif",2,2,0.047619,false
Письма умерших,different,letters-of-the-dead,/different/letters-of-the-dead,2,42,536,500,17,"""Times New Roman"", Times, serif",2,2,0.047619,false
Письма умерших,different,letters-of-the-dead,/different/letters-of-the-dead,2,42,536,500,16,"""Times New Roman"", Times, serif",2,2,0.047619,false
Письма умерших,different,letters-of-the-dead,/different/letters-of-the-dead,2,42,760,724,18,"""Times New Roman"", Times, serif",2,2,0.047619,false
Письма умерших,different,letters-of-the-dead,/different/letters-of-the-dead,2,42,760,724,17,"""Times New Roman"", Times, serif",2,2,0.047619,false
Письма умерших,different,letters-of-the-dead,/different/letters-of-the-dead,2,42,760,724,16,"""Times New Roman"", Times, serif",2,2,0.047619,false
Проспект,different,prospect,/different/prospect,2,56,320,284,18,"""Times New Roman"", Times, serif",3,3,0.053571,false
Проспект,different,prospect,/different/prospect,2,56,320,284,17,"""Times New Roman"", Times, serif",2,2,0.035714,false
Проспект,different,prospect,/different/prospect,2,56,320,284,16,"""Times New Roman"", Times, serif",1,1,0.017857,false
Проспект,different,prospect,/different/prospect,2,56,360,324,18,"""Times New Roman"", Times, serif",1,1,0.017857,false
Проспект,different,prospect,/different/prospect,2,56,360,324,17,"""Times New Roman"", Times, serif",0,0,0.000000,true
Проспект,different,prospect,/different/prospect,2,56,360,324,16,"""Times New Roman"", Times, serif",0,0,0.000000,true
Проспект,different,prospect,/different/prospect,2,56,384,348,18,"""Times New Roman"", Times, serif",0,0,0.000000,true
Проспект,different,prospect,/different/prospect,2,56,384,348,17,"""Times New Roman"", Times, serif",0,0,0.000000,true
Проспект,different,prospect,/different/prospect,2,56,384,348,16,"""Times New Roman"", Times, serif",0,0,0.000000,true
Проспект,different,prospect,/different/prospect,2,56,390,354,18,"""Times New Roman"", Times, serif",0,0,0.000000,true
Проспект,different,prospect,/different/prospect,2,56,390,354,17,"""Times New Roman"", Times, serif",0,0,0.000000,true
Проспект,different,prospect,/different/prospect,2,56,390,354,16,"""Times New Roman"", Times, serif",0,0,0.000000,true
Проспект,different,prospect,/different/prospect,2,56,393,357,18,"""Times New Roman"", Times, serif",0,0,0.000000,true
Проспект,different,prospect,/different/prospect,2,56,393,357,17,"""Times New Roman"", Times, serif",0,0,0.000000,true
Проспект,different,prospect,/different/prospect,2,56,393,357,16,"""Times New Roman"", Times, serif",0,0,0.000000,true
Проспект,different,prospect,/different/prospect,2,56,414,378,18,"""Times New Roman"", Times, serif",0,0,0.000000,true
Проспект,different,prospect,/different/prospect,2,56,414,378,17,"""Times New Roman"", Times, serif",0,0,0.000000,true
Проспект,different,prospect,/different/prospect,2,56,414,378,16,"""Times New Roman"", Times, serif",0,0,0.000000,true
Проспект,different,prospect,/different/prospect,2,56,480,444,18,"""Times New Roman"", Times, serif",0,0,0.000000,true
Проспект,different,prospect,/different/prospect,2,56,480,444,17,"""Times New Roman"", Times, serif",0,0,0.000000,true
Проспект,different,prospect,/different/prospect,2,56,480,444,16,"""Times New Roman"", Times, serif",0,0,0.000000,true
Проспект,different,prospect,/different/prospect,2,56,500,464,18,"""Times New Roman"", Times, serif",0,0,0.000000,true
Проспект,different,prospect,/different/prospect,2,56,500,464,17,"""Times New Roman"", Times, serif",0,0,0.000000,true
Проспект,different,prospect,/different/prospect,2,56,500,464,16,"""Times New Roman"", Times, serif",0,0,0.000000,true
Проспект,different,prospect,/different/prospect,2,56,535,499,18,"""Times New Roman"", Times, serif",0,0,0.000000,true
Проспект,different,prospect,/different/prospect,2,56,535,499,17,"""Times New Roman"", Times, serif",0,0,0.000000,true
Проспект,different,prospect,/different/prospect,2,56,535,499,16,"""Times New Roman"", Times, serif",0,0,0.000000,true
Проспект,different,prospect,/different/prospect,2,56,536,500,18,"""Times New Roman"", Times, serif",0,0,0.000000,true
Проспект,different,prospect,/different/prospect,2,56,536,500,17,"""Times New Roman"", Times, serif",0,0,0.000000,true
Проспект,different,prospect,/different/prospect,2,56,536,500,16,"""Times New Roman"", Times, serif",0,0,0.000000,true
Проспект,different,prospect,/different/prospect,2,56,760,724,18,"""Times New Roman"", Times, serif",0,0,0.000000,true
Проспект,different,prospect,/different/prospect,2,56,760,724,17,"""Times New Roman"", Times, serif",0,0,0.000000,true
Проспект,different,prospect,/different/prospect,2,56,760,724,16,"""Times New Roman"", Times, serif",0,0,0.000000,true
Открытие,different,discovery,/different/discovery,2,58,320,284,18,"""Times New Roman"", Times, serif",13,13,0.224138,false
Открытие,different,discovery,/different/discovery,2,58,320,284,17,"""Times New Roman"", Times, serif",12,12,0.206897,false
Открытие,different,discovery,/different/discovery,2,58,320,284,16,"""Times New Roman"", Times, serif",9,9,0.155172,false
Открытие,different,discovery,/different/discovery,2,58,360,324,18,"""Times New Roman"", Times, serif",7,7,0.120690,false
Открытие,different,discovery,/different/discovery,2,58,360,324,17,"""Times New Roman"", Times, serif",5,5,0.086207,false
Открытие,different,discovery,/different/discovery,2,58,360,324,16,"""Times New Roman"", Times, serif",2,2,0.034483,false
Открытие,different,discovery,/different/discovery,2,58,384,348,18,"""Times New Roman"", Times, serif",5,5,0.086207,false
Открытие,different,discovery,/different/discovery,2,58,384,348,17,"""Times New Roman"", Times, serif",2,2,0.034483,false
Открытие,different,discovery,/different/discovery,2,58,384,348,16,"""Times New Roman"", Times, serif",1,1,0.017241,false
Открытие,different,discovery,/different/discovery,2,58,390,354,18,"""Times New Roman"", Times, serif",5,5,0.086207,false
Открытие,different,discovery,/different/discovery,2,58,390,354,17,"""Times New Roman"", Times, serif",2,2,0.034483,false
Открытие,different,discovery,/different/discovery,2,58,390,354,16,"""Times New Roman"", Times, serif",1,1,0.017241,false
Открытие,different,discovery,/different/discovery,2,58,393,357,18,"""Times New Roman"", Times, serif",4,4,0.068966,false
Открытие,different,discovery,/different/discovery,2,58,393,357,17,"""Times New Roman"", Times, serif",2,2,0.034483,false
Открытие,different,discovery,/different/discovery,2,58,393,357,16,"""Times New Roman"", Times, serif",0,0,0.000000,true
Открытие,different,discovery,/different/discovery,2,58,414,378,18,"""Times New Roman"", Times, serif",2,2,0.034483,false
Открытие,different,discovery,/different/discovery,2,58,414,378,17,"""Times New Roman"", Times, serif",1,1,0.017241,false
Открытие,different,discovery,/different/discovery,2,58,414,378,16,"""Times New Roman"", Times, serif",0,0,0.000000,true
Открытие,different,discovery,/different/discovery,2,58,480,444,18,"""Times New Roman"", Times, serif",0,0,0.000000,true
Открытие,different,discovery,/different/discovery,2,58,480,444,17,"""Times New Roman"", Times, serif",0,0,0.000000,true
Открытие,different,discovery,/different/discovery,2,58,480,444,16,"""Times New Roman"", Times, serif",0,0,0.000000,true
Открытие,different,discovery,/different/discovery,2,58,500,464,18,"""Times New Roman"", Times, serif",0,0,0.000000,true
Открытие,different,discovery,/different/discovery,2,58,500,464,17,"""Times New Roman"", Times, serif",0,0,0.000000,true
Открытие,different,discovery,/different/discovery,2,58,500,464,16,"""Times New Roman"", Times, serif",0,0,0.000000,true
Открытие,different,discovery,/different/discovery,2,58,535,499,18,"""Times New Roman"", Times, serif",0,0,0.000000,true
Открытие,different,discovery,/different/discovery,2,58,535,499,17,"""Times New Roman"", Times, serif",0,0,0.000000,true
Открытие,different,discovery,/different/discovery,2,58,535,499,16,"""Times New Roman"", Times, serif",0,0,0.000000,true
Открытие,different,discovery,/different/discovery,2,58,536,500,18,"""Times New Roman"", Times, serif",0,0,0.000000,true
Открытие,different,discovery,/different/discovery,2,58,536,500,17,"""Times New Roman"", Times, serif",0,0,0.000000,true
Открытие,different,discovery,/different/discovery,2,58,536,500,16,"""Times New Roman"", Times, serif",0,0,0.000000,true
Открытие,different,discovery,/different/discovery,2,58,760,724,18,"""Times New Roman"", Times, serif",0,0,0.000000,true
Открытие,different,discovery,/different/discovery,2,58,760,724,17,"""Times New Roman"", Times, serif",0,0,0.000000,true
Открытие,different,discovery,/different/discovery,2,58,760,724,16,"""Times New Roman"", Times, serif",0,0,0.000000,true
Скелет ящера,different,lizard-skeleton,/different/lizard-skeleton,2,66,320,284,18,"""Times New Roman"", Times, serif",22,22,0.333333,false
Скелет ящера,different,lizard-skeleton,/different/lizard-skeleton,2,66,320,284,17,"""Times New Roman"", Times, serif",17,17,0.257576,false
Скелет ящера,different,lizard-skeleton,/different/lizard-skeleton,2,66,320,284,16,"""Times New Roman"", Times, serif",14,14,0.212121,false
Скелет ящера,different,lizard-skeleton,/different/lizard-skeleton,2,66,360,324,18,"""Times New Roman"", Times, serif",13,13,0.196970,false
Скелет ящера,different,lizard-skeleton,/different/lizard-skeleton,2,66,360,324,17,"""Times New Roman"", Times, serif",7,7,0.106061,false
Скелет ящера,different,lizard-skeleton,/different/lizard-skeleton,2,66,360,324,16,"""Times New Roman"", Times, serif",5,5,0.075758,false
Скелет ящера,different,lizard-skeleton,/different/lizard-skeleton,2,66,384,348,18,"""Times New Roman"", Times, serif",7,7,0.106061,false
Скелет ящера,different,lizard-skeleton,/different/lizard-skeleton,2,66,384,348,17,"""Times New Roman"", Times, serif",5,5,0.075758,false
Скелет ящера,different,lizard-skeleton,/different/lizard-skeleton,2,66,384,348,16,"""Times New Roman"", Times, serif",3,3,0.045455,false
Скелет ящера,different,lizard-skeleton,/different/lizard-skeleton,2,66,390,354,18,"""Times New Roman"", Times, serif",7,7,0.106061,false
Скелет ящера,different,lizard-skeleton,/different/lizard-skeleton,2,66,390,354,17,"""Times New Roman"", Times, serif",4,4,0.060606,false
Скелет ящера,different,lizard-skeleton,/different/lizard-skeleton,2,66,390,354,16,"""Times New Roman"", Times, serif",3,3,0.045455,false
Скелет ящера,different,lizard-skeleton,/different/lizard-skeleton,2,66,393,357,18,"""Times New Roman"", Times, serif",5,5,0.075758,false
Скелет ящера,different,lizard-skeleton,/different/lizard-skeleton,2,66,393,357,17,"""Times New Roman"", Times, serif",3,3,0.045455,false
Скелет ящера,different,lizard-skeleton,/different/lizard-skeleton,2,66,393,357,16,"""Times New Roman"", Times, serif",3,3,0.045455,false
Скелет ящера,different,lizard-skeleton,/different/lizard-skeleton,2,66,414,378,18,"""Times New Roman"", Times, serif",3,3,0.045455,false
Скелет ящера,different,lizard-skeleton,/different/lizard-skeleton,2,66,414,378,17,"""Times New Roman"", Times, serif",3,3,0.045455,false
Скелет ящера,different,lizard-skeleton,/different/lizard-skeleton,2,66,414,378,16,"""Times New Roman"", Times, serif",0,0,0.000000,true
Скелет ящера,different,lizard-skeleton,/different/lizard-skeleton,2,66,480,444,18,"""Times New Roman"", Times, serif",0,0,0.000000,true
Скелет ящера,different,lizard-skeleton,/different/lizard-skeleton,2,66,480,444,17,"""Times New Roman"", Times, serif",0,0,0.000000,true
Скелет ящера,different,lizard-skeleton,/different/lizard-skeleton,2,66,480,444,16,"""Times New Roman"", Times, serif",0,0,0.000000,true
Скелет ящера,different,lizard-skeleton,/different/lizard-skeleton,2,66,500,464,18,"""Times New Roman"", Times, serif",0,0,0.000000,true
Скелет ящера,different,lizard-skeleton,/different/lizard-skeleton,2,66,500,464,17,"""Times New Roman"", Times, serif",0,0,0.000000,true
Скелет ящера,different,lizard-skeleton,/different/lizard-skeleton,2,66,500,464,16,"""Times New Roman"", Times, serif",0,0,0.000000,true
Скелет ящера,different,lizard-skeleton,/different/lizard-skeleton,2,66,535,499,18,"""Times New Roman"", Times, serif",0,0,0.000000,true
Скелет ящера,different,lizard-skeleton,/different/lizard-skeleton,2,66,535,499,17,"""Times New Roman"", Times, serif",0,0,0.000000,true
Скелет ящера,different,lizard-skeleton,/different/lizard-skeleton,2,66,535,499,16,"""Times New Roman"", Times, serif",0,0,0.000000,true
Скелет ящера,different,lizard-skeleton,/different/lizard-skeleton,2,66,536,500,18,"""Times New Roman"", Times, serif",0,0,0.000000,true
Скелет ящера,different,lizard-skeleton,/different/lizard-skeleton,2,66,536,500,17,"""Times New Roman"", Times, serif",0,0,0.000000,true
Скелет ящера,different,lizard-skeleton,/different/lizard-skeleton,2,66,536,500,16,"""Times New Roman"", Times, serif",0,0,0.000000,true
Скелет ящера,different,lizard-skeleton,/different/lizard-skeleton,2,66,760,724,18,"""Times New Roman"", Times, serif",0,0,0.000000,true
Скелет ящера,different,lizard-skeleton,/different/lizard-skeleton,2,66,760,724,17,"""Times New Roman"", Times, serif",0,0,0.000000,true
Скелет ящера,different,lizard-skeleton,/different/lizard-skeleton,2,66,760,724,16,"""Times New Roman"", Times, serif",0,0,0.000000,true
Погоня,different,pursuit,/different/pursuit,2,64,320,284,18,"""Times New Roman"", Times, serif",40,40,0.625000,false
Погоня,different,pursuit,/different/pursuit,2,64,320,284,17,"""Times New Roman"", Times, serif",31,31,0.484375,false
Погоня,different,pursuit,/different/pursuit,2,64,320,284,16,"""Times New Roman"", Times, serif",25,25,0.390625,false
Погоня,different,pursuit,/different/pursuit,2,64,360,324,18,"""Times New Roman"", Times, serif",23,23,0.359375,false
Погоня,different,pursuit,/different/pursuit,2,64,360,324,17,"""Times New Roman"", Times, serif",13,13,0.203125,false
Погоня,different,pursuit,/different/pursuit,2,64,360,324,16,"""Times New Roman"", Times, serif",4,4,0.062500,false
Погоня,different,pursuit,/different/pursuit,2,64,384,348,18,"""Times New Roman"", Times, serif",10,10,0.156250,false
Погоня,different,pursuit,/different/pursuit,2,64,384,348,17,"""Times New Roman"", Times, serif",2,2,0.031250,false
Погоня,different,pursuit,/different/pursuit,2,64,384,348,16,"""Times New Roman"", Times, serif",0,0,0.000000,true
Погоня,different,pursuit,/different/pursuit,2,64,390,354,18,"""Times New Roman"", Times, serif",8,8,0.125000,false
Погоня,different,pursuit,/different/pursuit,2,64,390,354,17,"""Times New Roman"", Times, serif",1,1,0.015625,false
Погоня,different,pursuit,/different/pursuit,2,64,390,354,16,"""Times New Roman"", Times, serif",0,0,0.000000,true
Погоня,different,pursuit,/different/pursuit,2,64,393,357,18,"""Times New Roman"", Times, serif",7,7,0.109375,false
Погоня,different,pursuit,/different/pursuit,2,64,393,357,17,"""Times New Roman"", Times, serif",1,1,0.015625,false
Погоня,different,pursuit,/different/pursuit,2,64,393,357,16,"""Times New Roman"", Times, serif",0,0,0.000000,true
Погоня,different,pursuit,/different/pursuit,2,64,414,378,18,"""Times New Roman"", Times, serif",1,1,0.015625,false
Погоня,different,pursuit,/different/pursuit,2,64,414,378,17,"""Times New Roman"", Times, serif",0,0,0.000000,true
Погоня,different,pursuit,/different/pursuit,2,64,414,378,16,"""Times New Roman"", Times, serif",0,0,0.000000,true
Погоня,different,pursuit,/different/pursuit,2,64,480,444,18,"""Times New Roman"", Times, serif",0,0,0.000000,true
Погоня,different,pursuit,/different/pursuit,2,64,480,444,17,"""Times New Roman"", Times, serif",0,0,0.000000,true
Погоня,different,pursuit,/different/pursuit,2,64,480,444,16,"""Times New Roman"", Times, serif",0,0,0.000000,true
Погоня,different,pursuit,/different/pursuit,2,64,500,464,18,"""Times New Roman"", Times, serif",0,0,0.000000,true
Погоня,different,pursuit,/different/pursuit,2,64,500,464,17,"""Times New Roman"", Times, serif",0,0,0.000000,true
Погоня,different,pursuit,/different/pursuit,2,64,500,464,16,"""Times New Roman"", Times, serif",0,0,0.000000,true
Погоня,different,pursuit,/different/pursuit,2,64,535,499,18,"""Times New Roman"", Times, serif",0,0,0.000000,true
Погоня,different,pursuit,/different/pursuit,2,64,535,499,17,"""Times New Roman"", Times, serif",0,0,0.000000,true
Погоня,different,pursuit,/different/pursuit,2,64,535,499,16,"""Times New Roman"", Times, serif",0,0,0.000000,true
Погоня,different,pursuit,/different/pursuit,2,64,536,500,18,"""Times New Roman"", Times, serif",0,0,0.000000,true
Погоня,different,pursuit,/different/pursuit,2,64,536,500,17,"""Times New Roman"", Times, serif",0,0,0.000000,true
Погоня,different,pursuit,/different/pursuit,2,64,536,500,16,"""Times New Roman"", Times, serif",0,0,0.000000,true
Погоня,different,pursuit,/different/pursuit,2,64,760,724,18,"""Times New Roman"", Times, serif",0,0,0.000000,true
Погоня,different,pursuit,/different/pursuit,2,64,760,724,17,"""Times New Roman"", Times, serif",0,0,0.000000,true
Погоня,different,pursuit,/different/pursuit,2,64,760,724,16,"""Times New Roman"", Times, serif",0,0,0.000000,true
Allegro ma non troppo,different,allegro-ma-non-troppo,/different/allegro-ma-non-troppo,2,64,320,284,18,"""Times New Roman"", Times, serif",0,0,0.000000,true
Allegro ma non troppo,different,allegro-ma-non-troppo,/different/allegro-ma-non-troppo,2,64,320,284,17,"""Times New Roman"", Times, serif",0,0,0.000000,true
Allegro ma non troppo,different,allegro-ma-non-troppo,/different/allegro-ma-non-troppo,2,64,320,284,16,"""Times New Roman"", Times, serif",0,0,0.000000,true
Allegro ma non troppo,different,allegro-ma-non-troppo,/different/allegro-ma-non-troppo,2,64,360,324,18,"""Times New Roman"", Times, serif",0,0,0.000000,true
Allegro ma non troppo,different,allegro-ma-non-troppo,/different/allegro-ma-non-troppo,2,64,360,324,17,"""Times New Roman"", Times, serif",0,0,0.000000,true
Allegro ma non troppo,different,allegro-ma-non-troppo,/different/allegro-ma-non-troppo,2,64,360,324,16,"""Times New Roman"", Times, serif",0,0,0.000000,true
Allegro ma non troppo,different,allegro-ma-non-troppo,/different/allegro-ma-non-troppo,2,64,384,348,18,"""Times New Roman"", Times, serif",0,0,0.000000,true
Allegro ma non troppo,different,allegro-ma-non-troppo,/different/allegro-ma-non-troppo,2,64,384,348,17,"""Times New Roman"", Times, serif",0,0,0.000000,true
Allegro ma non troppo,different,allegro-ma-non-troppo,/different/allegro-ma-non-troppo,2,64,384,348,16,"""Times New Roman"", Times, serif",0,0,0.000000,true
Allegro ma non troppo,different,allegro-ma-non-troppo,/different/allegro-ma-non-troppo,2,64,390,354,18,"""Times New Roman"", Times, serif",0,0,0.000000,true
Allegro ma non troppo,different,allegro-ma-non-troppo,/different/allegro-ma-non-troppo,2,64,390,354,17,"""Times New Roman"", Times, serif",0,0,0.000000,true
Allegro ma non troppo,different,allegro-ma-non-troppo,/different/allegro-ma-non-troppo,2,64,390,354,16,"""Times New Roman"", Times, serif",0,0,0.000000,true
Allegro ma non troppo,different,allegro-ma-non-troppo,/different/allegro-ma-non-troppo,2,64,393,357,18,"""Times New Roman"", Times, serif",0,0,0.000000,true
Allegro ma non troppo,different,allegro-ma-non-troppo,/different/allegro-ma-non-troppo,2,64,393,357,17,"""Times New Roman"", Times, serif",0,0,0.000000,true
Allegro ma non troppo,different,allegro-ma-non-troppo,/different/allegro-ma-non-troppo,2,64,393,357,16,"""Times New Roman"", Times, serif",0,0,0.000000,true
Allegro ma non troppo,different,allegro-ma-non-troppo,/different/allegro-ma-non-troppo,2,64,414,378,18,"""Times New Roman"", Times, serif",0,0,0.000000,true
Allegro ma non troppo,different,allegro-ma-non-troppo,/different/allegro-ma-non-troppo,2,64,414,378,17,"""Times New Roman"", Times, serif",0,0,0.000000,true
Allegro ma non troppo,different,allegro-ma-non-troppo,/different/allegro-ma-non-troppo,2,64,414,378,16,"""Times New Roman"", Times, serif",0,0,0.000000,true
Allegro ma non troppo,different,allegro-ma-non-troppo,/different/allegro-ma-non-troppo,2,64,480,444,18,"""Times New Roman"", Times, serif",0,0,0.000000,true
Allegro ma non troppo,different,allegro-ma-non-troppo,/different/allegro-ma-non-troppo,2,64,480,444,17,"""Times New Roman"", Times, serif",0,0,0.000000,true
Allegro ma non troppo,different,allegro-ma-non-troppo,/different/allegro-ma-non-troppo,2,64,480,444,16,"""Times New Roman"", Times, serif",0,0,0.000000,true
Allegro ma non troppo,different,allegro-ma-non-troppo,/different/allegro-ma-non-troppo,2,64,500,464,18,"""Times New Roman"", Times, serif",0,0,0.000000,true
Allegro ma non troppo,different,allegro-ma-non-troppo,/different/allegro-ma-non-troppo,2,64,500,464,17,"""Times New Roman"", Times, serif",0,0,0.000000,true
Allegro ma non troppo,different,allegro-ma-non-troppo,/different/allegro-ma-non-troppo,2,64,500,464,16,"""Times New Roman"", Times, serif",0,0,0.000000,true
Allegro ma non troppo,different,allegro-ma-non-troppo,/different/allegro-ma-non-troppo,2,64,535,499,18,"""Times New Roman"", Times, serif",0,0,0.000000,true
Allegro ma non troppo,different,allegro-ma-non-troppo,/different/allegro-ma-non-troppo,2,64,535,499,17,"""Times New Roman"", Times, serif",0,0,0.000000,true
Allegro ma non troppo,different,allegro-ma-non-troppo,/different/allegro-ma-non-troppo,2,64,535,499,16,"""Times New Roman"", Times, serif",0,0,0.000000,true
Allegro ma non troppo,different,allegro-ma-non-troppo,/different/allegro-ma-non-troppo,2,64,536,500,18,"""Times New Roman"", Times, serif",0,0,0.000000,true
Allegro ma non troppo,different,allegro-ma-non-troppo,/different/allegro-ma-non-troppo,2,64,536,500,17,"""Times New Roman"", Times, serif",0,0,0.000000,true
Allegro ma non troppo,different,allegro-ma-non-troppo,/different/allegro-ma-non-troppo,2,64,536,500,16,"""Times New Roman"", Times, serif",0,0,0.000000,true
Allegro ma non troppo,different,allegro-ma-non-troppo,/different/allegro-ma-non-troppo,2,64,760,724,18,"""Times New Roman"", Times, serif",0,0,0.000000,true
Allegro ma non troppo,different,allegro-ma-non-troppo,/different/allegro-ma-non-troppo,2,64,760,724,17,"""Times New Roman"", Times, serif",0,0,0.000000,true
Allegro ma non troppo,different,allegro-ma-non-troppo,/different/allegro-ma-non-troppo,2,64,760,724,16,"""Times New Roman"", Times, serif",0,0,0.000000,true
Аутотомия,different,autotomy,/different/autotomy,2,46,320,284,18,"""Times New Roman"", Times, serif",26,26,0.565217,false
Аутотомия,different,autotomy,/different/autotomy,2,46,320,284,17,"""Times New Roman"", Times, serif",21,21,0.456522,false
Аутотомия,different,autotomy,/different/autotomy,2,46,320,284,16,"""Times New Roman"", Times, serif",15,15,0.326087,false
Аутотомия,different,autotomy,/different/autotomy,2,46,360,324,18,"""Times New Roman"", Times, serif",13,13,0.282609,false
Аутотомия,different,autotomy,/different/autotomy,2,46,360,324,17,"""Times New Roman"", Times, serif",6,6,0.130435,false
Аутотомия,different,autotomy,/different/autotomy,2,46,360,324,16,"""Times New Roman"", Times, serif",1,1,0.021739,false
Аутотомия,different,autotomy,/different/autotomy,2,46,384,348,18,"""Times New Roman"", Times, serif",3,3,0.065217,false
Аутотомия,different,autotomy,/different/autotomy,2,46,384,348,17,"""Times New Roman"", Times, serif",1,1,0.021739,false
Аутотомия,different,autotomy,/different/autotomy,2,46,384,348,16,"""Times New Roman"", Times, serif",0,0,0.000000,true
Аутотомия,different,autotomy,/different/autotomy,2,46,390,354,18,"""Times New Roman"", Times, serif",2,2,0.043478,false
Аутотомия,different,autotomy,/different/autotomy,2,46,390,354,17,"""Times New Roman"", Times, serif",0,0,0.000000,true
Аутотомия,different,autotomy,/different/autotomy,2,46,390,354,16,"""Times New Roman"", Times, serif",0,0,0.000000,true
Аутотомия,different,autotomy,/different/autotomy,2,46,393,357,18,"""Times New Roman"", Times, serif",2,2,0.043478,false
Аутотомия,different,autotomy,/different/autotomy,2,46,393,357,17,"""Times New Roman"", Times, serif",0,0,0.000000,true
Аутотомия,different,autotomy,/different/autotomy,2,46,393,357,16,"""Times New Roman"", Times, serif",0,0,0.000000,true
Аутотомия,different,autotomy,/different/autotomy,2,46,414,378,18,"""Times New Roman"", Times, serif",0,0,0.000000,true
Аутотомия,different,autotomy,/different/autotomy,2,46,414,378,17,"""Times New Roman"", Times, serif",0,0,0.000000,true
Аутотомия,different,autotomy,/different/autotomy,2,46,414,378,16,"""Times New Roman"", Times, serif",0,0,0.000000,true
Аутотомия,different,autotomy,/different/autotomy,2,46,480,444,18,"""Times New Roman"", Times, serif",0,0,0.000000,true
Аутотомия,different,autotomy,/different/autotomy,2,46,480,444,17,"""Times New Roman"", Times, serif",0,0,0.000000,true
Аутотомия,different,autotomy,/different/autotomy,2,46,480,444,16,"""Times New Roman"", Times, serif",0,0,0.000000,true
Аутотомия,different,autotomy,/different/autotomy,2,46,500,464,18,"""Times New Roman"", Times, serif",0,0,0.000000,true
Аутотомия,different,autotomy,/different/autotomy,2,46,500,464,17,"""Times New Roman"", Times, serif",0,0,0.000000,true
Аутотомия,different,autotomy,/different/autotomy,2,46,500,464,16,"""Times New Roman"", Times, serif",0,0,0.000000,true
Аутотомия,different,autotomy,/different/autotomy,2,46,535,499,18,"""Times New Roman"", Times, serif",0,0,0.000000,true
Аутотомия,different,autotomy,/different/autotomy,2,46,535,499,17,"""Times New Roman"", Times, serif",0,0,0.000000,true
Аутотомия,different,autotomy,/different/autotomy,2,46,535,499,16,"""Times New Roman"", Times, serif",0,0,0.000000,true
Аутотомия,different,autotomy,/different/autotomy,2,46,536,500,18,"""Times New Roman"", Times, serif",0,0,0.000000,true
Аутотомия,different,autotomy,/different/autotomy,2,46,536,500,17,"""Times New Roman"", Times, serif",0,0,0.000000,true
Аутотомия,different,autotomy,/different/autotomy,2,46,536,500,16,"""Times New Roman"", Times, serif",0,0,0.000000,true
Аутотомия,different,autotomy,/different/autotomy,2,46,760,724,18,"""Times New Roman"", Times, serif",0,0,0.000000,true
Аутотомия,different,autotomy,/different/autotomy,2,46,760,724,17,"""Times New Roman"", Times, serif",0,0,0.000000,true
Аутотомия,different,autotomy,/different/autotomy,2,46,760,724,16,"""Times New Roman"", Times, serif",0,0,0.000000,true
Под тою же самой звездой,different,under-one-small-star,/different/under-one-small-star,2,59,320,284,18,"""Times New Roman"", Times, serif",55,55,0.932203,false
Под тою же самой звездой,different,under-one-small-star,/different/under-one-small-star,2,59,320,284,17,"""Times New Roman"", Times, serif",55,55,0.932203,false
Под тою же самой звездой,different,under-one-small-star,/different/under-one-small-star,2,59,320,284,16,"""Times New Roman"", Times, serif",53,53,0.898305,false
Под тою же самой звездой,different,under-one-small-star,/different/under-one-small-star,2,59,360,324,18,"""Times New Roman"", Times, serif",53,53,0.898305,false
Под тою же самой звездой,different,under-one-small-star,/different/under-one-small-star,2,59,360,324,17,"""Times New Roman"", Times, serif",50,50,0.847458,false
Под тою же самой звездой,different,under-one-small-star,/different/under-one-small-star,2,59,360,324,16,"""Times New Roman"", Times, serif",37,37,0.627119,false
Под тою же самой звездой,different,under-one-small-star,/different/under-one-small-star,2,59,384,348,18,"""Times New Roman"", Times, serif",49,49,0.830508,false
Под тою же самой звездой,different,under-one-small-star,/different/under-one-small-star,2,59,384,348,17,"""Times New Roman"", Times, serif",33,33,0.559322,false
Под тою же самой звездой,different,under-one-small-star,/different/under-one-small-star,2,59,384,348,16,"""Times New Roman"", Times, serif",27,27,0.457627,false
Под тою же самой звездой,different,under-one-small-star,/different/under-one-small-star,2,59,390,354,18,"""Times New Roman"", Times, serif",45,45,0.762712,false
Под тою же самой звездой,different,under-one-small-star,/different/under-one-small-star,2,59,390,354,17,"""Times New Roman"", Times, serif",30,30,0.508475,false
Под тою же самой звездой,different,under-one-small-star,/different/under-one-small-star,2,59,390,354,16,"""Times New Roman"", Times, serif",26,26,0.440678,false
Под тою же самой звездой,different,under-one-small-star,/different/under-one-small-star,2,59,393,357,18,"""Times New Roman"", Times, serif",39,39,0.661017,false
Под тою же самой звездой,different,under-one-small-star,/different/under-one-small-star,2,59,393,357,17,"""Times New Roman"", Times, serif",28,28,0.474576,false
Под тою же самой звездой,different,under-one-small-star,/different/under-one-small-star,2,59,393,357,16,"""Times New Roman"", Times, serif",24,24,0.406780,false
Под тою же самой звездой,different,under-one-small-star,/different/under-one-small-star,2,59,414,378,18,"""Times New Roman"", Times, serif",28,28,0.474576,false
Под тою же самой звездой,different,under-one-small-star,/different/under-one-small-star,2,59,414,378,17,"""Times New Roman"", Times, serif",25,25,0.423729,false
Под тою же самой звездой,different,under-one-small-star,/different/under-one-small-star,2,59,414,378,16,"""Times New Roman"", Times, serif",15,15,0.254237,false
Под тою же самой звездой,different,under-one-small-star,/different/under-one-small-star,2,59,480,444,18,"""Times New Roman"", Times, serif",9,9,0.152542,false
Под тою же самой звездой,different,under-one-small-star,/different/under-one-small-star,2,59,480,444,17,"""Times New Roman"", Times, serif",5,5,0.084746,false
Под тою же самой звездой,different,under-one-small-star,/different/under-one-small-star,2,59,480,444,16,"""Times New Roman"", Times, serif",5,5,0.084746,false
Под тою же самой звездой,different,under-one-small-star,/different/under-one-small-star,2,59,500,464,18,"""Times New Roman"", Times, serif",6,6,0.101695,false
Под тою же самой звездой,different,under-one-small-star,/different/under-one-small-star,2,59,500,464,17,"""Times New Roman"", Times, serif",5,5,0.084746,false
Под тою же самой звездой,different,under-one-small-star,/different/under-one-small-star,2,59,500,464,16,"""Times New Roman"", Times, serif",5,5,0.084746,false
Под тою же самой звездой,different,under-one-small-star,/different/under-one-small-star,2,59,535,499,18,"""Times New Roman"", Times, serif",5,5,0.084746,false
Под тою же самой звездой,different,under-one-small-star,/different/under-one-small-star,2,59,535,499,17,"""Times New Roman"", Times, serif",5,5,0.084746,false
Под тою же самой звездой,different,under-one-small-star,/different/under-one-small-star,2,59,535,499,16,"""Times New Roman"", Times, serif",5,5,0.084746,false
Под тою же самой звездой,different,under-one-small-star,/different/under-one-small-star,2,59,536,500,18,"""Times New Roman"", Times, serif",5,5,0.084746,false
Под тою же самой звездой,different,under-one-small-star,/different/under-one-small-star,2,59,536,500,17,"""Times New Roman"", Times, serif",5,5,0.084746,false
Под тою же самой звездой,different,under-one-small-star,/different/under-one-small-star,2,59,536,500,16,"""Times New Roman"", Times, serif",5,5,0.084746,false
Под тою же самой звездой,different,under-one-small-star,/different/under-one-small-star,2,59,760,724,18,"""Times New Roman"", Times, serif",5,5,0.084746,false
Под тою же самой звездой,different,under-one-small-star,/different/under-one-small-star,2,59,760,724,17,"""Times New Roman"", Times, serif",5,5,0.084746,false
Под тою же самой звездой,different,under-one-small-star,/different/under-one-small-star,2,59,760,724,16,"""Times New Roman"", Times, serif",5,5,0.084746,false
Большое число,different,large-number,/different/large-number,2,62,320,284,18,"""Times New Roman"", Times, serif",35,35,0.564516,false
Большое число,different,large-number,/different/large-number,2,62,320,284,17,"""Times New Roman"", Times, serif",24,24,0.387097,false
Большое число,different,large-number,/different/large-number,2,62,320,284,16,"""Times New Roman"", Times, serif",18,18,0.290323,false
Большое число,different,large-number,/different/large-number,2,62,360,324,18,"""Times New Roman"", Times, serif",16,16,0.258065,false
Большое число,different,large-number,/different/large-number,2,62,360,324,17,"""Times New Roman"", Times, serif",8,8,0.129032,false
Большое число,different,large-number,/different/large-number,2,62,360,324,16,"""Times New Roman"", Times, serif",5,5,0.080645,false
Большое число,different,large-number,/different/large-number,2,62,384,348,18,"""Times New Roman"", Times, serif",8,8,0.129032,false
Большое число,different,large-number,/different/large-number,2,62,384,348,17,"""Times New Roman"", Times, serif",5,5,0.080645,false
Большое число,different,large-number,/different/large-number,2,62,384,348,16,"""Times New Roman"", Times, serif",2,2,0.032258,false
Большое число,different,large-number,/different/large-number,2,62,390,354,18,"""Times New Roman"", Times, serif",6,6,0.096774,false
Большое число,different,large-number,/different/large-number,2,62,390,354,17,"""Times New Roman"", Times, serif",4,4,0.064516,false
Большое число,different,large-number,/different/large-number,2,62,390,354,16,"""Times New Roman"", Times, serif",2,2,0.032258,false
Большое число,different,large-number,/different/large-number,2,62,393,357,18,"""Times New Roman"", Times, serif",6,6,0.096774,false
Большое число,different,large-number,/different/large-number,2,62,393,357,17,"""Times New Roman"", Times, serif",4,4,0.064516,false
Большое число,different,large-number,/different/large-number,2,62,393,357,16,"""Times New Roman"", Times, serif",2,2,0.032258,false
Большое число,different,large-number,/different/large-number,2,62,414,378,18,"""Times New Roman"", Times, serif",4,4,0.064516,false
Большое число,different,large-number,/different/large-number,2,62,414,378,17,"""Times New Roman"", Times, serif",2,2,0.032258,false
Большое число,different,large-number,/different/large-number,2,62,414,378,16,"""Times New Roman"", Times, serif",0,0,0.000000,true
Большое число,different,large-number,/different/large-number,2,62,480,444,18,"""Times New Roman"", Times, serif",0,0,0.000000,true
Большое число,different,large-number,/different/large-number,2,62,480,444,17,"""Times New Roman"", Times, serif",0,0,0.000000,true
Большое число,different,large-number,/different/large-number,2,62,480,444,16,"""Times New Roman"", Times, serif",0,0,0.000000,true
Большое число,different,large-number,/different/large-number,2,62,500,464,18,"""Times New Roman"", Times, serif",0,0,0.000000,true
Большое число,different,large-number,/different/large-number,2,62,500,464,17,"""Times New Roman"", Times, serif",0,0,0.000000,true
Большое число,different,large-number,/different/large-number,2,62,500,464,16,"""Times New Roman"", Times, serif",0,0,0.000000,true
Большое число,different,large-number,/different/large-number,2,62,535,499,18,"""Times New Roman"", Times, serif",0,0,0.000000,true
Большое число,different,large-number,/different/large-number,2,62,535,499,17,"""Times New Roman"", Times, serif",0,0,0.000000,true
Большое число,different,large-number,/different/large-number,2,62,535,499,16,"""Times New Roman"", Times, serif",0,0,0.000000,true
Большое число,different,large-number,/different/large-number,2,62,536,500,18,"""Times New Roman"", Times, serif",0,0,0.000000,true
Большое число,different,large-number,/different/large-number,2,62,536,500,17,"""Times New Roman"", Times, serif",0,0,0.000000,true
Большое число,different,large-number,/different/large-number,2,62,536,500,16,"""Times New Roman"", Times, serif",0,0,0.000000,true
Большое число,different,large-number,/different/large-number,2,62,760,724,18,"""Times New Roman"", Times, serif",0,0,0.000000,true
Большое число,different,large-number,/different/large-number,2,62,760,724,17,"""Times New Roman"", Times, serif",0,0,0.000000,true
Большое число,different,large-number,/different/large-number,2,62,760,724,16,"""Times New Roman"", Times, serif",0,0,0.000000,true
Лотова жена,different,lots-wife,/different/lots-wife,2,86,320,284,18,"""Times New Roman"", Times, serif",45,45,0.523256,false
Лотова жена,different,lots-wife,/different/lots-wife,2,86,320,284,17,"""Times New Roman"", Times, serif",35,35,0.406977,false
Лотова жена,different,lots-wife,/different/lots-wife,2,86,320,284,16,"""Times New Roman"", Times, serif",28,28,0.325581,false
Лотова жена,different,lots-wife,/different/lots-wife,2,86,360,324,18,"""Times New Roman"", Times, serif",26,26,0.302326,false
Лотова жена,different,lots-wife,/different/lots-wife,2,86,360,324,17,"""Times New Roman"", Times, serif",20,20,0.232558,false
Лотова жена,different,lots-wife,/different/lots-wife,2,86,360,324,16,"""Times New Roman"", Times, serif",12,12,0.139535,false
Лотова жена,different,lots-wife,/different/lots-wife,2,86,384,348,18,"""Times New Roman"", Times, serif",20,20,0.232558,false
Лотова жена,different,lots-wife,/different/lots-wife,2,86,384,348,17,"""Times New Roman"", Times, serif",11,11,0.127907,false
Лотова жена,different,lots-wife,/different/lots-wife,2,86,384,348,16,"""Times New Roman"", Times, serif",5,5,0.058140,false
Лотова жена,different,lots-wife,/different/lots-wife,2,86,390,354,18,"""Times New Roman"", Times, serif",18,18,0.209302,false
Лотова жена,different,lots-wife,/different/lots-wife,2,86,390,354,17,"""Times New Roman"", Times, serif",10,10,0.116279,false
Лотова жена,different,lots-wife,/different/lots-wife,2,86,390,354,16,"""Times New Roman"", Times, serif",4,4,0.046512,false
Лотова жена,different,lots-wife,/different/lots-wife,2,86,393,357,18,"""Times New Roman"", Times, serif",17,17,0.197674,false
Лотова жена,different,lots-wife,/different/lots-wife,2,86,393,357,17,"""Times New Roman"", Times, serif",9,9,0.104651,false
Лотова жена,different,lots-wife,/different/lots-wife,2,86,393,357,16,"""Times New Roman"", Times, serif",4,4,0.046512,false
Лотова жена,different,lots-wife,/different/lots-wife,2,86,414,378,18,"""Times New Roman"", Times, serif",9,9,0.104651,false
Лотова жена,different,lots-wife,/different/lots-wife,2,86,414,378,17,"""Times New Roman"", Times, serif",4,4,0.046512,false
Лотова жена,different,lots-wife,/different/lots-wife,2,86,414,378,16,"""Times New Roman"", Times, serif",1,1,0.011628,false
Лотова жена,different,lots-wife,/different/lots-wife,2,86,480,444,18,"""Times New Roman"", Times, serif",0,0,0.000000,true
Лотова жена,different,lots-wife,/different/lots-wife,2,86,480,444,17,"""Times New Roman"", Times, serif",0,0,0.000000,true
Лотова жена,different,lots-wife,/different/lots-wife,2,86,480,444,16,"""Times New Roman"", Times, serif",0,0,0.000000,true
Лотова жена,different,lots-wife,/different/lots-wife,2,86,500,464,18,"""Times New Roman"", Times, serif",0,0,0.000000,true
Лотова жена,different,lots-wife,/different/lots-wife,2,86,500,464,17,"""Times New Roman"", Times, serif",0,0,0.000000,true
Лотова жена,different,lots-wife,/different/lots-wife,2,86,500,464,16,"""Times New Roman"", Times, serif",0,0,0.000000,true
Лотова жена,different,lots-wife,/different/lots-wife,2,86,535,499,18,"""Times New Roman"", Times, serif",0,0,0.000000,true
Лотова жена,different,lots-wife,/different/lots-wife,2,86,535,499,17,"""Times New Roman"", Times, serif",0,0,0.000000,true
Лотова жена,different,lots-wife,/different/lots-wife,2,86,535,499,16,"""Times New Roman"", Times, serif",0,0,0.000000,true
Лотова жена,different,lots-wife,/different/lots-wife,2,86,536,500,18,"""Times New Roman"", Times, serif",0,0,0.000000,true
Лотова жена,different,lots-wife,/different/lots-wife,2,86,536,500,17,"""Times New Roman"", Times, serif",0,0,0.000000,true
Лотова жена,different,lots-wife,/different/lots-wife,2,86,536,500,16,"""Times New Roman"", Times, serif",0,0,0.000000,true
Лотова жена,different,lots-wife,/different/lots-wife,2,86,760,724,18,"""Times New Roman"", Times, serif",0,0,0.000000,true
Лотова жена,different,lots-wife,/different/lots-wife,2,86,760,724,17,"""Times New Roman"", Times, serif",0,0,0.000000,true
Лотова жена,different,lots-wife,/different/lots-wife,2,86,760,724,16,"""Times New Roman"", Times, serif",0,0,0.000000,true
Виденное сверху,different,seen-from-above,/different/seen-from-above,2,42,320,284,18,"""Times New Roman"", Times, serif",25,25,0.595238,false
Виденное сверху,different,seen-from-above,/different/seen-from-above,2,42,320,284,17,"""Times New Roman"", Times, serif",21,21,0.500000,false
Виденное сверху,different,seen-from-above,/different/seen-from-above,2,42,320,284,16,"""Times New Roman"", Times, serif",18,18,0.428571,false
Виденное сверху,different,seen-from-above,/different/seen-from-above,2,42,360,324,18,"""Times New Roman"", Times, serif",13,13,0.309524,false
Виденное сверху,different,seen-from-above,/different/seen-from-above,2,42,360,324,17,"""Times New Roman"", Times, serif",10,10,0.238095,false
Виденное сверху,different,seen-from-above,/different/seen-from-above,2,42,360,324,16,"""Times New Roman"", Times, serif",5,5,0.119048,false
Виденное сверху,different,seen-from-above,/different/seen-from-above,2,42,384,348,18,"""Times New Roman"", Times, serif",10,10,0.238095,false
Виденное сверху,different,seen-from-above,/different/seen-from-above,2,42,384,348,17,"""Times New Roman"", Times, serif",5,5,0.119048,false
Виденное сверху,different,seen-from-above,/different/seen-from-above,2,42,384,348,16,"""Times New Roman"", Times, serif",4,4,0.095238,false
Виденное сверху,different,seen-from-above,/different/seen-from-above,2,42,390,354,18,"""Times New Roman"", Times, serif",9,9,0.214286,false
Виденное сверху,different,seen-from-above,/different/seen-from-above,2,42,390,354,17,"""Times New Roman"", Times, serif",5,5,0.119048,false
Виденное сверху,different,seen-from-above,/different/seen-from-above,2,42,390,354,16,"""Times New Roman"", Times, serif",3,3,0.071429,false
Виденное сверху,different,seen-from-above,/different/seen-from-above,2,42,393,357,18,"""Times New Roman"", Times, serif",8,8,0.190476,false
Виденное сверху,different,seen-from-above,/different/seen-from-above,2,42,393,357,17,"""Times New Roman"", Times, serif",5,5,0.119048,false
Виденное сверху,different,seen-from-above,/different/seen-from-above,2,42,393,357,16,"""Times New Roman"", Times, serif",3,3,0.071429,false
Виденное сверху,different,seen-from-above,/different/seen-from-above,2,42,414,378,18,"""Times New Roman"", Times, serif",5,5,0.119048,false
Виденное сверху,different,seen-from-above,/different/seen-from-above,2,42,414,378,17,"""Times New Roman"", Times, serif",3,3,0.071429,false
Виденное сверху,different,seen-from-above,/different/seen-from-above,2,42,414,378,16,"""Times New Roman"", Times, serif",1,1,0.023810,false
Виденное сверху,different,seen-from-above,/different/seen-from-above,2,42,480,444,18,"""Times New Roman"", Times, serif",0,0,0.000000,true
Виденное сверху,different,seen-from-above,/different/seen-from-above,2,42,480,444,17,"""Times New Roman"", Times, serif",0,0,0.000000,true
Виденное сверху,different,seen-from-above,/different/seen-from-above,2,42,480,444,16,"""Times New Roman"", Times, serif",0,0,0.000000,true
Виденное сверху,different,seen-from-above,/different/seen-from-above,2,42,500,464,18,"""Times New Roman"", Times, serif",0,0,0.000000,true
Виденное сверху,different,seen-from-above,/different/seen-from-above,2,42,500,464,17,"""Times New Roman"", Times, serif",0,0,0.000000,true
Виденное сверху,different,seen-from-above,/different/seen-from-above,2,42,500,464,16,"""Times New Roman"", Times, serif",0,0,0.000000,true
Виденное сверху,different,seen-from-above,/different/seen-from-above,2,42,535,499,18,"""Times New Roman"", Times, serif",0,0,0.000000,true
Виденное сверху,different,seen-from-above,/different/seen-from-above,2,42,535,499,17,"""Times New Roman"", Times, serif",0,0,0.000000,true
Виденное сверху,different,seen-from-above,/different/seen-from-above,2,42,535,499,16,"""Times New Roman"", Times, serif",0,0,0.000000,true
Виденное сверху,different,seen-from-above,/different/seen-from-above,2,42,536,500,18,"""Times New Roman"", Times, serif",0,0,0.000000,true
Виденное сверху,different,seen-from-above,/different/seen-from-above,2,42,536,500,17,"""Times New Roman"", Times, serif",0,0,0.000000,true
Виденное сверху,different,seen-from-above,/different/seen-from-above,2,42,536,500,16,"""Times New Roman"", Times, serif",0,0,0.000000,true
Виденное сверху,different,seen-from-above,/different/seen-from-above,2,42,760,724,18,"""Times New Roman"", Times, serif",0,0,0.000000,true
Виденное сверху,different,seen-from-above,/different/seen-from-above,2,42,760,724,17,"""Times New Roman"", Times, serif",0,0,0.000000,true
Виденное сверху,different,seen-from-above,/different/seen-from-above,2,42,760,724,16,"""Times New Roman"", Times, serif",0,0,0.000000,true
Средневековая миниатюра,different,medieval-miniature,/different/medieval-miniature,2,78,320,284,18,"""Times New Roman"", Times, serif",5,5,0.064103,false
Средневековая миниатюра,different,medieval-miniature,/different/medieval-miniature,2,78,320,284,17,"""Times New Roman"", Times, serif",3,3,0.038462,false
Средневековая миниатюра,different,medieval-miniature,/different/medieval-miniature,2,78,320,284,16,"""Times New Roman"", Times, serif",2,2,0.025641,false
Средневековая миниатюра,different,medieval-miniature,/different/medieval-miniature,2,78,360,324,18,"""Times New Roman"", Times, serif",2,2,0.025641,false
Средневековая миниатюра,different,medieval-miniature,/different/medieval-miniature,2,78,360,324,17,"""Times New Roman"", Times, serif",0,0,0.000000,true
Средневековая миниатюра,different,medieval-miniature,/different/medieval-miniature,2,78,360,324,16,"""Times New Roman"", Times, serif",0,0,0.000000,true
Средневековая миниатюра,different,medieval-miniature,/different/medieval-miniature,2,78,384,348,18,"""Times New Roman"", Times, serif",0,0,0.000000,true
Средневековая миниатюра,different,medieval-miniature,/different/medieval-miniature,2,78,384,348,17,"""Times New Roman"", Times, serif",0,0,0.000000,true
Средневековая миниатюра,different,medieval-miniature,/different/medieval-miniature,2,78,384,348,16,"""Times New Roman"", Times, serif",0,0,0.000000,true
Средневековая миниатюра,different,medieval-miniature,/different/medieval-miniature,2,78,390,354,18,"""Times New Roman"", Times, serif",0,0,0.000000,true
Средневековая миниатюра,different,medieval-miniature,/different/medieval-miniature,2,78,390,354,17,"""Times New Roman"", Times, serif",0,0,0.000000,true
Средневековая миниатюра,different,medieval-miniature,/different/medieval-miniature,2,78,390,354,16,"""Times New Roman"", Times, serif",0,0,0.000000,true
Средневековая миниатюра,different,medieval-miniature,/different/medieval-miniature,2,78,393,357,18,"""Times New Roman"", Times, serif",0,0,0.000000,true
Средневековая миниатюра,different,medieval-miniature,/different/medieval-miniature,2,78,393,357,17,"""Times New Roman"", Times, serif",0,0,0.000000,true
Средневековая миниатюра,different,medieval-miniature,/different/medieval-miniature,2,78,393,357,16,"""Times New Roman"", Times, serif",0,0,0.000000,true
Средневековая миниатюра,different,medieval-miniature,/different/medieval-miniature,2,78,414,378,18,"""Times New Roman"", Times, serif",0,0,0.000000,true
Средневековая миниатюра,different,medieval-miniature,/different/medieval-miniature,2,78,414,378,17,"""Times New Roman"", Times, serif",0,0,0.000000,true
Средневековая миниатюра,different,medieval-miniature,/different/medieval-miniature,2,78,414,378,16,"""Times New Roman"", Times, serif",0,0,0.000000,true
Средневековая миниатюра,different,medieval-miniature,/different/medieval-miniature,2,78,480,444,18,"""Times New Roman"", Times, serif",0,0,0.000000,true
Средневековая миниатюра,different,medieval-miniature,/different/medieval-miniature,2,78,480,444,17,"""Times New Roman"", Times, serif",0,0,0.000000,true
Средневековая миниатюра,different,medieval-miniature,/different/medieval-miniature,2,78,480,444,16,"""Times New Roman"", Times, serif",0,0,0.000000,true
Средневековая миниатюра,different,medieval-miniature,/different/medieval-miniature,2,78,500,464,18,"""Times New Roman"", Times, serif",0,0,0.000000,true
Средневековая миниатюра,different,medieval-miniature,/different/medieval-miniature,2,78,500,464,17,"""Times New Roman"", Times, serif",0,0,0.000000,true
Средневековая миниатюра,different,medieval-miniature,/different/medieval-miniature,2,78,500,464,16,"""Times New Roman"", Times, serif",0,0,0.000000,true
Средневековая миниатюра,different,medieval-miniature,/different/medieval-miniature,2,78,535,499,18,"""Times New Roman"", Times, serif",0,0,0.000000,true
Средневековая миниатюра,different,medieval-miniature,/different/medieval-miniature,2,78,535,499,17,"""Times New Roman"", Times, serif",0,0,0.000000,true
Средневековая миниатюра,different,medieval-miniature,/different/medieval-miniature,2,78,535,499,16,"""Times New Roman"", Times, serif",0,0,0.000000,true
Средневековая миниатюра,different,medieval-miniature,/different/medieval-miniature,2,78,536,500,18,"""Times New Roman"", Times, serif",0,0,0.000000,true
Средневековая миниатюра,different,medieval-miniature,/different/medieval-miniature,2,78,536,500,17,"""Times New Roman"", Times, serif",0,0,0.000000,true
Средневековая миниатюра,different,medieval-miniature,/different/medieval-miniature,2,78,536,500,16,"""Times New Roman"", Times, serif",0,0,0.000000,true
Средневековая миниатюра,different,medieval-miniature,/different/medieval-miniature,2,78,760,724,18,"""Times New Roman"", Times, serif",0,0,0.000000,true
Средневековая миниатюра,different,medieval-miniature,/different/medieval-miniature,2,78,760,724,17,"""Times New Roman"", Times, serif",0,0,0.000000,true
Средневековая миниатюра,different,medieval-miniature,/different/medieval-miniature,2,78,760,724,16,"""Times New Roman"", Times, serif",0,0,0.000000,true
Жизнь в присутствии заказчика,different,life-while-you-wait,/different/life-while-you-wait,2,70,320,284,18,"""Times New Roman"", Times, serif",39,39,0.557143,false
Жизнь в присутствии заказчика,different,life-while-you-wait,/different/life-while-you-wait,2,70,320,284,17,"""Times New Roman"", Times, serif",36,36,0.514286,false
Жизнь в присутствии заказчика,different,life-while-you-wait,/different/life-while-you-wait,2,70,320,284,16,"""Times New Roman"", Times, serif",28,28,0.400000,false
Жизнь в присутствии заказчика,different,life-while-you-wait,/different/life-while-you-wait,2,70,360,324,18,"""Times New Roman"", Times, serif",26,26,0.371429,false
Жизнь в присутствии заказчика,different,life-while-you-wait,/different/life-while-you-wait,2,70,360,324,17,"""Times New Roman"", Times, serif",18,18,0.257143,false
Жизнь в присутствии заказчика,different,life-while-you-wait,/different/life-while-you-wait,2,70,360,324,16,"""Times New Roman"", Times, serif",7,7,0.100000,false
Жизнь в присутствии заказчика,different,life-while-you-wait,/different/life-while-you-wait,2,70,384,348,18,"""Times New Roman"", Times, serif",15,15,0.214286,false
Жизнь в присутствии заказчика,different,life-while-you-wait,/different/life-while-you-wait,2,70,384,348,17,"""Times New Roman"", Times, serif",7,7,0.100000,false
Жизнь в присутствии заказчика,different,life-while-you-wait,/different/life-while-you-wait,2,70,384,348,16,"""Times New Roman"", Times, serif",6,6,0.085714,false
Жизнь в присутствии заказчика,different,life-while-you-wait,/different/life-while-you-wait,2,70,390,354,18,"""Times New Roman"", Times, serif",9,9,0.128571,false
Жизнь в присутствии заказчика,different,life-while-you-wait,/different/life-while-you-wait,2,70,390,354,17,"""Times New Roman"", Times, serif",7,7,0.100000,false
Жизнь в присутствии заказчика,different,life-while-you-wait,/different/life-while-you-wait,2,70,390,354,16,"""Times New Roman"", Times, serif",6,6,0.085714,false
Жизнь в присутствии заказчика,different,life-while-you-wait,/different/life-while-you-wait,2,70,393,357,18,"""Times New Roman"", Times, serif",9,9,0.128571,false
Жизнь в присутствии заказчика,different,life-while-you-wait,/different/life-while-you-wait,2,70,393,357,17,"""Times New Roman"", Times, serif",7,7,0.100000,false
Жизнь в присутствии заказчика,different,life-while-you-wait,/different/life-while-you-wait,2,70,393,357,16,"""Times New Roman"", Times, serif",6,6,0.085714,false
Жизнь в присутствии заказчика,different,life-while-you-wait,/different/life-while-you-wait,2,70,414,378,18,"""Times New Roman"", Times, serif",7,7,0.100000,false
Жизнь в присутствии заказчика,different,life-while-you-wait,/different/life-while-you-wait,2,70,414,378,17,"""Times New Roman"", Times, serif",6,6,0.085714,false
Жизнь в присутствии заказчика,different,life-while-you-wait,/different/life-while-you-wait,2,70,414,378,16,"""Times New Roman"", Times, serif",3,3,0.042857,false
Жизнь в присутствии заказчика,different,life-while-you-wait,/different/life-while-you-wait,2,70,480,444,18,"""Times New Roman"", Times, serif",1,1,0.014286,false
Жизнь в присутствии заказчика,different,life-while-you-wait,/different/life-while-you-wait,2,70,480,444,17,"""Times New Roman"", Times, serif",1,1,0.014286,false
Жизнь в присутствии заказчика,different,life-while-you-wait,/different/life-while-you-wait,2,70,480,444,16,"""Times New Roman"", Times, serif",0,0,0.000000,true
Жизнь в присутствии заказчика,different,life-while-you-wait,/different/life-while-you-wait,2,70,500,464,18,"""Times New Roman"", Times, serif",1,1,0.014286,false
Жизнь в присутствии заказчика,different,life-while-you-wait,/different/life-while-you-wait,2,70,500,464,17,"""Times New Roman"", Times, serif",0,0,0.000000,true
Жизнь в присутствии заказчика,different,life-while-you-wait,/different/life-while-you-wait,2,70,500,464,16,"""Times New Roman"", Times, serif",0,0,0.000000,true
Жизнь в присутствии заказчика,different,life-while-you-wait,/different/life-while-you-wait,2,70,535,499,18,"""Times New Roman"", Times, serif",0,0,0.000000,true
Жизнь в присутствии заказчика,different,life-while-you-wait,/different/life-while-you-wait,2,70,535,499,17,"""Times New Roman"", Times, serif",0,0,0.000000,true
Жизнь в присутствии заказчика,different,life-while-you-wait,/different/life-while-you-wait,2,70,535,499,16,"""Times New Roman"", Times, serif",0,0,0.000000,true
Жизнь в присутствии заказчика,different,life-while-you-wait,/different/life-while-you-wait,2,70,536,500,18,"""Times New Roman"", Times, serif",0,0,0.000000,true
Жизнь в присутствии заказчика,different,life-while-you-wait,/different/life-while-you-wait,2,70,536,500,17,"""Times New Roman"", Times, serif",0,0,0.000000,true
Жизнь в присутствии заказчика,different,life-while-you-wait,/different/life-while-you-wait,2,70,536,500,16,"""Times New Roman"", Times, serif",0,0,0.000000,true
Жизнь в присутствии заказчика,different,life-while-you-wait,/different/life-while-you-wait,2,70,760,724,18,"""Times New Roman"", Times, serif",0,0,0.000000,true
Жизнь в присутствии заказчика,different,life-while-you-wait,/different/life-while-you-wait,2,70,760,724,17,"""Times New Roman"", Times, serif",0,0,0.000000,true
Жизнь в присутствии заказчика,different,life-while-you-wait,/different/life-while-you-wait,2,70,760,724,16,"""Times New Roman"", Times, serif",0,0,0.000000,true
Число пи,different,pi,/different/pi,2,68,320,284,18,"""Times New Roman"", Times, serif",41,39,0.573529,false
Число пи,different,pi,/different/pi,2,68,320,284,17,"""Times New Roman"", Times, serif",36,34,0.500000,false
Число пи,different,pi,/different/pi,2,68,320,284,16,"""Times New Roman"", Times, serif",33,32,0.470588,false
Число пи,different,pi,/different/pi,2,68,360,324,18,"""Times New Roman"", Times, serif",29,28,0.411765,false
Число пи,different,pi,/different/pi,2,68,360,324,17,"""Times New Roman"", Times, serif",24,23,0.338235,false
Число пи,different,pi,/different/pi,2,68,360,324,16,"""Times New Roman"", Times, serif",19,18,0.264706,false
Число пи,different,pi,/different/pi,2,68,384,348,18,"""Times New Roman"", Times, serif",24,23,0.338235,false
Число пи,different,pi,/different/pi,2,68,384,348,17,"""Times New Roman"", Times, serif",18,17,0.250000,false
Число пи,different,pi,/different/pi,2,68,384,348,16,"""Times New Roman"", Times, serif",15,14,0.205882,false
Число пи,different,pi,/different/pi,2,68,390,354,18,"""Times New Roman"", Times, serif",22,21,0.308824,false
Число пи,different,pi,/different/pi,2,68,390,354,17,"""Times New Roman"", Times, serif",18,17,0.250000,false
Число пи,different,pi,/different/pi,2,68,390,354,16,"""Times New Roman"", Times, serif",11,10,0.147059,false
Число пи,different,pi,/different/pi,2,68,393,357,18,"""Times New Roman"", Times, serif",22,21,0.308824,false
Число пи,different,pi,/different/pi,2,68,393,357,17,"""Times New Roman"", Times, serif",17,16,0.235294,false
Число пи,different,pi,/different/pi,2,68,393,357,16,"""Times New Roman"", Times, serif",10,9,0.132353,false
Число пи,different,pi,/different/pi,2,68,414,378,18,"""Times New Roman"", Times, serif",17,16,0.235294,false
Число пи,different,pi,/different/pi,2,68,414,378,17,"""Times New Roman"", Times, serif",11,10,0.147059,false
Число пи,different,pi,/different/pi,2,68,414,378,16,"""Times New Roman"", Times, serif",5,5,0.073529,false
Число пи,different,pi,/different/pi,2,68,480,444,18,"""Times New Roman"", Times, serif",4,4,0.058824,false
Число пи,different,pi,/different/pi,2,68,480,444,17,"""Times New Roman"", Times, serif",2,2,0.029412,false
Число пи,different,pi,/different/pi,2,68,480,444,16,"""Times New Roman"", Times, serif",2,2,0.029412,false
Число пи,different,pi,/different/pi,2,68,500,464,18,"""Times New Roman"", Times, serif",2,2,0.029412,false
Число пи,different,pi,/different/pi,2,68,500,464,17,"""Times New Roman"", Times, serif",2,2,0.029412,false
Число пи,different,pi,/different/pi,2,68,500,464,16,"""Times New Roman"", Times, serif",2,2,0.029412,false
Число пи,different,pi,/different/pi,2,68,535,499,18,"""Times New Roman"", Times, serif",2,2,0.029412,false
Число пи,different,pi,/different/pi,2,68,535,499,17,"""Times New Roman"", Times, serif",2,2,0.029412,false
Число пи,different,pi,/different/pi,2,68,535,499,16,"""Times New Roman"", Times, serif",2,2,0.029412,false
Число пи,different,pi,/different/pi,2,68,536,500,18,"""Times New Roman"", Times, serif",2,2,0.029412,false
Число пи,different,pi,/different/pi,2,68,536,500,17,"""Times New Roman"", Times, serif",2,2,0.029412,false
Число пи,different,pi,/different/pi,2,68,536,500,16,"""Times New Roman"", Times, serif",2,2,0.029412,false
Число пи,different,pi,/different/pi,2,68,760,724,18,"""Times New Roman"", Times, serif",2,2,0.029412,false
Число пи,different,pi,/different/pi,2,68,760,724,17,"""Times New Roman"", Times, serif",2,2,0.029412,false
Число пи,different,pi,/different/pi,2,68,760,724,16,"""Times New Roman"", Times, serif",2,2,0.029412,false
Сношения с умершими,different,dealings-with-the-dead,/different/dealings-with-the-dead,2,50,320,284,18,"""Times New Roman"", Times, serif",20,20,0.400000,false
Сношения с умершими,different,dealings-with-the-dead,/different/dealings-with-the-dead,2,50,320,284,17,"""Times New Roman"", Times, serif",17,17,0.340000,false
Сношения с умершими,different,dealings-with-the-dead,/different/dealings-with-the-dead,2,50,320,284,16,"""Times New Roman"", Times, serif",9,9,0.180000,false
Сношения с умершими,different,dealings-with-the-dead,/different/dealings-with-the-dead,2,50,360,324,18,"""Times New Roman"", Times, serif",6,6,0.120000,false
Сношения с умершими,different,dealings-with-the-dead,/different/dealings-with-the-dead,2,50,360,324,17,"""Times New Roman"", Times, serif",5,5,0.100000,false
Сношения с умершими,different,dealings-with-the-dead,/different/dealings-with-the-dead,2,50,360,324,16,"""Times New Roman"", Times, serif",4,4,0.080000,false
Сношения с умершими,different,dealings-with-the-dead,/different/dealings-with-the-dead,2,50,384,348,18,"""Times New Roman"", Times, serif",5,5,0.100000,false
Сношения с умершими,different,dealings-with-the-dead,/different/dealings-with-the-dead,2,50,384,348,17,"""Times New Roman"", Times, serif",2,2,0.040000,false
Сношения с умершими,different,dealings-with-the-dead,/different/dealings-with-the-dead,2,50,384,348,16,"""Times New Roman"", Times, serif",1,1,0.020000,false
Сношения с умершими,different,dealings-with-the-dead,/different/dealings-with-the-dead,2,50,390,354,18,"""Times New Roman"", Times, serif",4,4,0.080000,false
Сношения с умершими,different,dealings-with-the-dead,/different/dealings-with-the-dead,2,50,390,354,17,"""Times New Roman"", Times, serif",2,2,0.040000,false
Сношения с умершими,different,dealings-with-the-dead,/different/dealings-with-the-dead,2,50,390,354,16,"""Times New Roman"", Times, serif",1,1,0.020000,false
Сношения с умершими,different,dealings-with-the-dead,/different/dealings-with-the-dead,2,50,393,357,18,"""Times New Roman"", Times, serif",4,4,0.080000,false
Сношения с умершими,different,dealings-with-the-dead,/different/dealings-with-the-dead,2,50,393,357,17,"""Times New Roman"", Times, serif",2,2,0.040000,false
Сношения с умершими,different,dealings-with-the-dead,/different/dealings-with-the-dead,2,50,393,357,16,"""Times New Roman"", Times, serif",1,1,0.020000,false
Сношения с умершими,different,dealings-with-the-dead,/different/dealings-with-the-dead,2,50,414,378,18,"""Times New Roman"", Times, serif",2,2,0.040000,false
Сношения с умершими,different,dealings-with-the-dead,/different/dealings-with-the-dead,2,50,414,378,17,"""Times New Roman"", Times, serif",1,1,0.020000,false
Сношения с умершими,different,dealings-with-the-dead,/different/dealings-with-the-dead,2,50,414,378,16,"""Times New Roman"", Times, serif",0,0,0.000000,true
Сношения с умершими,different,dealings-with-the-dead,/different/dealings-with-the-dead,2,50,480,444,18,"""Times New Roman"", Times, serif",0,0,0.000000,true
Сношения с умершими,different,dealings-with-the-dead,/different/dealings-with-the-dead,2,50,480,444,17,"""Times New Roman"", Times, serif",0,0,0.000000,true
Сношения с умершими,different,dealings-with-the-dead,/different/dealings-with-the-dead,2,50,480,444,16,"""Times New Roman"", Times, serif",0,0,0.000000,true
Сношения с умершими,different,dealings-with-the-dead,/different/dealings-with-the-dead,2,50,500,464,18,"""Times New Roman"", Times, serif",0,0,0.000000,true
Сношения с умершими,different,dealings-with-the-dead,/different/dealings-with-the-dead,2,50,500,464,17,"""Times New Roman"", Times, serif",0,0,0.000000,true
Сношения с умершими,different,dealings-with-the-dead,/different/dealings-with-the-dead,2,50,500,464,16,"""Times New Roman"", Times, serif",0,0,0.000000,true
Сношения с умершими,different,dealings-with-the-dead,/different/dealings-with-the-dead,2,50,535,499,18,"""Times New Roman"", Times, serif",0,0,0.000000,true
Сношения с умершими,different,dealings-with-the-dead,/different/dealings-with-the-dead,2,50,535,499,17,"""Times New Roman"", Times, serif",0,0,0.000000,true
Сношения с умершими,different,dealings-with-the-dead,/different/dealings-with-the-dead,2,50,535,499,16,"""Times New Roman"", Times, serif",0,0,0.000000,true
Сношения с умершими,different,dealings-with-the-dead,/different/dealings-with-the-dead,2,50,536,500,18,"""Times New Roman"", Times, serif",0,0,0.000000,true
Сношения с умершими,different,dealings-with-the-dead,/different/dealings-with-the-dead,2,50,536,500,17,"""Times New Roman"", Times, serif",0,0,0.000000,true
Сношения с умершими,different,dealings-with-the-dead,/different/dealings-with-the-dead,2,50,536,500,16,"""Times New Roman"", Times, serif",0,0,0.000000,true
Сношения с умершими,different,dealings-with-the-dead,/different/dealings-with-the-dead,2,50,760,724,18,"""Times New Roman"", Times, serif",0,0,0.000000,true
Сношения с умершими,different,dealings-with-the-dead,/different/dealings-with-the-dead,2,50,760,724,17,"""Times New Roman"", Times, serif",0,0,0.000000,true
Сношения с умершими,different,dealings-with-the-dead,/different/dealings-with-the-dead,2,50,760,724,16,"""Times New Roman"", Times, serif",0,0,0.000000,true
Отсутствие,semicolon,absence,/semicolon/absence,1,33,320,284,18,"""Times New Roman"", Times, serif",12,12,0.363636,false
Отсутствие,semicolon,absence,/semicolon/absence,1,33,320,284,17,"""Times New Roman"", Times, serif",8,8,0.242424,false
Отсутствие,semicolon,absence,/semicolon/absence,1,33,320,284,16,"""Times New Roman"", Times, serif",6,6,0.181818,false
Отсутствие,semicolon,absence,/semicolon/absence,1,33,360,324,18,"""Times New Roman"", Times, serif",5,5,0.151515,false
Отсутствие,semicolon,absence,/semicolon/absence,1,33,360,324,17,"""Times New Roman"", Times, serif",3,3,0.090909,false
Отсутствие,semicolon,absence,/semicolon/absence,1,33,360,324,16,"""Times New Roman"", Times, serif",2,2,0.060606,false
Отсутствие,semicolon,absence,/semicolon/absence,1,33,384,348,18,"""Times New Roman"", Times, serif",3,3,0.090909,false
Отсутствие,semicolon,absence,/semicolon/absence,1,33,384,348,17,"""Times New Roman"", Times, serif",2,2,0.060606,false
Отсутствие,semicolon,absence,/semicolon/absence,1,33,384,348,16,"""Times New Roman"", Times, serif",1,1,0.030303,false
Отсутствие,semicolon,absence,/semicolon/absence,1,33,390,354,18,"""Times New Roman"", Times, serif",3,3,0.090909,false
Отсутствие,semicolon,absence,/semicolon/absence,1,33,390,354,17,"""Times New Roman"", Times, serif",2,2,0.060606,false
Отсутствие,semicolon,absence,/semicolon/absence,1,33,390,354,16,"""Times New Roman"", Times, serif",1,1,0.030303,false
Отсутствие,semicolon,absence,/semicolon/absence,1,33,393,357,18,"""Times New Roman"", Times, serif",3,3,0.090909,false
Отсутствие,semicolon,absence,/semicolon/absence,1,33,393,357,17,"""Times New Roman"", Times, serif",2,2,0.060606,false
Отсутствие,semicolon,absence,/semicolon/absence,1,33,393,357,16,"""Times New Roman"", Times, serif",1,1,0.030303,false
Отсутствие,semicolon,absence,/semicolon/absence,1,33,414,378,18,"""Times New Roman"", Times, serif",2,2,0.060606,false
Отсутствие,semicolon,absence,/semicolon/absence,1,33,414,378,17,"""Times New Roman"", Times, serif",1,1,0.030303,false
Отсутствие,semicolon,absence,/semicolon/absence,1,33,414,378,16,"""Times New Roman"", Times, serif",0,0,0.000000,true
Отсутствие,semicolon,absence,/semicolon/absence,1,33,480,444,18,"""Times New Roman"", Times, serif",0,0,0.000000,true
Отсутствие,semicolon,absence,/semicolon/absence,1,33,480,444,17,"""Times New Roman"", Times, serif",0,0,0.000000,true
Отсутствие,semicolon,absence,/semicolon/absence,1,33,480,444,16,"""Times New Roman"", Times, serif",0,0,0.000000,true
Отсутствие,semicolon,absence,/semicolon/absence,1,33,500,464,18,"""Times New Roman"", Times, serif",0,0,0.000000,true
Отсутствие,semicolon,absence,/semicolon/absence,1,33,500,464,17,"""Times New Roman"", Times, serif",0,0,0.000000,true
Отсутствие,semicolon,absence,/semicolon/absence,1,33,500,464,16,"""Times New Roman"", Times, serif",0,0,0.000000,true
Отсутствие,semicolon,absence,/semicolon/absence,1,33,535,499,18,"""Times New Roman"", Times, serif",0,0,0.000000,true
Отсутствие,semicolon,absence,/semicolon/absence,1,33,535,499,17,"""Times New Roman"", Times, serif",0,0,0.000000,true
Отсутствие,semicolon,absence,/semicolon/absence,1,33,535,499,16,"""Times New Roman"", Times, serif",0,0,0.000000,true
Отсутствие,semicolon,absence,/semicolon/absence,1,33,536,500,18,"""Times New Roman"", Times, serif",0,0,0.000000,true
Отсутствие,semicolon,absence,/semicolon/absence,1,33,536,500,17,"""Times New Roman"", Times, serif",0,0,0.000000,true
Отсутствие,semicolon,absence,/semicolon/absence,1,33,536,500,16,"""Times New Roman"", Times, serif",0,0,0.000000,true
Отсутствие,semicolon,absence,/semicolon/absence,1,33,760,724,18,"""Times New Roman"", Times, serif",0,0,0.000000,true
Отсутствие,semicolon,absence,/semicolon/absence,1,33,760,724,17,"""Times New Roman"", Times, serif",0,0,0.000000,true
Отсутствие,semicolon,absence,/semicolon/absence,1,33,760,724,16,"""Times New Roman"", Times, serif",0,0,0.000000,true
АБВ,semicolon,abc,/semicolon/abc,1,12,320,284,18,"""Times New Roman"", Times, serif",3,3,0.250000,false
АБВ,semicolon,abc,/semicolon/abc,1,12,320,284,17,"""Times New Roman"", Times, serif",2,2,0.166667,false
АБВ,semicolon,abc,/semicolon/abc,1,12,320,284,16,"""Times New Roman"", Times, serif",1,1,0.083333,false
АБВ,semicolon,abc,/semicolon/abc,1,12,360,324,18,"""Times New Roman"", Times, serif",1,1,0.083333,false
АБВ,semicolon,abc,/semicolon/abc,1,12,360,324,17,"""Times New Roman"", Times, serif",1,1,0.083333,false
АБВ,semicolon,abc,/semicolon/abc,1,12,360,324,16,"""Times New Roman"", Times, serif",0,0,0.000000,true
АБВ,semicolon,abc,/semicolon/abc,1,12,384,348,18,"""Times New Roman"", Times, serif",1,1,0.083333,false
АБВ,semicolon,abc,/semicolon/abc,1,12,384,348,17,"""Times New Roman"", Times, serif",0,0,0.000000,true
АБВ,semicolon,abc,/semicolon/abc,1,12,384,348,16,"""Times New Roman"", Times, serif",0,0,0.000000,true
АБВ,semicolon,abc,/semicolon/abc,1,12,390,354,18,"""Times New Roman"", Times, serif",0,0,0.000000,true
АБВ,semicolon,abc,/semicolon/abc,1,12,390,354,17,"""Times New Roman"", Times, serif",0,0,0.000000,true
АБВ,semicolon,abc,/semicolon/abc,1,12,390,354,16,"""Times New Roman"", Times, serif",0,0,0.000000,true
АБВ,semicolon,abc,/semicolon/abc,1,12,393,357,18,"""Times New Roman"", Times, serif",0,0,0.000000,true
АБВ,semicolon,abc,/semicolon/abc,1,12,393,357,17,"""Times New Roman"", Times, serif",0,0,0.000000,true
АБВ,semicolon,abc,/semicolon/abc,1,12,393,357,16,"""Times New Roman"", Times, serif",0,0,0.000000,true
АБВ,semicolon,abc,/semicolon/abc,1,12,414,378,18,"""Times New Roman"", Times, serif",0,0,0.000000,true
АБВ,semicolon,abc,/semicolon/abc,1,12,414,378,17,"""Times New Roman"", Times, serif",0,0,0.000000,true
АБВ,semicolon,abc,/semicolon/abc,1,12,414,378,16,"""Times New Roman"", Times, serif",0,0,0.000000,true
АБВ,semicolon,abc,/semicolon/abc,1,12,480,444,18,"""Times New Roman"", Times, serif",0,0,0.000000,true
АБВ,semicolon,abc,/semicolon/abc,1,12,480,444,17,"""Times New Roman"", Times, serif",0,0,0.000000,true
АБВ,semicolon,abc,/semicolon/abc,1,12,480,444,16,"""Times New Roman"", Times, serif",0,0,0.000000,true
АБВ,semicolon,abc,/semicolon/abc,1,12,500,464,18,"""Times New Roman"", Times, serif",0,0,0.000000,true
АБВ,semicolon,abc,/semicolon/abc,1,12,500,464,17,"""Times New Roman"", Times, serif",0,0,0.000000,true
АБВ,semicolon,abc,/semicolon/abc,1,12,500,464,16,"""Times New Roman"", Times, serif",0,0,0.000000,true
АБВ,semicolon,abc,/semicolon/abc,1,12,535,499,18,"""Times New Roman"", Times, serif",0,0,0.000000,true
АБВ,semicolon,abc,/semicolon/abc,1,12,535,499,17,"""Times New Roman"", Times, serif",0,0,0.000000,true
АБВ,semicolon,abc,/semicolon/abc,1,12,535,499,16,"""Times New Roman"", Times, serif",0,0,0.000000,true
АБВ,semicolon,abc,/semicolon/abc,1,12,536,500,18,"""Times New Roman"", Times, serif",0,0,0.000000,true
АБВ,semicolon,abc,/semicolon/abc,1,12,536,500,17,"""Times New Roman"", Times, serif",0,0,0.000000,true
АБВ,semicolon,abc,/semicolon/abc,1,12,536,500,16,"""Times New Roman"", Times, serif",0,0,0.000000,true
АБВ,semicolon,abc,/semicolon/abc,1,12,760,724,18,"""Times New Roman"", Times, serif",0,0,0.000000,true
АБВ,semicolon,abc,/semicolon/abc,1,12,760,724,17,"""Times New Roman"", Times, serif",0,0,0.000000,true
АБВ,semicolon,abc,/semicolon/abc,1,12,760,724,16,"""Times New Roman"", Times, serif",0,0,0.000000,true
Дорожное происшествие,semicolon,road-accident,/semicolon/road-accident,1,23,320,284,18,"""Times New Roman"", Times, serif",7,7,0.304348,false
Дорожное происшествие,semicolon,road-accident,/semicolon/road-accident,1,23,320,284,17,"""Times New Roman"", Times, serif",4,4,0.173913,false
Дорожное происшествие,semicolon,road-accident,/semicolon/road-accident,1,23,320,284,16,"""Times New Roman"", Times, serif",4,4,0.173913,false
Дорожное происшествие,semicolon,road-accident,/semicolon/road-accident,1,23,360,324,18,"""Times New Roman"", Times, serif",4,4,0.173913,false
Дорожное происшествие,semicolon,road-accident,/semicolon/road-accident,1,23,360,324,17,"""Times New Roman"", Times, serif",4,4,0.173913,false
Дорожное происшествие,semicolon,road-accident,/semicolon/road-accident,1,23,360,324,16,"""Times New Roman"", Times, serif",1,1,0.043478,false
Дорожное происшествие,semicolon,road-accident,/semicolon/road-accident,1,23,384,348,18,"""Times New Roman"", Times, serif",4,4,0.173913,false
Дорожное происшествие,semicolon,road-accident,/semicolon/road-accident,1,23,384,348,17,"""Times New Roman"", Times, serif",1,1,0.043478,false
Дорожное происшествие,semicolon,road-accident,/semicolon/road-accident,1,23,384,348,16,"""Times New Roman"", Times, serif",0,0,0.000000,true
Дорожное происшествие,semicolon,road-accident,/semicolon/road-accident,1,23,390,354,18,"""Times New Roman"", Times, serif",2,2,0.086957,false
Дорожное происшествие,semicolon,road-accident,/semicolon/road-accident,1,23,390,354,17,"""Times New Roman"", Times, serif",1,1,0.043478,false
Дорожное происшествие,semicolon,road-accident,/semicolon/road-accident,1,23,390,354,16,"""Times New Roman"", Times, serif",0,0,0.000000,true
Дорожное происшествие,semicolon,road-accident,/semicolon/road-accident,1,23,393,357,18,"""Times New Roman"", Times, serif",2,2,0.086957,false
Дорожное происшествие,semicolon,road-accident,/semicolon/road-accident,1,23,393,357,17,"""Times New Roman"", Times, serif",1,1,0.043478,false
Дорожное происшествие,semicolon,road-accident,/semicolon/road-accident,1,23,393,357,16,"""Times New Roman"", Times, serif",0,0,0.000000,true
Дорожное происшествие,semicolon,road-accident,/semicolon/road-accident,1,23,414,378,18,"""Times New Roman"", Times, serif",1,1,0.043478,false
Дорожное происшествие,semicolon,road-accident,/semicolon/road-accident,1,23,414,378,17,"""Times New Roman"", Times, serif",0,0,0.000000,true
Дорожное происшествие,semicolon,road-accident,/semicolon/road-accident,1,23,414,378,16,"""Times New Roman"", Times, serif",0,0,0.000000,true
Дорожное происшествие,semicolon,road-accident,/semicolon/road-accident,1,23,480,444,18,"""Times New Roman"", Times, serif",0,0,0.000000,true
Дорожное происшествие,semicolon,road-accident,/semicolon/road-accident,1,23,480,444,17,"""Times New Roman"", Times, serif",0,0,0.000000,true
Дорожное происшествие,semicolon,road-accident,/semicolon/road-accident,1,23,480,444,16,"""Times New Roman"", Times, serif",0,0,0.000000,true
Дорожное происшествие,semicolon,road-accident,/semicolon/road-accident,1,23,500,464,18,"""Times New Roman"", Times, serif",0,0,0.000000,true
Дорожное происшествие,semicolon,road-accident,/semicolon/road-accident,1,23,500,464,17,"""Times New Roman"", Times, serif",0,0,0.000000,true
Дорожное происшествие,semicolon,road-accident,/semicolon/road-accident,1,23,500,464,16,"""Times New Roman"", Times, serif",0,0,0.000000,true
Дорожное происшествие,semicolon,road-accident,/semicolon/road-accident,1,23,535,499,18,"""Times New Roman"", Times, serif",0,0,0.000000,true
Дорожное происшествие,semicolon,road-accident,/semicolon/road-accident,1,23,535,499,17,"""Times New Roman"", Times, serif",0,0,0.000000,true
Дорожное происшествие,semicolon,road-accident,/semicolon/road-accident,1,23,535,499,16,"""Times New Roman"", Times, serif",0,0,0.000000,true
Дорожное происшествие,semicolon,road-accident,/semicolon/road-accident,1,23,536,500,18,"""Times New Roman"", Times, serif",0,0,0.000000,true
Дорожное происшествие,semicolon,road-accident,/semicolon/road-accident,1,23,536,500,17,"""Times New Roman"", Times, serif",0,0,0.000000,true
Дорожное происшествие,semicolon,road-accident,/semicolon/road-accident,1,23,536,500,16,"""Times New Roman"", Times, serif",0,0,0.000000,true
Дорожное происшествие,semicolon,road-accident,/semicolon/road-accident,1,23,760,724,18,"""Times New Roman"", Times, serif",0,0,0.000000,true
Дорожное происшествие,semicolon,road-accident,/semicolon/road-accident,1,23,760,724,17,"""Times New Roman"", Times, serif",0,0,0.000000,true
Дорожное происшествие,semicolon,road-accident,/semicolon/road-accident,1,23,760,724,16,"""Times New Roman"", Times, serif",0,0,0.000000,true
Назавтра — без нас,semicolon,next-day-without-us,/semicolon/next-day-without-us,1,20,320,284,18,"""Times New Roman"", Times, serif",5,5,0.250000,false
Назавтра — без нас,semicolon,next-day-without-us,/semicolon/next-day-without-us,1,20,320,284,17,"""Times New Roman"", Times, serif",2,2,0.100000,false
Назавтра — без нас,semicolon,next-day-without-us,/semicolon/next-day-without-us,1,20,320,284,16,"""Times New Roman"", Times, serif",1,1,0.050000,false
Назавтра — без нас,semicolon,next-day-without-us,/semicolon/next-day-without-us,1,20,360,324,18,"""Times New Roman"", Times, serif",1,1,0.050000,false
Назавтра — без нас,semicolon,next-day-without-us,/semicolon/next-day-without-us,1,20,360,324,17,"""Times New Roman"", Times, serif",1,1,0.050000,false
Назавтра — без нас,semicolon,next-day-without-us,/semicolon/next-day-without-us,1,20,360,324,16,"""Times New Roman"", Times, serif",1,1,0.050000,false
Назавтра — без нас,semicolon,next-day-without-us,/semicolon/next-day-without-us,1,20,384,348,18,"""Times New Roman"", Times, serif",1,1,0.050000,false
Назавтра — без нас,semicolon,next-day-without-us,/semicolon/next-day-without-us,1,20,384,348,17,"""Times New Roman"", Times, serif",1,1,0.050000,false
Назавтра — без нас,semicolon,next-day-without-us,/semicolon/next-day-without-us,1,20,384,348,16,"""Times New Roman"", Times, serif",1,1,0.050000,false
Назавтра — без нас,semicolon,next-day-without-us,/semicolon/next-day-without-us,1,20,390,354,18,"""Times New Roman"", Times, serif",1,1,0.050000,false
Назавтра — без нас,semicolon,next-day-without-us,/semicolon/next-day-without-us,1,20,390,354,17,"""Times New Roman"", Times, serif",1,1,0.050000,false
Назавтра — без нас,semicolon,next-day-without-us,/semicolon/next-day-without-us,1,20,390,354,16,"""Times New Roman"", Times, serif",1,1,0.050000,false
Назавтра — без нас,semicolon,next-day-without-us,/semicolon/next-day-without-us,1,20,393,357,18,"""Times New Roman"", Times, serif",1,1,0.050000,false
Назавтра — без нас,semicolon,next-day-without-us,/semicolon/next-day-without-us,1,20,393,357,17,"""Times New Roman"", Times, serif",1,1,0.050000,false
Назавтра — без нас,semicolon,next-day-without-us,/semicolon/next-day-without-us,1,20,393,357,16,"""Times New Roman"", Times, serif",1,1,0.050000,false
Назавтра — без нас,semicolon,next-day-without-us,/semicolon/next-day-without-us,1,20,414,378,18,"""Times New Roman"", Times, serif",1,1,0.050000,false
Назавтра — без нас,semicolon,next-day-without-us,/semicolon/next-day-without-us,1,20,414,378,17,"""Times New Roman"", Times, serif",1,1,0.050000,false
Назавтра — без нас,semicolon,next-day-without-us,/semicolon/next-day-without-us,1,20,414,378,16,"""Times New Roman"", Times, serif",0,0,0.000000,true
Назавтра — без нас,semicolon,next-day-without-us,/semicolon/next-day-without-us,1,20,480,444,18,"""Times New Roman"", Times, serif",0,0,0.000000,true
Назавтра — без нас,semicolon,next-day-without-us,/semicolon/next-day-without-us,1,20,480,444,17,"""Times New Roman"", Times, serif",0,0,0.000000,true
Назавтра — без нас,semicolon,next-day-without-us,/semicolon/next-day-without-us,1,20,480,444,16,"""Times New Roman"", Times, serif",0,0,0.000000,true
Назавтра — без нас,semicolon,next-day-without-us,/semicolon/next-day-without-us,1,20,500,464,18,"""Times New Roman"", Times, serif",0,0,0.000000,true
Назавтра — без нас,semicolon,next-day-without-us,/semicolon/next-day-without-us,1,20,500,464,17,"""Times New Roman"", Times, serif",0,0,0.000000,true
Назавтра — без нас,semicolon,next-day-without-us,/semicolon/next-day-without-us,1,20,500,464,16,"""Times New Roman"", Times, serif",0,0,0.000000,true
Назавтра — без нас,semicolon,next-day-without-us,/semicolon/next-day-without-us,1,20,535,499,18,"""Times New Roman"", Times, serif",0,0,0.000000,true
Назавтра — без нас,semicolon,next-day-without-us,/semicolon/next-day-without-us,1,20,535,499,17,"""Times New Roman"", Times, serif",0,0,0.000000,true
Назавтра — без нас,semicolon,next-day-without-us,/semicolon/next-day-without-us,1,20,535,499,16,"""Times New Roman"", Times, serif",0,0,0.000000,true
Назавтра — без нас,semicolon,next-day-without-us,/semicolon/next-day-without-us,1,20,536,500,18,"""Times New Roman"", Times, serif",0,0,0.000000,true
Назавтра — без нас,semicolon,next-day-without-us,/semicolon/next-day-without-us,1,20,536,500,17,"""Times New Roman"", Times, serif",0,0,0.000000,true
Назавтра — без нас,semicolon,next-day-without-us,/semicolon/next-day-without-us,1,20,536,500,16,"""Times New Roman"", Times, serif",0,0,0.000000,true
Назавтра — без нас,semicolon,next-day-without-us,/semicolon/next-day-without-us,1,20,760,724,18,"""Times New Roman"", Times, serif",0,0,0.000000,true
Назавтра — без нас,semicolon,next-day-without-us,/semicolon/next-day-without-us,1,20,760,724,17,"""Times New Roman"", Times, serif",0,0,0.000000,true
Назавтра — без нас,semicolon,next-day-without-us,/semicolon/next-day-without-us,1,20,760,724,16,"""Times New Roman"", Times, serif",0,0,0.000000,true
Лесное моралите,semicolon,forestry-morality,/semicolon/forestry-morality,1,42,320,284,18,"""Times New Roman"", Times, serif",13,13,0.309524,false
Лесное моралите,semicolon,forestry-morality,/semicolon/forestry-morality,1,42,320,284,17,"""Times New Roman"", Times, serif",12,12,0.285714,false
Лесное моралите,semicolon,forestry-morality,/semicolon/forestry-morality,1,42,320,284,16,"""Times New Roman"", Times, serif",10,10,0.238095,false
Лесное моралите,semicolon,forestry-morality,/semicolon/forestry-morality,1,42,360,324,18,"""Times New Roman"", Times, serif",9,9,0.214286,false
Лесное моралите,semicolon,forestry-morality,/semicolon/forestry-morality,1,42,360,324,17,"""Times New Roman"", Times, serif",3,3,0.071429,false
Лесное моралите,semicolon,forestry-morality,/semicolon/forestry-morality,1,42,360,324,16,"""Times New Roman"", Times, serif",3,3,0.071429,false
Лесное моралите,semicolon,forestry-morality,/semicolon/forestry-morality,1,42,384,348,18,"""Times New Roman"", Times, serif",3,3,0.071429,false
Лесное моралите,semicolon,forestry-morality,/semicolon/forestry-morality,1,42,384,348,17,"""Times New Roman"", Times, serif",2,2,0.047619,false
Лесное моралите,semicolon,forestry-morality,/semicolon/forestry-morality,1,42,384,348,16,"""Times New Roman"", Times, serif",0,0,0.000000,true
Лесное моралите,semicolon,forestry-morality,/semicolon/forestry-morality,1,42,390,354,18,"""Times New Roman"", Times, serif",3,3,0.071429,false
Лесное моралите,semicolon,forestry-morality,/semicolon/forestry-morality,1,42,390,354,17,"""Times New Roman"", Times, serif",2,2,0.047619,false
Лесное моралите,semicolon,forestry-morality,/semicolon/forestry-morality,1,42,390,354,16,"""Times New Roman"", Times, serif",0,0,0.000000,true
Лесное моралите,semicolon,forestry-morality,/semicolon/forestry-morality,1,42,393,357,18,"""Times New Roman"", Times, serif",3,3,0.071429,false
Лесное моралите,semicolon,forestry-morality,/semicolon/forestry-morality,1,42,393,357,17,"""Times New Roman"", Times, serif",1,1,0.023810,false
Лесное моралите,semicolon,forestry-morality,/semicolon/forestry-morality,1,42,393,357,16,"""Times New Roman"", Times, serif",0,0,0.000000,true
Лесное моралите,semicolon,forestry-morality,/semicolon/forestry-morality,1,42,414,378,18,"""Times New Roman"", Times, serif",1,1,0.023810,false
Лесное моралите,semicolon,forestry-morality,/semicolon/forestry-morality,1,42,414,378,17,"""Times New Roman"", Times, serif",0,0,0.000000,true
Лесное моралите,semicolon,forestry-morality,/semicolon/forestry-morality,1,42,414,378,16,"""Times New Roman"", Times, serif",0,0,0.000000,true
Лесное моралите,semicolon,forestry-morality,/semicolon/forestry-morality,1,42,480,444,18,"""Times New Roman"", Times, serif",0,0,0.000000,true
Лесное моралите,semicolon,forestry-morality,/semicolon/forestry-morality,1,42,480,444,17,"""Times New Roman"", Times, serif",0,0,0.000000,true
Лесное моралите,semicolon,forestry-morality,/semicolon/forestry-morality,1,42,480,444,16,"""Times New Roman"", Times, serif",0,0,0.000000,true
Лесное моралите,semicolon,forestry-morality,/semicolon/forestry-morality,1,42,500,464,18,"""Times New Roman"", Times, serif",0,0,0.000000,true
Лесное моралите,semicolon,forestry-morality,/semicolon/forestry-morality,1,42,500,464,17,"""Times New Roman"", Times, serif",0,0,0.000000,true
Лесное моралите,semicolon,forestry-morality,/semicolon/forestry-morality,1,42,500,464,16,"""Times New Roman"", Times, serif",0,0,0.000000,true
Лесное моралите,semicolon,forestry-morality,/semicolon/forestry-morality,1,42,535,499,18,"""Times New Roman"", Times, serif",0,0,0.000000,true
Лесное моралите,semicolon,forestry-morality,/semicolon/forestry-morality,1,42,535,499,17,"""Times New Roman"", Times, serif",0,0,0.000000,true
Лесное моралите,semicolon,forestry-morality,/semicolon/forestry-morality,1,42,535,499,16,"""Times New Roman"", Times, serif",0,0,0.000000,true
Лесное моралите,semicolon,forestry-morality,/semicolon/forestry-morality,1,42,536,500,18,"""Times New Roman"", Times, serif",0,0,0.000000,true
Лесное моралите,semicolon,forestry-morality,/semicolon/forestry-morality,1,42,536,500,17,"""Times New Roman"", Times, serif",0,0,0.000000,true
Лесное моралите,semicolon,forestry-morality,/semicolon/forestry-morality,1,42,536,500,16,"""Times New Roman"", Times, serif",0,0,0.000000,true
Лесное моралите,semicolon,forestry-morality,/semicolon/forestry-morality,1,42,760,724,18,"""Times New Roman"", Times, serif",0,0,0.000000,true
Лесное моралите,semicolon,forestry-morality,/semicolon/forestry-morality,1,42,760,724,17,"""Times New Roman"", Times, serif",0,0,0.000000,true
Лесное моралите,semicolon,forestry-morality,/semicolon/forestry-morality,1,42,760,724,16,"""Times New Roman"", Times, serif",0,0,0.000000,true
Случай,semicolon,case,/semicolon/case,1,32,320,284,18,"""Times New Roman"", Times, serif",8,8,0.250000,false
Случай,semicolon,case,/semicolon/case,1,32,320,284,17,"""Times New Roman"", Times, serif",6,6,0.187500,false
Случай,semicolon,case,/semicolon/case,1,32,320,284,16,"""Times New Roman"", Times, serif",5,5,0.156250,false
Случай,semicolon,case,/semicolon/case,1,32,360,324,18,"""Times New Roman"", Times, serif",5,5,0.156250,false
Случай,semicolon,case,/semicolon/case,1,32,360,324,17,"""Times New Roman"", Times, serif",2,2,0.062500,false
Случай,semicolon,case,/semicolon/case,1,32,360,324,16,"""Times New Roman"", Times, serif",1,1,0.031250,false
Случай,semicolon,case,/semicolon/case,1,32,384,348,18,"""Times New Roman"", Times, serif",2,2,0.062500,false
Случай,semicolon,case,/semicolon/case,1,32,384,348,17,"""Times New Roman"", Times, serif",1,1,0.031250,false
Случай,semicolon,case,/semicolon/case,1,32,384,348,16,"""Times New Roman"", Times, serif",0,0,0.000000,true
Случай,semicolon,case,/semicolon/case,1,32,390,354,18,"""Times New Roman"", Times, serif",2,2,0.062500,false
Случай,semicolon,case,/semicolon/case,1,32,390,354,17,"""Times New Roman"", Times, serif",0,0,0.000000,true
Случай,semicolon,case,/semicolon/case,1,32,390,354,16,"""Times New Roman"", Times, serif",0,0,0.000000,true
Случай,semicolon,case,/semicolon/case,1,32,393,357,18,"""Times New Roman"", Times, serif",2,2,0.062500,false
Случай,semicolon,case,/semicolon/case,1,32,393,357,17,"""Times New Roman"", Times, serif",0,0,0.000000,true
Случай,semicolon,case,/semicolon/case,1,32,393,357,16,"""Times New Roman"", Times, serif",0,0,0.000000,true
Случай,semicolon,case,/semicolon/case,1,32,414,378,18,"""Times New Roman"", Times, serif",0,0,0.000000,true
Случай,semicolon,case,/semicolon/case,1,32,414,378,17,"""Times New Roman"", Times, serif",0,0,0.000000,true
Случай,semicolon,case,/semicolon/case,1,32,414,378,16,"""Times New Roman"", Times, serif",0,0,0.000000,true
Случай,semicolon,case,/semicolon/case,1,32,480,444,18,"""Times New Roman"", Times, serif",0,0,0.000000,true
Случай,semicolon,case,/semicolon/case,1,32,480,444,17,"""Times New Roman"", Times, serif",0,0,0.000000,true
Случай,semicolon,case,/semicolon/case,1,32,480,444,16,"""Times New Roman"", Times, serif",0,0,0.000000,true
Случай,semicolon,case,/semicolon/case,1,32,500,464,18,"""Times New Roman"", Times, serif",0,0,0.000000,true
Случай,semicolon,case,/semicolon/case,1,32,500,464,17,"""Times New Roman"", Times, serif",0,0,0.000000,true
Случай,semicolon,case,/semicolon/case,1,32,500,464,16,"""Times New Roman"", Times, serif",0,0,0.000000,true
Случай,semicolon,case,/semicolon/case,1,32,535,499,18,"""Times New Roman"", Times, serif",0,0,0.000000,true
Случай,semicolon,case,/semicolon/case,1,32,535,499,17,"""Times New Roman"", Times, serif",0,0,0.000000,true
Случай,semicolon,case,/semicolon/case,1,32,535,499,16,"""Times New Roman"", Times, serif",0,0,0.000000,true
Случай,semicolon,case,/semicolon/case,1,32,536,500,18,"""Times New Roman"", Times, serif",0,0,0.000000,true
Случай,semicolon,case,/semicolon/case,1,32,536,500,17,"""Times New Roman"", Times, serif",0,0,0.000000,true
Случай,semicolon,case,/semicolon/case,1,32,536,500,16,"""Times New Roman"", Times, serif",0,0,0.000000,true
Случай,semicolon,case,/semicolon/case,1,32,760,724,18,"""Times New Roman"", Times, serif",0,0,0.000000,true
Случай,semicolon,case,/semicolon/case,1,32,760,724,17,"""Times New Roman"", Times, serif",0,0,0.000000,true
Случай,semicolon,case,/semicolon/case,1,32,760,724,16,"""Times New Roman"", Times, serif",0,0,0.000000,true
Утешение,semicolon,repechage,/semicolon/repechage,1,36,320,284,18,"""Times New Roman"", Times, serif",18,18,0.500000,false
Утешение,semicolon,repechage,/semicolon/repechage,1,36,320,284,17,"""Times New Roman"", Times, serif",13,13,0.361111,false
Утешение,semicolon,repechage,/semicolon/repechage,1,36,320,284,16,"""Times New Roman"", Times, serif",8,8,0.222222,false
Утешение,semicolon,repechage,/semicolon/repechage,1,36,360,324,18,"""Times New Roman"", Times, serif",7,7,0.194444,false
Утешение,semicolon,repechage,/semicolon/repechage,1,36,360,324,17,"""Times New Roman"", Times, serif",6,6,0.166667,false
Утешение,semicolon,repechage,/semicolon/repechage,1,36,360,324,16,"""Times New Roman"", Times, serif",3,3,0.083333,false
Утешение,semicolon,repechage,/semicolon/repechage,1,36,384,348,18,"""Times New Roman"", Times, serif",4,4,0.111111,false
Утешение,semicolon,repechage,/semicolon/repechage,1,36,384,348,17,"""Times New Roman"", Times, serif",1,1,0.027778,false
Утешение,semicolon,repechage,/semicolon/repechage,1,36,384,348,16,"""Times New Roman"", Times, serif",0,0,0.000000,true
Утешение,semicolon,repechage,/semicolon/repechage,1,36,390,354,18,"""Times New Roman"", Times, serif",3,3,0.083333,false
Утешение,semicolon,repechage,/semicolon/repechage,1,36,390,354,17,"""Times New Roman"", Times, serif",0,0,0.000000,true
Утешение,semicolon,repechage,/semicolon/repechage,1,36,390,354,16,"""Times New Roman"", Times, serif",0,0,0.000000,true
Утешение,semicolon,repechage,/semicolon/repechage,1,36,393,357,18,"""Times New Roman"", Times, serif",3,3,0.083333,false
Утешение,semicolon,repechage,/semicolon/repechage,1,36,393,357,17,"""Times New Roman"", Times, serif",0,0,0.000000,true
Утешение,semicolon,repechage,/semicolon/repechage,1,36,393,357,16,"""Times New Roman"", Times, serif",0,0,0.000000,true
Утешение,semicolon,repechage,/semicolon/repechage,1,36,414,378,18,"""Times New Roman"", Times, serif",0,0,0.000000,true
Утешение,semicolon,repechage,/semicolon/repechage,1,36,414,378,17,"""Times New Roman"", Times, serif",0,0,0.000000,true
Утешение,semicolon,repechage,/semicolon/repechage,1,36,414,378,16,"""Times New Roman"", Times, serif",0,0,0.000000,true
Утешение,semicolon,repechage,/semicolon/repechage,1,36,480,444,18,"""Times New Roman"", Times, serif",0,0,0.000000,true
Утешение,semicolon,repechage,/semicolon/repechage,1,36,480,444,17,"""Times New Roman"", Times, serif",0,0,0.000000,true
Утешение,semicolon,repechage,/semicolon/repechage,1,36,480,444,16,"""Times New Roman"", Times, serif",0,0,0.000000,true
Утешение,semicolon,repechage,/semicolon/repechage,1,36,500,464,18,"""Times New Roman"", Times, serif",0,0,0.000000,true
Утешение,semicolon,repechage,/semicolon/repechage,1,36,500,464,17,"""Times New Roman"", Times, serif",0,0,0.000000,true
Утешение,semicolon,repechage,/semicolon/repechage,1,36,500,464,16,"""Times New Roman"", Times, serif",0,0,0.000000,true
Утешение,semicolon,repechage,/semicolon/repechage,1,36,535,499,18,"""Times New Roman"", Times, serif",0,0,0.000000,true
Утешение,semicolon,repechage,/semicolon/repechage,1,36,535,499,17,"""Times New Roman"", Times, serif",0,0,0.000000,true
Утешение,semicolon,repechage,/semicolon/repechage,1,36,535,499,16,"""Times New Roman"", Times, serif",0,0,0.000000,true
Утешение,semicolon,repechage,/semicolon/repechage,1,36,536,500,18,"""Times New Roman"", Times, serif",0,0,0.000000,true
Утешение,semicolon,repechage,/semicolon/repechage,1,36,536,500,17,"""Times New Roman"", Times, serif",0,0,0.000000,true
Утешение,semicolon,repechage,/semicolon/repechage,1,36,536,500,16,"""Times New Roman"", Times, serif",0,0,0.000000,true
Утешение,semicolon,repechage,/semicolon/repechage,1,36,760,724,18,"""Times New Roman"", Times, serif",0,0,0.000000,true
Утешение,semicolon,repechage,/semicolon/repechage,1,36,760,724,17,"""Times New Roman"", Times, serif",0,0,0.000000,true
Утешение,semicolon,repechage,/semicolon/repechage,1,36,760,724,16,"""Times New Roman"", Times, serif",0,0,0.000000,true
Старый профессор,semicolon,old-professor,/semicolon/old-professor,1,42,320,284,18,"""Times New Roman"", Times, serif",18,17,0.404762,false
Старый профессор,semicolon,old-professor,/semicolon/old-professor,1,42,320,284,17,"""Times New Roman"", Times, serif",12,11,0.261905,false
Старый профессор,semicolon,old-professor,/semicolon/old-professor,1,42,320,284,16,"""Times New Roman"", Times, serif",9,8,0.190476,false
Старый профессор,semicolon,old-professor,/semicolon/old-professor,1,42,360,324,18,"""Times New Roman"", Times, serif",9,8,0.190476,false
Старый профессор,semicolon,old-professor,/semicolon/old-professor,1,42,360,324,17,"""Times New Roman"", Times, serif",5,5,0.119048,false
Старый профессор,semicolon,old-professor,/semicolon/old-professor,1,42,360,324,16,"""Times New Roman"", Times, serif",5,5,0.119048,false
Старый профессор,semicolon,old-professor,/semicolon/old-professor,1,42,384,348,18,"""Times New Roman"", Times, serif",5,5,0.119048,false
Старый профессор,semicolon,old-professor,/semicolon/old-professor,1,42,384,348,17,"""Times New Roman"", Times, serif",5,5,0.119048,false
Старый профессор,semicolon,old-professor,/semicolon/old-professor,1,42,384,348,16,"""Times New Roman"", Times, serif",4,4,0.095238,false
Старый профессор,semicolon,old-professor,/semicolon/old-professor,1,42,390,354,18,"""Times New Roman"", Times, serif",5,5,0.119048,false
Старый профессор,semicolon,old-professor,/semicolon/old-professor,1,42,390,354,17,"""Times New Roman"", Times, serif",5,5,0.119048,false
Старый профессор,semicolon,old-professor,/semicolon/old-professor,1,42,390,354,16,"""Times New Roman"", Times, serif",2,2,0.047619,false
Старый профессор,semicolon,old-professor,/semicolon/old-professor,1,42,393,357,18,"""Times New Roman"", Times, serif",5,5,0.119048,false
Старый профессор,semicolon,old-professor,/semicolon/old-professor,1,42,393,357,17,"""Times New Roman"", Times, serif",4,4,0.095238,false
Старый профессор,semicolon,old-professor,/semicolon/old-professor,1,42,393,357,16,"""Times New Roman"", Times, serif",2,2,0.047619,false
Старый профессор,semicolon,old-professor,/semicolon/old-professor,1,42,414,378,18,"""Times New Roman"", Times, serif",4,4,0.095238,false
Старый профессор,semicolon,old-professor,/semicolon/old-professor,1,42,414,378,17,"""Times New Roman"", Times, serif",2,2,0.047619,false
Старый профессор,semicolon,old-professor,/semicolon/old-professor,1,42,414,378,16,"""Times New Roman"", Times, serif",2,2,0.047619,false
Старый профессор,semicolon,old-professor,/semicolon/old-professor,1,42,480,444,18,"""Times New Roman"", Times, serif",1,1,0.023810,false
Старый профессор,semicolon,old-professor,/semicolon/old-professor,1,42,480,444,17,"""Times New Roman"", Times, serif",1,1,0.023810,false
Старый профессор,semicolon,old-professor,/semicolon/old-professor,1,42,480,444,16,"""Times New Roman"", Times, serif",1,1,0.023810,false
Старый профессор,semicolon,old-professor,/semicolon/old-professor,1,42,500,464,18,"""Times New Roman"", Times, serif",1,1,0.023810,false
Старый профессор,semicolon,old-professor,/semicolon/old-professor,1,42,500,464,17,"""Times New Roman"", Times, serif",1,1,0.023810,false
Старый профессор,semicolon,old-professor,/semicolon/old-professor,1,42,500,464,16,"""Times New Roman"", Times, serif",1,1,0.023810,false
Старый профессор,semicolon,old-professor,/semicolon/old-professor,1,42,535,499,18,"""Times New Roman"", Times, serif",1,1,0.023810,false
Старый профессор,semicolon,old-professor,/semicolon/old-professor,1,42,535,499,17,"""Times New Roman"", Times, serif",1,1,0.023810,false
Старый профессор,semicolon,old-professor,/semicolon/old-professor,1,42,535,499,16,"""Times New Roman"", Times, serif",1,1,0.023810,false
Старый профессор,semicolon,old-professor,/semicolon/old-professor,1,42,536,500,18,"""Times New Roman"", Times, serif",1,1,0.023810,false
Старый профессор,semicolon,old-professor,/semicolon/old-professor,1,42,536,500,17,"""Times New Roman"", Times, serif",1,1,0.023810,false
Старый профессор,semicolon,old-professor,/semicolon/old-professor,1,42,536,500,16,"""Times New Roman"", Times, serif",1,1,0.023810,false
Старый профессор,semicolon,old-professor,/semicolon/old-professor,1,42,760,724,18,"""Times New Roman"", Times, serif",0,0,0.000000,true
Старый профессор,semicolon,old-professor,/semicolon/old-professor,1,42,760,724,17,"""Times New Roman"", Times, serif",0,0,0.000000,true
Старый профессор,semicolon,old-professor,/semicolon/old-professor,1,42,760,724,16,"""Times New Roman"", Times, serif",0,0,0.000000,true
Перспектива,semicolon,outlook,/semicolon/outlook,1,26,320,284,18,"""Times New Roman"", Times, serif",1,1,0.038462,false
Перспектива,semicolon,outlook,/semicolon/outlook,1,26,320,284,17,"""Times New Roman"", Times, serif",1,1,0.038462,false
Перспектива,semicolon,outlook,/semicolon/outlook,1,26,320,284,16,"""Times New Roman"", Times, serif",0,0,0.000000,true
Перспектива,semicolon,outlook,/semicolon/outlook,1,26,360,324,18,"""Times New Roman"", Times, serif",0,0,0.000000,true
Перспектива,semicolon,outlook,/semicolon/outlook,1,26,360,324,17,"""Times New Roman"", Times, serif",0,0,0.000000,true
Перспектива,semicolon,outlook,/semicolon/outlook,1,26,360,324,16,"""Times New Roman"", Times, serif",0,0,0.000000,true
Перспектива,semicolon,outlook,/semicolon/outlook,1,26,384,348,18,"""Times New Roman"", Times, serif",0,0,0.000000,true
Перспектива,semicolon,outlook,/semicolon/outlook,1,26,384,348,17,"""Times New Roman"", Times, serif",0,0,0.000000,true
Перспектива,semicolon,outlook,/semicolon/outlook,1,26,384,348,16,"""Times New Roman"", Times, serif",0,0,0.000000,true
Перспектива,semicolon,outlook,/semicolon/outlook,1,26,390,354,18,"""Times New Roman"", Times, serif",0,0,0.000000,true
Перспектива,semicolon,outlook,/semicolon/outlook,1,26,390,354,17,"""Times New Roman"", Times, serif",0,0,0.000000,true
Перспектива,semicolon,outlook,/semicolon/outlook,1,26,390,354,16,"""Times New Roman"", Times, serif",0,0,0.000000,true
Перспектива,semicolon,outlook,/semicolon/outlook,1,26,393,357,18,"""Times New Roman"", Times, serif",0,0,0.000000,true
Перспектива,semicolon,outlook,/semicolon/outlook,1,26,393,357,17,"""Times New Roman"", Times, serif",0,0,0.000000,true
Перспектива,semicolon,outlook,/semicolon/outlook,1,26,393,357,16,"""Times New Roman"", Times, serif",0,0,0.000000,true
Перспектива,semicolon,outlook,/semicolon/outlook,1,26,414,378,18,"""Times New Roman"", Times, serif",0,0,0.000000,true
Перспектива,semicolon,outlook,/semicolon/outlook,1,26,414,378,17,"""Times New Roman"", Times, serif",0,0,0.000000,true
Перспектива,semicolon,outlook,/semicolon/outlook,1,26,414,378,16,"""Times New Roman"", Times, serif",0,0,0.000000,true
Перспектива,semicolon,outlook,/semicolon/outlook,1,26,480,444,18,"""Times New Roman"", Times, serif",0,0,0.000000,true
Перспектива,semicolon,outlook,/semicolon/outlook,1,26,480,444,17,"""Times New Roman"", Times, serif",0,0,0.000000,true
Перспектива,semicolon,outlook,/semicolon/outlook,1,26,480,444,16,"""Times New Roman"", Times, serif",0,0,0.000000,true
Перспектива,semicolon,outlook,/semicolon/outlook,1,26,500,464,18,"""Times New Roman"", Times, serif",0,0,0.000000,true
Перспектива,semicolon,outlook,/semicolon/outlook,1,26,500,464,17,"""Times New Roman"", Times, serif",0,0,0.000000,true
Перспектива,semicolon,outlook,/semicolon/outlook,1,26,500,464,16,"""Times New Roman"", Times, serif",0,0,0.000000,true
Перспектива,semicolon,outlook,/semicolon/outlook,1,26,535,499,18,"""Times New Roman"", Times, serif",0,0,0.000000,true
Перспектива,semicolon,outlook,/semicolon/outlook,1,26,535,499,17,"""Times New Roman"", Times, serif",0,0,0.000000,true
Перспектива,semicolon,outlook,/semicolon/outlook,1,26,535,499,16,"""Times New Roman"", Times, serif",0,0,0.000000,true
Перспектива,semicolon,outlook,/semicolon/outlook,1,26,536,500,18,"""Times New Roman"", Times, serif",0,0,0.000000,true
Перспектива,semicolon,outlook,/semicolon/outlook,1,26,536,500,17,"""Times New Roman"", Times, serif",0,0,0.000000,true
Перспектива,semicolon,outlook,/semicolon/outlook,1,26,536,500,16,"""Times New Roman"", Times, serif",0,0,0.000000,true
Перспектива,semicolon,outlook,/semicolon/outlook,1,26,760,724,18,"""Times New Roman"", Times, serif",0,0,0.000000,true
Перспектива,semicolon,outlook,/semicolon/outlook,1,26,760,724,17,"""Times New Roman"", Times, serif",0,0,0.000000,true
Перспектива,semicolon,outlook,/semicolon/outlook,1,26,760,724,16,"""Times New Roman"", Times, serif",0,0,0.000000,true
Учтивость незрячих,semicolon,courtesy-blind,/semicolon/courtesy-blind,1,29,320,284,18,"""Times New Roman"", Times, serif",15,15,0.517241,false
Учтивость незрячих,semicolon,courtesy-blind,/semicolon/courtesy-blind,1,29,320,284,17,"""Times New Roman"", Times, serif",13,13,0.448276,false
Учтивость незрячих,semicolon,courtesy-blind,/semicolon/courtesy-blind,1,29,320,284,16,"""Times New Roman"", Times, serif",13,13,0.448276,false
Учтивость незрячих,semicolon,courtesy-blind,/semicolon/courtesy-blind,1,29,360,324,18,"""Times New Roman"", Times, serif",12,12,0.413793,false
Учтивость незрячих,semicolon,courtesy-blind,/semicolon/courtesy-blind,1,29,360,324,17,"""Times New Roman"", Times, serif",7,7,0.241379,false
Учтивость незрячих,semicolon,courtesy-blind,/semicolon/courtesy-blind,1,29,360,324,16,"""Times New Roman"", Times, serif",5,5,0.172414,false
Учтивость незрячих,semicolon,courtesy-blind,/semicolon/courtesy-blind,1,29,384,348,18,"""Times New Roman"", Times, serif",7,7,0.241379,false
Учтивость незрячих,semicolon,courtesy-blind,/semicolon/courtesy-blind,1,29,384,348,17,"""Times New Roman"", Times, serif",5,5,0.172414,false
Учтивость незрячих,semicolon,courtesy-blind,/semicolon/courtesy-blind,1,29,384,348,16,"""Times New Roman"", Times, serif",2,2,0.068966,false
Учтивость незрячих,semicolon,courtesy-blind,/semicolon/courtesy-blind,1,29,390,354,18,"""Times New Roman"", Times, serif",6,6,0.206897,false
Учтивость незрячих,semicolon,courtesy-blind,/semicolon/courtesy-blind,1,29,390,354,17,"""Times New Roman"", Times, serif",4,4,0.137931,false
Учтивость незрячих,semicolon,courtesy-blind,/semicolon/courtesy-blind,1,29,390,354,16,"""Times New Roman"", Times, serif",2,2,0.068966,false
Учтивость незрячих,semicolon,courtesy-blind,/semicolon/courtesy-blind,1,29,393,357,18,"""Times New Roman"", Times, serif",6,6,0.206897,false
Учтивость незрячих,semicolon,courtesy-blind,/semicolon/courtesy-blind,1,29,393,357,17,"""Times New Roman"", Times, serif",4,4,0.137931,false
Учтивость незрячих,semicolon,courtesy-blind,/semicolon/courtesy-blind,1,29,393,357,16,"""Times New Roman"", Times, serif",2,2,0.068966,false
Учтивость незрячих,semicolon,courtesy-blind,/semicolon/courtesy-blind,1,29,414,378,18,"""Times New Roman"", Times, serif",4,4,0.137931,false
Учтивость незрячих,semicolon,courtesy-blind,/semicolon/courtesy-blind,1,29,414,378,17,"""Times New Roman"", Times, serif",2,2,0.068966,false
Учтивость незрячих,semicolon,courtesy-blind,/semicolon/courtesy-blind,1,29,414,378,16,"""Times New Roman"", Times, serif",0,0,0.000000,true
Учтивость незрячих,semicolon,courtesy-blind,/semicolon/courtesy-blind,1,29,480,444,18,"""Times New Roman"", Times, serif",0,0,0.000000,true
Учтивость незрячих,semicolon,courtesy-blind,/semicolon/courtesy-blind,1,29,480,444,17,"""Times New Roman"", Times, serif",0,0,0.000000,true
Учтивость незрячих,semicolon,courtesy-blind,/semicolon/courtesy-blind,1,29,480,444,16,"""Times New Roman"", Times, serif",0,0,0.000000,true
Учтивость незрячих,semicolon,courtesy-blind,/semicolon/courtesy-blind,1,29,500,464,18,"""Times New Roman"", Times, serif",0,0,0.000000,true
Учтивость незрячих,semicolon,courtesy-blind,/semicolon/courtesy-blind,1,29,500,464,17,"""Times New Roman"", Times, serif",0,0,0.000000,true
Учтивость незрячих,semicolon,courtesy-blind,/semicolon/courtesy-blind,1,29,500,464,16,"""Times New Roman"", Times, serif",0,0,0.000000,true
Учтивость незрячих,semicolon,courtesy-blind,/semicolon/courtesy-blind,1,29,535,499,18,"""Times New Roman"", Times, serif",0,0,0.000000,true
Учтивость незрячих,semicolon,courtesy-blind,/semicolon/courtesy-blind,1,29,535,499,17,"""Times New Roman"", Times, serif",0,0,0.000000,true
Учтивость незрячих,semicolon,courtesy-blind,/semicolon/courtesy-blind,1,29,535,499,16,"""Times New Roman"", Times, serif",0,0,0.000000,true
Учтивость незрячих,semicolon,courtesy-blind,/semicolon/courtesy-blind,1,29,536,500,18,"""Times New Roman"", Times, serif",0,0,0.000000,true
Учтивость незрячих,semicolon,courtesy-blind,/semicolon/courtesy-blind,1,29,536,500,17,"""Times New Roman"", Times, serif",0,0,0.000000,true
Учтивость незрячих,semicolon,courtesy-blind,/semicolon/courtesy-blind,1,29,536,500,16,"""Times New Roman"", Times, serif",0,0,0.000000,true
Учтивость незрячих,semicolon,courtesy-blind,/semicolon/courtesy-blind,1,29,760,724,18,"""Times New Roman"", Times, serif",0,0,0.000000,true
Учтивость незрячих,semicolon,courtesy-blind,/semicolon/courtesy-blind,1,29,760,724,17,"""Times New Roman"", Times, serif",0,0,0.000000,true
Учтивость незрячих,semicolon,courtesy-blind,/semicolon/courtesy-blind,1,29,760,724,16,"""Times New Roman"", Times, serif",0,0,0.000000,true
"Монолог пса, заплутавшего в эпохе",semicolon,dogs-monologue,/semicolon/dogs-monologue,1,76,320,284,18,"""Times New Roman"", Times, serif",31,31,0.407895,false
"Монолог пса, заплутавшего в эпохе",semicolon,dogs-monologue,/semicolon/dogs-monologue,1,76,320,284,17,"""Times New Roman"", Times, serif",26,26,0.342105,false
"Монолог пса, заплутавшего в эпохе",semicolon,dogs-monologue,/semicolon/dogs-monologue,1,76,320,284,16,"""Times New Roman"", Times, serif",18,18,0.236842,false
"Монолог пса, заплутавшего в эпохе",semicolon,dogs-monologue,/semicolon/dogs-monologue,1,76,360,324,18,"""Times New Roman"", Times, serif",18,18,0.236842,false
"Монолог пса, заплутавшего в эпохе",semicolon,dogs-monologue,/semicolon/dogs-monologue,1,76,360,324,17,"""Times New Roman"", Times, serif",16,16,0.210526,false
"Монолог пса, заплутавшего в эпохе",semicolon,dogs-monologue,/semicolon/dogs-monologue,1,76,360,324,16,"""Times New Roman"", Times, serif",11,11,0.144737,false
"Монолог пса, заплутавшего в эпохе",semicolon,dogs-monologue,/semicolon/dogs-monologue,1,76,384,348,18,"""Times New Roman"", Times, serif",14,14,0.184211,false
"Монолог пса, заплутавшего в эпохе",semicolon,dogs-monologue,/semicolon/dogs-monologue,1,76,384,348,17,"""Times New Roman"", Times, serif",10,10,0.131579,false
"Монолог пса, заплутавшего в эпохе",semicolon,dogs-monologue,/semicolon/dogs-monologue,1,76,384,348,16,"""Times New Roman"", Times, serif",7,7,0.092105,false
"Монолог пса, заплутавшего в эпохе",semicolon,dogs-monologue,/semicolon/dogs-monologue,1,76,390,354,18,"""Times New Roman"", Times, serif",13,13,0.171053,false
"Монолог пса, заплутавшего в эпохе",semicolon,dogs-monologue,/semicolon/dogs-monologue,1,76,390,354,17,"""Times New Roman"", Times, serif",9,9,0.118421,false
"Монолог пса, заплутавшего в эпохе",semicolon,dogs-monologue,/semicolon/dogs-monologue,1,76,390,354,16,"""Times New Roman"", Times, serif",5,5,0.065789,false
"Монолог пса, заплутавшего в эпохе",semicolon,dogs-monologue,/semicolon/dogs-monologue,1,76,393,357,18,"""Times New Roman"", Times, serif",12,12,0.157895,false
"Монолог пса, заплутавшего в эпохе",semicolon,dogs-monologue,/semicolon/dogs-monologue,1,76,393,357,17,"""Times New Roman"", Times, serif",7,7,0.092105,false
"Монолог пса, заплутавшего в эпохе",semicolon,dogs-monologue,/semicolon/dogs-monologue,1,76,393,357,16,"""Times New Roman"", Times, serif",5,5,0.065789,false
"Монолог пса, заплутавшего в эпохе",semicolon,dogs-monologue,/semicolon/dogs-monologue,1,76,414,378,18,"""Times New Roman"", Times, serif",7,7,0.092105,false
"Монолог пса, заплутавшего в эпохе",semicolon,dogs-monologue,/semicolon/dogs-monologue,1,76,414,378,17,"""Times New Roman"", Times, serif",5,5,0.065789,false
"Монолог пса, заплутавшего в эпохе",semicolon,dogs-monologue,/semicolon/dogs-monologue,1,76,414,378,16,"""Times New Roman"", Times, serif",0,0,0.000000,true
"Монолог пса, заплутавшего в эпохе",semicolon,dogs-monologue,/semicolon/dogs-monologue,1,76,480,444,18,"""Times New Roman"", Times, serif",0,0,0.000000,true
"Монолог пса, заплутавшего в эпохе",semicolon,dogs-monologue,/semicolon/dogs-monologue,1,76,480,444,17,"""Times New Roman"", Times, serif",0,0,0.000000,true
"Монолог пса, заплутавшего в эпохе",semicolon,dogs-monologue,/semicolon/dogs-monologue,1,76,480,444,16,"""Times New Roman"", Times, serif",0,0,0.000000,true
"Монолог пса, заплутавшего в эпохе",semicolon,dogs-monologue,/semicolon/dogs-monologue,1,76,500,464,18,"""Times New Roman"", Times, serif",0,0,0.000000,true
"Монолог пса, заплутавшего в эпохе",semicolon,dogs-monologue,/semicolon/dogs-monologue,1,76,500,464,17,"""Times New Roman"", Times, serif",0,0,0.000000,true
"Монолог пса, заплутавшего в эпохе",semicolon,dogs-monologue,/semicolon/dogs-monologue,1,76,500,464,16,"""Times New Roman"", Times, serif",0,0,0.000000,true
"Монолог пса, заплутавшего в эпохе",semicolon,dogs-monologue,/semicolon/dogs-monologue,1,76,535,499,18,"""Times New Roman"", Times, serif",0,0,0.000000,true
"Монолог пса, заплутавшего в эпохе",semicolon,dogs-monologue,/semicolon/dogs-monologue,1,76,535,499,17,"""Times New Roman"", Times, serif",0,0,0.000000,true
"Монолог пса, заплутавшего в эпохе",semicolon,dogs-monologue,/semicolon/dogs-monologue,1,76,535,499,16,"""Times New Roman"", Times, serif",0,0,0.000000,true
"Монолог пса, заплутавшего в эпохе",semicolon,dogs-monologue,/semicolon/dogs-monologue,1,76,536,500,18,"""Times New Roman"", Times, serif",0,0,0.000000,true
"Монолог пса, заплутавшего в эпохе",semicolon,dogs-monologue,/semicolon/dogs-monologue,1,76,536,500,17,"""Times New Roman"", Times, serif",0,0,0.000000,true
"Монолог пса, заплутавшего в эпохе",semicolon,dogs-monologue,/semicolon/dogs-monologue,1,76,536,500,16,"""Times New Roman"", Times, serif",0,0,0.000000,true
"Монолог пса, заплутавшего в эпохе",semicolon,dogs-monologue,/semicolon/dogs-monologue,1,76,760,724,18,"""Times New Roman"", Times, serif",0,0,0.000000,true
"Монолог пса, заплутавшего в эпохе",semicolon,dogs-monologue,/semicolon/dogs-monologue,1,76,760,724,17,"""Times New Roman"", Times, serif",0,0,0.000000,true
"Монолог пса, заплутавшего в эпохе",semicolon,dogs-monologue,/semicolon/dogs-monologue,1,76,760,724,16,"""Times New Roman"", Times, serif",0,0,0.000000,true
Беседа с Атропой,semicolon,conversation-with-atropos,/semicolon/conversation-with-atropos,1,48,320,284,18,"""Times New Roman"", Times, serif",19,19,0.395833,false
Беседа с Атропой,semicolon,conversation-with-atropos,/semicolon/conversation-with-atropos,1,48,320,284,17,"""Times New Roman"", Times, serif",16,16,0.333333,false
Беседа с Атропой,semicolon,conversation-with-atropos,/semicolon/conversation-with-atropos,1,48,320,284,16,"""Times New Roman"", Times, serif",15,15,0.312500,false
Беседа с Атропой,semicolon,conversation-with-atropos,/semicolon/conversation-with-atropos,1,48,360,324,18,"""Times New Roman"", Times, serif",14,14,0.291667,false
Беседа с Атропой,semicolon,conversation-with-atropos,/semicolon/conversation-with-atropos,1,48,360,324,17,"""Times New Roman"", Times, serif",7,7,0.145833,false
Беседа с Атропой,semicolon,conversation-with-atropos,/semicolon/conversation-with-atropos,1,48,360,324,16,"""Times New Roman"", Times, serif",6,6,0.125000,false
Беседа с Атропой,semicolon,conversation-with-atropos,/semicolon/conversation-with-atropos,1,48,384,348,18,"""Times New Roman"", Times, serif",7,7,0.145833,false
Беседа с Атропой,semicolon,conversation-with-atropos,/semicolon/conversation-with-atropos,1,48,384,348,17,"""Times New Roman"", Times, serif",5,5,0.104167,false
Беседа с Атропой,semicolon,conversation-with-atropos,/semicolon/conversation-with-atropos,1,48,384,348,16,"""Times New Roman"", Times, serif",5,5,0.104167,false
Беседа с Атропой,semicolon,conversation-with-atropos,/semicolon/conversation-with-atropos,1,48,390,354,18,"""Times New Roman"", Times, serif",6,6,0.125000,false
Беседа с Атропой,semicolon,conversation-with-atropos,/semicolon/conversation-with-atropos,1,48,390,354,17,"""Times New Roman"", Times, serif",5,5,0.104167,false
Беседа с Атропой,semicolon,conversation-with-atropos,/semicolon/conversation-with-atropos,1,48,390,354,16,"""Times New Roman"", Times, serif",3,3,0.062500,false
Беседа с Атропой,semicolon,conversation-with-atropos,/semicolon/conversation-with-atropos,1,48,393,357,18,"""Times New Roman"", Times, serif",6,6,0.125000,false
Беседа с Атропой,semicolon,conversation-with-atropos,/semicolon/conversation-with-atropos,1,48,393,357,17,"""Times New Roman"", Times, serif",5,5,0.104167,false
Беседа с Атропой,semicolon,conversation-with-atropos,/semicolon/conversation-with-atropos,1,48,393,357,16,"""Times New Roman"", Times, serif",2,2,0.041667,false
Беседа с Атропой,semicolon,conversation-with-atropos,/semicolon/conversation-with-atropos,1,48,414,378,18,"""Times New Roman"", Times, serif",5,5,0.104167,false
Беседа с Атропой,semicolon,conversation-with-atropos,/semicolon/conversation-with-atropos,1,48,414,378,17,"""Times New Roman"", Times, serif",2,2,0.041667,false
Беседа с Атропой,semicolon,conversation-with-atropos,/semicolon/conversation-with-atropos,1,48,414,378,16,"""Times New Roman"", Times, serif",0,0,0.000000,true
Беседа с Атропой,semicolon,conversation-with-atropos,/semicolon/conversation-with-atropos,1,48,480,444,18,"""Times New Roman"", Times, serif",0,0,0.000000,true
Беседа с Атропой,semicolon,conversation-with-atropos,/semicolon/conversation-with-atropos,1,48,480,444,17,"""Times New Roman"", Times, serif",0,0,0.000000,true
Беседа с Атропой,semicolon,conversation-with-atropos,/semicolon/conversation-with-atropos,1,48,480,444,16,"""Times New Roman"", Times, serif",0,0,0.000000,true
Беседа с Атропой,semicolon,conversation-with-atropos,/semicolon/conversation-with-atropos,1,48,500,464,18,"""Times New Roman"", Times, serif",0,0,0.000000,true
Беседа с Атропой,semicolon,conversation-with-atropos,/semicolon/conversation-with-atropos,1,48,500,464,17,"""Times New Roman"", Times, serif",0,0,0.000000,true
Беседа с Атропой,semicolon,conversation-with-atropos,/semicolon/conversation-with-atropos,1,48,500,464,16,"""Times New Roman"", Times, serif",0,0,0.000000,true
Беседа с Атропой,semicolon,conversation-with-atropos,/semicolon/conversation-with-atropos,1,48,535,499,18,"""Times New Roman"", Times, serif",0,0,0.000000,true
Беседа с Атропой,semicolon,conversation-with-atropos,/semicolon/conversation-with-atropos,1,48,535,499,17,"""Times New Roman"", Times, serif",0,0,0.000000,true
Беседа с Атропой,semicolon,conversation-with-atropos,/semicolon/conversation-with-atropos,1,48,535,499,16,"""Times New Roman"", Times, serif",0,0,0.000000,true
Беседа с Атропой,semicolon,conversation-with-atropos,/semicolon/conversation-with-atropos,1,48,536,500,18,"""Times New Roman"", Times, serif",0,0,0.000000,true
Беседа с Атропой,semicolon,conversation-with-atropos,/semicolon/conversation-with-atropos,1,48,536,500,17,"""Times New Roman"", Times, serif",0,0,0.000000,true
Беседа с Атропой,semicolon,conversation-with-atropos,/semicolon/conversation-with-atropos,1,48,536,500,16,"""Times New Roman"", Times, serif",0,0,0.000000,true
Беседа с Атропой,semicolon,conversation-with-atropos,/semicolon/conversation-with-atropos,1,48,760,724,18,"""Times New Roman"", Times, serif",0,0,0.000000,true
Беседа с Атропой,semicolon,conversation-with-atropos,/semicolon/conversation-with-atropos,1,48,760,724,17,"""Times New Roman"", Times, serif",0,0,0.000000,true
Беседа с Атропой,semicolon,conversation-with-atropos,/semicolon/conversation-with-atropos,1,48,760,724,16,"""Times New Roman"", Times, serif",0,0,0.000000,true
Страшный сон поэта,semicolon,poets-nightmare,/semicolon/poets-nightmare,1,41,320,284,18,"""Times New Roman"", Times, serif",16,16,0.390244,false
Страшный сон поэта,semicolon,poets-nightmare,/semicolon/poets-nightmare,1,41,320,284,17,"""Times New Roman"", Times, serif",15,15,0.365854,false
Страшный сон поэта,semicolon,poets-nightmare,/semicolon/poets-nightmare,1,41,320,284,16,"""Times New Roman"", Times, serif",14,14,0.341463,false
Страшный сон поэта,semicolon,poets-nightmare,/semicolon/poets-nightmare,1,41,360,324,18,"""Times New Roman"", Times, serif",12,12,0.292683,false
Страшный сон поэта,semicolon,poets-nightmare,/semicolon/poets-nightmare,1,41,360,324,17,"""Times New Roman"", Times, serif",9,9,0.219512,false
Страшный сон поэта,semicolon,poets-nightmare,/semicolon/poets-nightmare,1,41,360,324,16,"""Times New Roman"", Times, serif",4,4,0.097561,false
Страшный сон поэта,semicolon,poets-nightmare,/semicolon/poets-nightmare,1,41,384,348,18,"""Times New Roman"", Times, serif",7,7,0.170732,false
Страшный сон поэта,semicolon,poets-nightmare,/semicolon/poets-nightmare,1,41,384,348,17,"""Times New Roman"", Times, serif",4,4,0.097561,false
Страшный сон поэта,semicolon,poets-nightmare,/semicolon/poets-nightmare,1,41,384,348,16,"""Times New Roman"", Times, serif",2,2,0.048780,false
Страшный сон поэта,semicolon,poets-nightmare,/semicolon/poets-nightmare,1,41,390,354,18,"""Times New Roman"", Times, serif",6,6,0.146341,false
Страшный сон поэта,semicolon,poets-nightmare,/semicolon/poets-nightmare,1,41,390,354,17,"""Times New Roman"", Times, serif",3,3,0.073171,false
Страшный сон поэта,semicolon,poets-nightmare,/semicolon/poets-nightmare,1,41,390,354,16,"""Times New Roman"", Times, serif",2,2,0.048780,false
Страшный сон поэта,semicolon,poets-nightmare,/semicolon/poets-nightmare,1,41,393,357,18,"""Times New Roman"", Times, serif",5,5,0.121951,false
Страшный сон поэта,semicolon,poets-nightmare,/semicolon/poets-nightmare,1,41,393,357,17,"""Times New Roman"", Times, serif",3,3,0.073171,false
Страшный сон поэта,semicolon,poets-nightmare,/semicolon/poets-nightmare,1,41,393,357,16,"""Times New Roman"", Times, serif",2,2,0.048780,false
Страшный сон поэта,semicolon,poets-nightmare,/semicolon/poets-nightmare,1,41,414,378,18,"""Times New Roman"", Times, serif",3,3,0.073171,false
Страшный сон поэта,semicolon,poets-nightmare,/semicolon/poets-nightmare,1,41,414,378,17,"""Times New Roman"", Times, serif",2,2,0.048780,false
Страшный сон поэта,semicolon,poets-nightmare,/semicolon/poets-nightmare,1,41,414,378,16,"""Times New Roman"", Times, serif",0,0,0.000000,true
Страшный сон поэта,semicolon,poets-nightmare,/semicolon/poets-nightmare,1,41,480,444,18,"""Times New Roman"", Times, serif",0,0,0.000000,true
Страшный сон поэта,semicolon,poets-nightmare,/semicolon/poets-nightmare,1,41,480,444,17,"""Times New Roman"", Times, serif",0,0,0.000000,true
Страшный сон поэта,semicolon,poets-nightmare,/semicolon/poets-nightmare,1,41,480,444,16,"""Times New Roman"", Times, serif",0,0,0.000000,true
Страшный сон поэта,semicolon,poets-nightmare,/semicolon/poets-nightmare,1,41,500,464,18,"""Times New Roman"", Times, serif",0,0,0.000000,true
Страшный сон поэта,semicolon,poets-nightmare,/semicolon/poets-nightmare,1,41,500,464,17,"""Times New Roman"", Times, serif",0,0,0.000000,true
Страшный сон поэта,semicolon,poets-nightmare,/semicolon/poets-nightmare,1,41,500,464,16,"""Times New Roman"", Times, serif",0,0,0.000000,true
Страшный сон поэта,semicolon,poets-nightmare,/semicolon/poets-nightmare,1,41,535,499,18,"""Times New Roman"", Times, serif",0,0,0.000000,true
Страшный сон поэта,semicolon,poets-nightmare,/semicolon/poets-nightmare,1,41,535,499,17,"""Times New Roman"", Times, serif",0,0,0.000000,true
Страшный сон поэта,semicolon,poets-nightmare,/semicolon/poets-nightmare,1,41,535,499,16,"""Times New Roman"", Times, serif",0,0,0.000000,true
Страшный сон поэта,semicolon,poets-nightmare,/semicolon/poets-nightmare,1,41,536,500,18,"""Times New Roman"", Times, serif",0,0,0.000000,true
Страшный сон поэта,semicolon,poets-nightmare,/semicolon/poets-nightmare,1,41,536,500,17,"""Times New Roman"", Times, serif",0,0,0.000000,true
Страшный сон поэта,semicolon,poets-nightmare,/semicolon/poets-nightmare,1,41,536,500,16,"""Times New Roman"", Times, serif",0,0,0.000000,true
Страшный сон поэта,semicolon,poets-nightmare,/semicolon/poets-nightmare,1,41,760,724,18,"""Times New Roman"", Times, serif",0,0,0.000000,true
Страшный сон поэта,semicolon,poets-nightmare,/semicolon/poets-nightmare,1,41,760,724,17,"""Times New Roman"", Times, serif",0,0,0.000000,true
Страшный сон поэта,semicolon,poets-nightmare,/semicolon/poets-nightmare,1,41,760,724,16,"""Times New Roman"", Times, serif",0,0,0.000000,true
Лабиринт,semicolon,maze,/semicolon/maze,1,63,320,284,18,"""Times New Roman"", Times, serif",2,2,0.031746,false
Лабиринт,semicolon,maze,/semicolon/maze,1,63,320,284,17,"""Times New Roman"", Times, serif",2,2,0.031746,false
Лабиринт,semicolon,maze,/semicolon/maze,1,63,320,284,16,"""Times New Roman"", Times, serif",1,1,0.015873,false
Лабиринт,semicolon,maze,/semicolon/maze,1,63,360,324,18,"""Times New Roman"", Times, serif",1,1,0.015873,false
Лабиринт,semicolon,maze,/semicolon/maze,1,63,360,324,17,"""Times New Roman"", Times, serif",0,0,0.000000,true
Лабиринт,semicolon,maze,/semicolon/maze,1,63,360,324,16,"""Times New Roman"", Times, serif",0,0,0.000000,true
Лабиринт,semicolon,maze,/semicolon/maze,1,63,384,348,18,"""Times New Roman"", Times, serif",0,0,0.000000,true
Лабиринт,semicolon,maze,/semicolon/maze,1,63,384,348,17,"""Times New Roman"", Times, serif",0,0,0.000000,true
Лабиринт,semicolon,maze,/semicolon/maze,1,63,384,348,16,"""Times New Roman"", Times, serif",0,0,0.000000,true
Лабиринт,semicolon,maze,/semicolon/maze,1,63,390,354,18,"""Times New Roman"", Times, serif",0,0,0.000000,true
Лабиринт,semicolon,maze,/semicolon/maze,1,63,390,354,17,"""Times New Roman"", Times, serif",0,0,0.000000,true
Лабиринт,semicolon,maze,/semicolon/maze,1,63,390,354,16,"""Times New Roman"", Times, serif",0,0,0.000000,true
Лабиринт,semicolon,maze,/semicolon/maze,1,63,393,357,18,"""Times New Roman"", Times, serif",0,0,0.000000,true
Лабиринт,semicolon,maze,/semicolon/maze,1,63,393,357,17,"""Times New Roman"", Times, serif",0,0,0.000000,true
Лабиринт,semicolon,maze,/semicolon/maze,1,63,393,357,16,"""Times New Roman"", Times, serif",0,0,0.000000,true
Лабиринт,semicolon,maze,/semicolon/maze,1,63,414,378,18,"""Times New Roman"", Times, serif",0,0,0.000000,true
Лабиринт,semicolon,maze,/semicolon/maze,1,63,414,378,17,"""Times New Roman"", Times, serif",0,0,0.000000,true
Лабиринт,semicolon,maze,/semicolon/maze,1,63,414,378,16,"""Times New Roman"", Times, serif",0,0,0.000000,true
Лабиринт,semicolon,maze,/semicolon/maze,1,63,480,444,18,"""Times New Roman"", Times, serif",0,0,0.000000,true
Лабиринт,semicolon,maze,/semicolon/maze,1,63,480,444,17,"""Times New Roman"", Times, serif",0,0,0.000000,true
Лабиринт,semicolon,maze,/semicolon/maze,1,63,480,444,16,"""Times New Roman"", Times, serif",0,0,0.000000,true
Лабиринт,semicolon,maze,/semicolon/maze,1,63,500,464,18,"""Times New Roman"", Times, serif",0,0,0.000000,true
Лабиринт,semicolon,maze,/semicolon/maze,1,63,500,464,17,"""Times New Roman"", Times, serif",0,0,0.000000,true
Лабиринт,semicolon,maze,/semicolon/maze,1,63,500,464,16,"""Times New Roman"", Times, serif",0,0,0.000000,true
Лабиринт,semicolon,maze,/semicolon/maze,1,63,535,499,18,"""Times New Roman"", Times, serif",0,0,0.000000,true
Лабиринт,semicolon,maze,/semicolon/maze,1,63,535,499,17,"""Times New Roman"", Times, serif",0,0,0.000000,true
Лабиринт,semicolon,maze,/semicolon/maze,1,63,535,499,16,"""Times New Roman"", Times, serif",0,0,0.000000,true
Лабиринт,semicolon,maze,/semicolon/maze,1,63,536,500,18,"""Times New Roman"", Times, serif",0,0,0.000000,true
Лабиринт,semicolon,maze,/semicolon/maze,1,63,536,500,17,"""Times New Roman"", Times, serif",0,0,0.000000,true
Лабиринт,semicolon,maze,/semicolon/maze,1,63,536,500,16,"""Times New Roman"", Times, serif",0,0,0.000000,true
Лабиринт,semicolon,maze,/semicolon/maze,1,63,760,724,18,"""Times New Roman"", Times, serif",0,0,0.000000,true
Лабиринт,semicolon,maze,/semicolon/maze,1,63,760,724,17,"""Times New Roman"", Times, serif",0,0,0.000000,true
Лабиринт,semicolon,maze,/semicolon/maze,1,63,760,724,16,"""Times New Roman"", Times, serif",0,0,0.000000,true
Небрежение,semicolon,neglect,/semicolon/neglect,1,34,320,284,18,"""Times New Roman"", Times, serif",14,14,0.411765,false
Небрежение,semicolon,neglect,/semicolon/neglect,1,34,320,284,17,"""Times New Roman"", Times, serif",13,13,0.382353,false
Небрежение,semicolon,neglect,/semicolon/neglect,1,34,320,284,16,"""Times New Roman"", Times, serif",9,9,0.264706,false
Небрежение,semicolon,neglect,/semicolon/neglect,1,34,360,324,18,"""Times New Roman"", Times, serif",8,8,0.235294,false
Небрежение,semicolon,neglect,/semicolon/neglect,1,34,360,324,17,"""Times New Roman"", Times, serif",4,4,0.117647,false
Небрежение,semicolon,neglect,/semicolon/neglect,1,34,360,324,16,"""Times New Roman"", Times, serif",2,2,0.058824,false
Небрежение,semicolon,neglect,/semicolon/neglect,1,34,384,348,18,"""Times New Roman"", Times, serif",3,3,0.088235,false
Небрежение,semicolon,neglect,/semicolon/neglect,1,34,384,348,17,"""Times New Roman"", Times, serif",2,2,0.058824,false
Небрежение,semicolon,neglect,/semicolon/neglect,1,34,384,348,16,"""Times New Roman"", Times, serif",1,1,0.029412,false
Небрежение,semicolon,neglect,/semicolon/neglect,1,34,390,354,18,"""Times New Roman"", Times, serif",3,3,0.088235,false
Небрежение,semicolon,neglect,/semicolon/neglect,1,34,390,354,17,"""Times New Roman"", Times, serif",2,2,0.058824,false
Небрежение,semicolon,neglect,/semicolon/neglect,1,34,390,354,16,"""Times New Roman"", Times, serif",1,1,0.029412,false
Небрежение,semicolon,neglect,/semicolon/neglect,1,34,393,357,18,"""Times New Roman"", Times, serif",2,2,0.058824,false
Небрежение,semicolon,neglect,/semicolon/neglect,1,34,393,357,17,"""Times New Roman"", Times, serif",2,2,0.058824,false
Небрежение,semicolon,neglect,/semicolon/neglect,1,34,393,357,16,"""Times New Roman"", Times, serif",1,1,0.029412,false
Небрежение,semicolon,neglect,/semicolon/neglect,1,34,414,378,18,"""Times New Roman"", Times, serif",2,2,0.058824,false
Небрежение,semicolon,neglect,/semicolon/neglect,1,34,414,378,17,"""Times New Roman"", Times, serif",1,1,0.029412,false
Небрежение,semicolon,neglect,/semicolon/neglect,1,34,414,378,16,"""Times New Roman"", Times, serif",0,0,0.000000,true
Небрежение,semicolon,neglect,/semicolon/neglect,1,34,480,444,18,"""Times New Roman"", Times, serif",0,0,0.000000,true
Небрежение,semicolon,neglect,/semicolon/neglect,1,34,480,444,17,"""Times New Roman"", Times, serif",0,0,0.000000,true
Небрежение,semicolon,neglect,/semicolon/neglect,1,34,480,444,16,"""Times New Roman"", Times, serif",0,0,0.000000,true
Небрежение,semicolon,neglect,/semicolon/neglect,1,34,500,464,18,"""Times New Roman"", Times, serif",0,0,0.000000,true
Небрежение,semicolon,neglect,/semicolon/neglect,1,34,500,464,17,"""Times New Roman"", Times, serif",0,0,0.000000,true
Небрежение,semicolon,neglect,/semicolon/neglect,1,34,500,464,16,"""Times New Roman"", Times, serif",0,0,0.000000,true
Небрежение,semicolon,neglect,/semicolon/neglect,1,34,535,499,18,"""Times New Roman"", Times, serif",0,0,0.000000,true
Небрежение,semicolon,neglect,/semicolon/neglect,1,34,535,499,17,"""Times New Roman"", Times, serif",0,0,0.000000,true
Небрежение,semicolon,neglect,/semicolon/neglect,1,34,535,499,16,"""Times New Roman"", Times, serif",0,0,0.000000,true
Небрежение,semicolon,neglect,/semicolon/neglect,1,34,536,500,18,"""Times New Roman"", Times, serif",0,0,0.000000,true
Небрежение,semicolon,neglect,/semicolon/neglect,1,34,536,500,17,"""Times New Roman"", Times, serif",0,0,0.000000,true
Небрежение,semicolon,neglect,/semicolon/neglect,1,34,536,500,16,"""Times New Roman"", Times, serif",0,0,0.000000,true
Небрежение,semicolon,neglect,/semicolon/neglect,1,34,760,724,18,"""Times New Roman"", Times, serif",0,0,0.000000,true
Небрежение,semicolon,neglect,/semicolon/neglect,1,34,760,724,17,"""Times New Roman"", Times, serif",0,0,0.000000,true
Небрежение,semicolon,neglect,/semicolon/neglect,1,34,760,724,16,"""Times New Roman"", Times, serif",0,0,0.000000,true
Греческая статуя,semicolon,greek-statue,/semicolon/greek-statue,1,27,320,284,18,"""Times New Roman"", Times, serif",9,9,0.333333,false
Греческая статуя,semicolon,greek-statue,/semicolon/greek-statue,1,27,320,284,17,"""Times New Roman"", Times, serif",6,6,0.222222,false
Греческая статуя,semicolon,greek-statue,/semicolon/greek-statue,1,27,320,284,16,"""Times New Roman"", Times, serif",3,3,0.111111,false
Греческая статуя,semicolon,greek-statue,/semicolon/greek-statue,1,27,360,324,18,"""Times New Roman"", Times, serif",2,2,0.074074,false
Греческая статуя,semicolon,greek-statue,/semicolon/greek-statue,1,27,360,324,17,"""Times New Roman"", Times, serif",2,2,0.074074,false
Греческая статуя,semicolon,greek-statue,/semicolon/greek-statue,1,27,360,324,16,"""Times New Roman"", Times, serif",1,1,0.037037,false
Греческая статуя,semicolon,greek-statue,/semicolon/greek-statue,1,27,384,348,18,"""Times New Roman"", Times, serif",1,1,0.037037,false
Греческая статуя,semicolon,greek-statue,/semicolon/greek-statue,1,27,384,348,17,"""Times New Roman"", Times, serif",1,1,0.037037,false
Греческая статуя,semicolon,greek-statue,/semicolon/greek-statue,1,27,384,348,16,"""Times New Roman"", Times, serif",0,0,0.000000,true
Греческая статуя,semicolon,greek-statue,/semicolon/greek-statue,1,27,390,354,18,"""Times New Roman"", Times, serif",1,1,0.037037,false
Греческая статуя,semicolon,greek-statue,/semicolon/greek-statue,1,27,390,354,17,"""Times New Roman"", Times, serif",0,0,0.000000,true
Греческая статуя,semicolon,greek-statue,/semicolon/greek-statue,1,27,390,354,16,"""Times New Roman"", Times, serif",0,0,0.000000,true
Греческая статуя,semicolon,greek-statue,/semicolon/greek-statue,1,27,393,357,18,"""Times New Roman"", Times, serif",1,1,0.037037,false
Греческая статуя,semicolon,greek-statue,/semicolon/greek-statue,1,27,393,357,17,"""Times New Roman"", Times, serif",0,0,0.000000,true
Греческая статуя,semicolon,greek-statue,/semicolon/greek-statue,1,27,393,357,16,"""Times New Roman"", Times, serif",0,0,0.000000,true
Греческая статуя,semicolon,greek-statue,/semicolon/greek-statue,1,27,414,378,18,"""Times New Roman"", Times, serif",0,0,0.000000,true
Греческая статуя,semicolon,greek-statue,/semicolon/greek-statue,1,27,414,378,17,"""Times New Roman"", Times, serif",0,0,0.000000,true
Греческая статуя,semicolon,greek-statue,/semicolon/greek-statue,1,27,414,378,16,"""Times New Roman"", Times, serif",0,0,0.000000,true
Греческая статуя,semicolon,greek-statue,/semicolon/greek-statue,1,27,480,444,18,"""Times New Roman"", Times, serif",0,0,0.000000,true
Греческая статуя,semicolon,greek-statue,/semicolon/greek-statue,1,27,480,444,17,"""Times New Roman"", Times, serif",0,0,0.000000,true
Греческая статуя,semicolon,greek-statue,/semicolon/greek-statue,1,27,480,444,16,"""Times New Roman"", Times, serif",0,0,0.000000,true
Греческая статуя,semicolon,greek-statue,/semicolon/greek-statue,1,27,500,464,18,"""Times New Roman"", Times, serif",0,0,0.000000,true
Греческая статуя,semicolon,greek-statue,/semicolon/greek-statue,1,27,500,464,17,"""Times New Roman"", Times, serif",0,0,0.000000,true
Греческая статуя,semicolon,greek-statue,/semicolon/greek-statue,1,27,500,464,16,"""Times New Roman"", Times, serif",0,0,0.000000,true
Греческая статуя,semicolon,greek-statue,/semicolon/greek-statue,1,27,535,499,18,"""Times New Roman"", Times, serif",0,0,0.000000,true
Греческая статуя,semicolon,greek-statue,/semicolon/greek-statue,1,27,535,499,17,"""Times New Roman"", Times, serif",0,0,0.000000,true
Греческая статуя,semicolon,greek-statue,/semicolon/greek-statue,1,27,535,499,16,"""Times New Roman"", Times, serif",0,0,0.000000,true
Греческая статуя,semicolon,greek-statue,/semicolon/greek-statue,1,27,536,500,18,"""Times New Roman"", Times, serif",0,0,0.000000,true
Греческая статуя,semicolon,greek-statue,/semicolon/greek-statue,1,27,536,500,17,"""Times New Roman"", Times, serif",0,0,0.000000,true
Греческая статуя,semicolon,greek-statue,/semicolon/greek-statue,1,27,536,500,16,"""Times New Roman"", Times, serif",0,0,0.000000,true
Греческая статуя,semicolon,greek-statue,/semicolon/greek-statue,1,27,760,724,18,"""Times New Roman"", Times, serif",0,0,0.000000,true
Греческая статуя,semicolon,greek-statue,/semicolon/greek-statue,1,27,760,724,17,"""Times New Roman"", Times, serif",0,0,0.000000,true
Греческая статуя,semicolon,greek-statue,/semicolon/greek-statue,1,27,760,724,16,"""Times New Roman"", Times, serif",0,0,0.000000,true
Вообще-то любые стихи,semicolon,in-fact-any-verse,/semicolon/in-fact-any-verse,1,36,320,284,18,"""Times New Roman"", Times, serif",2,2,0.055556,false
Вообще-то любые стихи,semicolon,in-fact-any-verse,/semicolon/in-fact-any-verse,1,36,320,284,17,"""Times New Roman"", Times, serif",1,1,0.027778,false
Вообще-то любые стихи,semicolon,in-fact-any-verse,/semicolon/in-fact-any-verse,1,36,320,284,16,"""Times New Roman"", Times, serif",0,0,0.000000,true
Вообще-то любые стихи,semicolon,in-fact-any-verse,/semicolon/in-fact-any-verse,1,36,360,324,18,"""Times New Roman"", Times, serif",0,0,0.000000,true
Вообще-то любые стихи,semicolon,in-fact-any-verse,/semicolon/in-fact-any-verse,1,36,360,324,17,"""Times New Roman"", Times, serif",0,0,0.000000,true
Вообще-то любые стихи,semicolon,in-fact-any-verse,/semicolon/in-fact-any-verse,1,36,360,324,16,"""Times New Roman"", Times, serif",0,0,0.000000,true
Вообще-то любые стихи,semicolon,in-fact-any-verse,/semicolon/in-fact-any-verse,1,36,384,348,18,"""Times New Roman"", Times, serif",0,0,0.000000,true
Вообще-то любые стихи,semicolon,in-fact-any-verse,/semicolon/in-fact-any-verse,1,36,384,348,17,"""Times New Roman"", Times, serif",0,0,0.000000,true
Вообще-то любые стихи,semicolon,in-fact-any-verse,/semicolon/in-fact-any-verse,1,36,384,348,16,"""Times New Roman"", Times, serif",0,0,0.000000,true
Вообще-то любые стихи,semicolon,in-fact-any-verse,/semicolon/in-fact-any-verse,1,36,390,354,18,"""Times New Roman"", Times, serif",0,0,0.000000,true
Вообще-то любые стихи,semicolon,in-fact-any-verse,/semicolon/in-fact-any-verse,1,36,390,354,17,"""Times New Roman"", Times, serif",0,0,0.000000,true
Вообще-то любые стихи,semicolon,in-fact-any-verse,/semicolon/in-fact-any-verse,1,36,390,354,16,"""Times New Roman"", Times, serif",0,0,0.000000,true
Вообще-то любые стихи,semicolon,in-fact-any-verse,/semicolon/in-fact-any-verse,1,36,393,357,18,"""Times New Roman"", Times, serif",0,0,0.000000,true
Вообще-то любые стихи,semicolon,in-fact-any-verse,/semicolon/in-fact-any-verse,1,36,393,357,17,"""Times New Roman"", Times, serif",0,0,0.000000,true
Вообще-то любые стихи,semicolon,in-fact-any-verse,/semicolon/in-fact-any-verse,1,36,393,357,16,"""Times New Roman"", Times, serif",0,0,0.000000,true
Вообще-то любые стихи,semicolon,in-fact-any-verse,/semicolon/in-fact-any-verse,1,36,414,378,18,"""Times New Roman"", Times, serif",0,0,0.000000,true
Вообще-то любые стихи,semicolon,in-fact-any-verse,/semicolon/in-fact-any-verse,1,36,414,378,17,"""Times New Roman"", Times, serif",0,0,0.000000,true
Вообще-то любые стихи,semicolon,in-fact-any-verse,/semicolon/in-fact-any-verse,1,36,414,378,16,"""Times New Roman"", Times, serif",0,0,0.000000,true
Вообще-то любые стихи,semicolon,in-fact-any-verse,/semicolon/in-fact-any-verse,1,36,480,444,18,"""Times New Roman"", Times, serif",0,0,0.000000,true
Вообще-то любые стихи,semicolon,in-fact-any-verse,/semicolon/in-fact-any-verse,1,36,480,444,17,"""Times New Roman"", Times, serif",0,0,0.000000,true
Вообще-то любые стихи,semicolon,in-fact-any-verse,/semicolon/in-fact-any-verse,1,36,480,444,16,"""Times New Roman"", Times, serif",0,0,0.000000,true
Вообще-то любые стихи,semicolon,in-fact-any-verse,/semicolon/in-fact-any-verse,1,36,500,464,18,"""Times New Roman"", Times, serif",0,0,0.000000,true
Вообще-то любые стихи,semicolon,in-fact-any-verse,/semicolon/in-fact-any-verse,1,36,500,464,17,"""Times New Roman"", Times, serif",0,0,0.000000,true
Вообще-то любые стихи,semicolon,in-fact-any-verse,/semicolon/in-fact-any-verse,1,36,500,464,16,"""Times New Roman"", Times, serif",0,0,0.000000,true
Вообще-то любые стихи,semicolon,in-fact-any-verse,/semicolon/in-fact-any-verse,1,36,535,499,18,"""Times New Roman"", Times, serif",0,0,0.000000,true
Вообще-то любые стихи,semicolon,in-fact-any-verse,/semicolon/in-fact-any-verse,1,36,535,499,17,"""Times New Roman"", Times, serif",0,0,0.000000,true
Вообще-то любые стихи,semicolon,in-fact-any-verse,/semicolon/in-fact-any-verse,1,36,535,499,16,"""Times New Roman"", Times, serif",0,0,0.000000,true
Вообще-то любые стихи,semicolon,in-fact-any-verse,/semicolon/in-fact-any-verse,1,36,536,500,18,"""Times New Roman"", Times, serif",0,0,0.000000,true
Вообще-то любые стихи,semicolon,in-fact-any-verse,/semicolon/in-fact-any-verse,1,36,536,500,17,"""Times New Roman"", Times, serif",0,0,0.000000,true
Вообще-то любые стихи,semicolon,in-fact-any-verse,/semicolon/in-fact-any-verse,1,36,536,500,16,"""Times New Roman"", Times, serif",0,0,0.000000,true
Вообще-то любые стихи,semicolon,in-fact-any-verse,/semicolon/in-fact-any-verse,1,36,760,724,18,"""Times New Roman"", Times, serif",0,0,0.000000,true
Вообще-то любые стихи,semicolon,in-fact-any-verse,/semicolon/in-fact-any-verse,1,36,760,724,17,"""Times New Roman"", Times, serif",0,0,0.000000,true
Вообще-то любые стихи,semicolon,in-fact-any-verse,/semicolon/in-fact-any-verse,1,36,760,724,16,"""Times New Roman"", Times, serif",0,0,0.000000,true
Мгновение,moment,moment,/moment/moment,2,49,320,284,18,"""Times New Roman"", Times, serif",17,17,0.346939,false
Мгновение,moment,moment,/moment/moment,2,49,320,284,17,"""Times New Roman"", Times, serif",13,13,0.265306,false
Мгновение,moment,moment,/moment/moment,2,49,320,284,16,"""Times New Roman"", Times, serif",10,10,0.204082,false
Мгновение,moment,moment,/moment/moment,2,49,360,324,18,"""Times New Roman"", Times, serif",9,9,0.183673,false
Мгновение,moment,moment,/moment/moment,2,49,360,324,17,"""Times New Roman"", Times, serif",7,7,0.142857,false
Мгновение,moment,moment,/moment/moment,2,49,360,324,16,"""Times New Roman"", Times, serif",0,0,0.000000,true
Мгновение,moment,moment,/moment/moment,2,49,384,348,18,"""Times New Roman"", Times, serif",4,4,0.081633,false
Мгновение,moment,moment,/moment/moment,2,49,384,348,17,"""Times New Roman"", Times, serif",0,0,0.000000,true
Мгновение,moment,moment,/moment/moment,2,49,384,348,16,"""Times New Roman"", Times, serif",0,0,0.000000,true
Мгновение,moment,moment,/moment/moment,2,49,390,354,18,"""Times New Roman"", Times, serif",3,3,0.061224,false
Мгновение,moment,moment,/moment/moment,2,49,390,354,17,"""Times New Roman"", Times, serif",0,0,0.000000,true
Мгновение,moment,moment,/moment/moment,2,49,390,354,16,"""Times New Roman"", Times, serif",0,0,0.000000,true
Мгновение,moment,moment,/moment/moment,2,49,393,357,18,"""Times New Roman"", Times, serif",3,3,0.061224,false
Мгновение,moment,moment,/moment/moment,2,49,393,357,17,"""Times New Roman"", Times, serif",0,0,0.000000,true
Мгновение,moment,moment,/moment/moment,2,49,393,357,16,"""Times New Roman"", Times, serif",0,0,0.000000,true
Мгновение,moment,moment,/moment/moment,2,49,414,378,18,"""Times New Roman"", Times, serif",0,0,0.000000,true
Мгновение,moment,moment,/moment/moment,2,49,414,378,17,"""Times New Roman"", Times, serif",0,0,0.000000,true
Мгновение,moment,moment,/moment/moment,2,49,414,378,16,"""Times New Roman"", Times, serif",0,0,0.000000,true
Мгновение,moment,moment,/moment/moment,2,49,480,444,18,"""Times New Roman"", Times, serif",0,0,0.000000,true
Мгновение,moment,moment,/moment/moment,2,49,480,444,17,"""Times New Roman"", Times, serif",0,0,0.000000,true
Мгновение,moment,moment,/moment/moment,2,49,480,444,16,"""Times New Roman"", Times, serif",0,0,0.000000,true
Мгновение,moment,moment,/moment/moment,2,49,500,464,18,"""Times New Roman"", Times, serif",0,0,0.000000,true
Мгновение,moment,moment,/moment/moment,2,49,500,464,17,"""Times New Roman"", Times, serif",0,0,0.000000,true
Мгновение,moment,moment,/moment/moment,2,49,500,464,16,"""Times New Roman"", Times, serif",0,0,0.000000,true
Мгновение,moment,moment,/moment/moment,2,49,535,499,18,"""Times New Roman"", Times, serif",0,0,0.000000,true
Мгновение,moment,moment,/moment/moment,2,49,535,499,17,"""Times New Roman"", Times, serif",0,0,0.000000,true
Мгновение,moment,moment,/moment/moment,2,49,535,499,16,"""Times New Roman"", Times, serif",0,0,0.000000,true
Мгновение,moment,moment,/moment/moment,2,49,536,500,18,"""Times New Roman"", Times, serif",0,0,0.000000,true
Мгновение,moment,moment,/moment/moment,2,49,536,500,17,"""Times New Roman"", Times, serif",0,0,0.000000,true
Мгновение,moment,moment,/moment/moment,2,49,536,500,16,"""Times New Roman"", Times, serif",0,0,0.000000,true
Мгновение,moment,moment,/moment/moment,2,49,760,724,18,"""Times New Roman"", Times, serif",0,0,0.000000,true
Мгновение,moment,moment,/moment/moment,2,49,760,724,17,"""Times New Roman"", Times, serif",0,0,0.000000,true
Мгновение,moment,moment,/moment/moment,2,49,760,724,16,"""Times New Roman"", Times, serif",0,0,0.000000,true
В преизбытке,moment,in-abundance,/moment/in-abundance,2,92,320,284,18,"""Times New Roman"", Times, serif",8,8,0.086957,false
В преизбытке,moment,in-abundance,/moment/in-abundance,2,92,320,284,17,"""Times New Roman"", Times, serif",4,4,0.043478,false
В преизбытке,moment,in-abundance,/moment/in-abundance,2,92,320,284,16,"""Times New Roman"", Times, serif",2,2,0.021739,false
В преизбытке,moment,in-abundance,/moment/in-abundance,2,92,360,324,18,"""Times New Roman"", Times, serif",2,2,0.021739,false
В преизбытке,moment,in-abundance,/moment/in-abundance,2,92,360,324,17,"""Times New Roman"", Times, serif",2,2,0.021739,false
В преизбытке,moment,in-abundance,/moment/in-abundance,2,92,360,324,16,"""Times New Roman"", Times, serif",1,1,0.010870,false
В преизбытке,moment,in-abundance,/moment/in-abundance,2,92,384,348,18,"""Times New Roman"", Times, serif",1,1,0.010870,false
В преизбытке,moment,in-abundance,/moment/in-abundance,2,92,384,348,17,"""Times New Roman"", Times, serif",1,1,0.010870,false
В преизбытке,moment,in-abundance,/moment/in-abundance,2,92,384,348,16,"""Times New Roman"", Times, serif",0,0,0.000000,true
В преизбытке,moment,in-abundance,/moment/in-abundance,2,92,390,354,18,"""Times New Roman"", Times, serif",1,1,0.010870,false
В преизбытке,moment,in-abundance,/moment/in-abundance,2,92,390,354,17,"""Times New Roman"", Times, serif",1,1,0.010870,false
В преизбытке,moment,in-abundance,/moment/in-abundance,2,92,390,354,16,"""Times New Roman"", Times, serif",0,0,0.000000,true
В преизбытке,moment,in-abundance,/moment/in-abundance,2,92,393,357,18,"""Times New Roman"", Times, serif",1,1,0.010870,false
В преизбытке,moment,in-abundance,/moment/in-abundance,2,92,393,357,17,"""Times New Roman"", Times, serif",1,1,0.010870,false
В преизбытке,moment,in-abundance,/moment/in-abundance,2,92,393,357,16,"""Times New Roman"", Times, serif",0,0,0.000000,true
В преизбытке,moment,in-abundance,/moment/in-abundance,2,92,414,378,18,"""Times New Roman"", Times, serif",1,1,0.010870,false
В преизбытке,moment,in-abundance,/moment/in-abundance,2,92,414,378,17,"""Times New Roman"", Times, serif",0,0,0.000000,true
В преизбытке,moment,in-abundance,/moment/in-abundance,2,92,414,378,16,"""Times New Roman"", Times, serif",0,0,0.000000,true
В преизбытке,moment,in-abundance,/moment/in-abundance,2,92,480,444,18,"""Times New Roman"", Times, serif",0,0,0.000000,true
В преизбытке,moment,in-abundance,/moment/in-abundance,2,92,480,444,17,"""Times New Roman"", Times, serif",0,0,0.000000,true
В преизбытке,moment,in-abundance,/moment/in-abundance,2,92,480,444,16,"""Times New Roman"", Times, serif",0,0,0.000000,true
В преизбытке,moment,in-abundance,/moment/in-abundance,2,92,500,464,18,"""Times New Roman"", Times, serif",0,0,0.000000,true
В преизбытке,moment,in-abundance,/moment/in-abundance,2,92,500,464,17,"""Times New Roman"", Times, serif",0,0,0.000000,true
В преизбытке,moment,in-abundance,/moment/in-abundance,2,92,500,464,16,"""Times New Roman"", Times, serif",0,0,0.000000,true
В преизбытке,moment,in-abundance,/moment/in-abundance,2,92,535,499,18,"""Times New Roman"", Times, serif",0,0,0.000000,true
В преизбытке,moment,in-abundance,/moment/in-abundance,2,92,535,499,17,"""Times New Roman"", Times, serif",0,0,0.000000,true
В преизбытке,moment,in-abundance,/moment/in-abundance,2,92,535,499,16,"""Times New Roman"", Times, serif",0,0,0.000000,true
В преизбытке,moment,in-abundance,/moment/in-abundance,2,92,536,500,18,"""Times New Roman"", Times, serif",0,0,0.000000,true
В преизбытке,moment,in-abundance,/moment/in-abundance,2,92,536,500,17,"""Times New Roman"", Times, serif",0,0,0.000000,true
В преизбытке,moment,in-abundance,/moment/in-abundance,2,92,536,500,16,"""Times New Roman"", Times, serif",0,0,0.000000,true
В преизбытке,moment,in-abundance,/moment/in-abundance,2,92,760,724,18,"""Times New Roman"", Times, serif",0,0,0.000000,true
В преизбытке,moment,in-abundance,/moment/in-abundance,2,92,760,724,17,"""Times New Roman"", Times, serif",0,0,0.000000,true
В преизбытке,moment,in-abundance,/moment/in-abundance,2,92,760,724,16,"""Times New Roman"", Times, serif",0,0,0.000000,true
Облака,moment,clouds,/moment/clouds,2,56,320,284,18,"""Times New Roman"", Times, serif",10,10,0.178571,false
Облака,moment,clouds,/moment/clouds,2,56,320,284,17,"""Times New Roman"", Times, serif",7,7,0.125000,false
Облака,moment,clouds,/moment/clouds,2,56,320,284,16,"""Times New Roman"", Times, serif",5,5,0.089286,false
Облака,moment,clouds,/moment/clouds,2,56,360,324,18,"""Times New Roman"", Times, serif",4,4,0.071429,false
Облака,moment,clouds,/moment/clouds,2,56,360,324,17,"""Times New Roman"", Times, serif",2,2,0.035714,false
Облака,moment,clouds,/moment/clouds,2,56,360,324,16,"""Times New Roman"", Times, serif",1,1,0.017857,false
Облака,moment,clouds,/moment/clouds,2,56,384,348,18,"""Times New Roman"", Times, serif",2,2,0.035714,false
Облака,moment,clouds,/moment/clouds,2,56,384,348,17,"""Times New Roman"", Times, serif",1,1,0.017857,false
Облака,moment,clouds,/moment/clouds,2,56,384,348,16,"""Times New Roman"", Times, serif",0,0,0.000000,true
Облака,moment,clouds,/moment/clouds,2,56,390,354,18,"""Times New Roman"", Times, serif",1,1,0.017857,false
Облака,moment,clouds,/moment/clouds,2,56,390,354,17,"""Times New Roman"", Times, serif",1,1,0.017857,false
Облака,moment,clouds,/moment/clouds,2,56,390,354,16,"""Times New Roman"", Times, serif",0,0,0.000000,true
Облака,moment,clouds,/moment/clouds,2,56,393,357,18,"""Times New Roman"", Times, serif",1,1,0.017857,false
Облака,moment,clouds,/moment/clouds,2,56,393,357,17,"""Times New Roman"", Times, serif",0,0,0.000000,true
Облака,moment,clouds,/moment/clouds,2,56,393,357,16,"""Times New Roman"", Times, serif",0,0,0.000000,true
Облака,moment,clouds,/moment/clouds,2,56,414,378,18,"""Times New Roman"", Times, serif",0,0,0.000000,true
Облака,moment,clouds,/moment/clouds,2,56,414,378,17,"""Times New Roman"", Times, serif",0,0,0.000000,true
Облака,moment,clouds,/moment/clouds,2,56,414,378,16,"""Times New Roman"", Times, serif",0,0,0.000000,true
Облака,moment,clouds,/moment/clouds,2,56,480,444,18,"""Times New Roman"", Times, serif",0,0,0.000000,true
Облака,moment,clouds,/moment/clouds,2,56,480,444,17,"""Times New Roman"", Times, serif",0,0,0.000000,true
Облака,moment,clouds,/moment/clouds,2,56,480,444,16,"""Times New Roman"", Times, serif",0,0,0.000000,true
Облака,moment,clouds,/moment/clouds,2,56,500,464,18,"""Times New Roman"", Times, serif",0,0,0.000000,true
Облака,moment,clouds,/moment/clouds,2,56,500,464,17,"""Times New Roman"", Times, serif",0,0,0.000000,true
Облака,moment,clouds,/moment/clouds,2,56,500,464,16,"""Times New Roman"", Times, serif",0,0,0.000000,true
Облака,moment,clouds,/moment/clouds,2,56,535,499,18,"""Times New Roman"", Times, serif",0,0,0.000000,true
Облака,moment,clouds,/moment/clouds,2,56,535,499,17,"""Times New Roman"", Times, serif",0,0,0.000000,true
Облака,moment,clouds,/moment/clouds,2,56,535,499,16,"""Times New Roman"", Times, serif",0,0,0.000000,true
Облака,moment,clouds,/moment/clouds,2,56,536,500,18,"""Times New Roman"", Times, serif",0,0,0.000000,true
Облака,moment,clouds,/moment/clouds,2,56,536,500,17,"""Times New Roman"", Times, serif",0,0,0.000000,true
Облака,moment,clouds,/moment/clouds,2,56,536,500,16,"""Times New Roman"", Times, serif",0,0,0.000000,true
Облака,moment,clouds,/moment/clouds,2,56,760,724,18,"""Times New Roman"", Times, serif",0,0,0.000000,true
Облака,moment,clouds,/moment/clouds,2,56,760,724,17,"""Times New Roman"", Times, serif",0,0,0.000000,true
Облака,moment,clouds,/moment/clouds,2,56,760,724,16,"""Times New Roman"", Times, serif",0,0,0.000000,true
Негатив,moment,negative,/moment/negative,2,35,320,284,18,"""Times New Roman"", Times, serif",4,4,0.114286,false
Негатив,moment,negative,/moment/negative,2,35,320,284,17,"""Times New Roman"", Times, serif",3,3,0.085714,false
Негатив,moment,negative,/moment/negative,2,35,320,284,16,"""Times New Roman"", Times, serif",1,1,0.028571,false
Негатив,moment,negative,/moment/negative,2,35,360,324,18,"""Times New Roman"", Times, serif",1,1,0.028571,false
Негатив,moment,negative,/moment/negative,2,35,360,324,17,"""Times New Roman"", Times, serif",1,1,0.028571,false
Негатив,moment,negative,/moment/negative,2,35,360,324,16,"""Times New Roman"", Times, serif",0,0,0.000000,true
Негатив,moment,negative,/moment/negative,2,35,384,348,18,"""Times New Roman"", Times, serif",1,1,0.028571,false
Негатив,moment,negative,/moment/negative,2,35,384,348,17,"""Times New Roman"", Times, serif",0,0,0.000000,true
Негатив,moment,negative,/moment/negative,2,35,384,348,16,"""Times New Roman"", Times, serif",0,0,0.000000,true
Негатив,moment,negative,/moment/negative,2,35,390,354,18,"""Times New Roman"", Times, serif",1,1,0.028571,false
Негатив,moment,negative,/moment/negative,2,35,390,354,17,"""Times New Roman"", Times, serif",0,0,0.000000,true
Негатив,moment,negative,/moment/negative,2,35,390,354,16,"""Times New Roman"", Times, serif",0,0,0.000000,true
Негатив,moment,negative,/moment/negative,2,35,393,357,18,"""Times New Roman"", Times, serif",1,1,0.028571,false
Негатив,moment,negative,/moment/negative,2,35,393,357,17,"""Times New Roman"", Times, serif",0,0,0.000000,true
Негатив,moment,negative,/moment/negative,2,35,393,357,16,"""Times New Roman"", Times, serif",0,0,0.000000,true
Негатив,moment,negative,/moment/negative,2,35,414,378,18,"""Times New Roman"", Times, serif",0,0,0.000000,true
Негатив,moment,negative,/moment/negative,2,35,414,378,17,"""Times New Roman"", Times, serif",0,0,0.000000,true
Негатив,moment,negative,/moment/negative,2,35,414,378,16,"""Times New Roman"", Times, serif",0,0,0.000000,true
Негатив,moment,negative,/moment/negative,2,35,480,444,18,"""Times New Roman"", Times, serif",0,0,0.000000,true
Негатив,moment,negative,/moment/negative,2,35,480,444,17,"""Times New Roman"", Times, serif",0,0,0.000000,true
Негатив,moment,negative,/moment/negative,2,35,480,444,16,"""Times New Roman"", Times, serif",0,0,0.000000,true
Негатив,moment,negative,/moment/negative,2,35,500,464,18,"""Times New Roman"", Times, serif",0,0,0.000000,true
Негатив,moment,negative,/moment/negative,2,35,500,464,17,"""Times New Roman"", Times, serif",0,0,0.000000,true
Негатив,moment,negative,/moment/negative,2,35,500,464,16,"""Times New Roman"", Times, serif",0,0,0.000000,true
Негатив,moment,negative,/moment/negative,2,35,535,499,18,"""Times New Roman"", Times, serif",0,0,0.000000,true
Негатив,moment,negative,/moment/negative,2,35,535,499,17,"""Times New Roman"", Times, serif",0,0,0.000000,true
Негатив,moment,negative,/moment/negative,2,35,535,499,16,"""Times New Roman"", Times, serif",0,0,0.000000,true
Негатив,moment,negative,/moment/negative,2,35,536,500,18,"""Times New Roman"", Times, serif",0,0,0.000000,true
Негатив,moment,negative,/moment/negative,2,35,536,500,17,"""Times New Roman"", Times, serif",0,0,0.000000,true
Негатив,moment,negative,/moment/negative,2,35,536,500,16,"""Times New Roman"", Times, serif",0,0,0.000000,true
Негатив,moment,negative,/moment/negative,2,35,760,724,18,"""Times New Roman"", Times, serif",0,0,0.000000,true
Негатив,moment,negative,/moment/negative,2,35,760,724,17,"""Times New Roman"", Times, serif",0,0,0.000000,true
Негатив,moment,negative,/moment/negative,2,35,760,724,16,"""Times New Roman"", Times, serif",0,0,0.000000,true
Телефонная трубка,moment,telephone-receiver,/moment/telephone-receiver,2,40,320,284,18,"""Times New Roman"", Times, serif",0,0,0.000000,true
Телефонная трубка,moment,telephone-receiver,/moment/telephone-receiver,2,40,320,284,17,"""Times New Roman"", Times, serif",0,0,0.000000,true
Телефонная трубка,moment,telephone-receiver,/moment/telephone-receiver,2,40,320,284,16,"""Times New Roman"", Times, serif",0,0,0.000000,true
Телефонная трубка,moment,telephone-receiver,/moment/telephone-receiver,2,40,360,324,18,"""Times New Roman"", Times, serif",0,0,0.000000,true
Телефонная трубка,moment,telephone-receiver,/moment/telephone-receiver,2,40,360,324,17,"""Times New Roman"", Times, serif",0,0,0.000000,true
Телефонная трубка,moment,telephone-receiver,/moment/telephone-receiver,2,40,360,324,16,"""Times New Roman"", Times, serif",0,0,0.000000,true
Телефонная трубка,moment,telephone-receiver,/moment/telephone-receiver,2,40,384,348,18,"""Times New Roman"", Times, serif",0,0,0.000000,true
Телефонная трубка,moment,telephone-receiver,/moment/telephone-receiver,2,40,384,348,17,"""Times New Roman"", Times, serif",0,0,0.000000,true
Телефонная трубка,moment,telephone-receiver,/moment/telephone-receiver,2,40,384,348,16,"""Times New Roman"", Times, serif",0,0,0.000000,true
Телефонная трубка,moment,telephone-receiver,/moment/telephone-receiver,2,40,390,354,18,"""Times New Roman"", Times, serif",0,0,0.000000,true
Телефонная трубка,moment,telephone-receiver,/moment/telephone-receiver,2,40,390,354,17,"""Times New Roman"", Times, serif",0,0,0.000000,true
Телефонная трубка,moment,telephone-receiver,/moment/telephone-receiver,2,40,390,354,16,"""Times New Roman"", Times, serif",0,0,0.000000,true
Телефонная трубка,moment,telephone-receiver,/moment/telephone-receiver,2,40,393,357,18,"""Times New Roman"", Times, serif",0,0,0.000000,true
Телефонная трубка,moment,telephone-receiver,/moment/telephone-receiver,2,40,393,357,17,"""Times New Roman"", Times, serif",0,0,0.000000,true
Телефонная трубка,moment,telephone-receiver,/moment/telephone-receiver,2,40,393,357,16,"""Times New Roman"", Times, serif",0,0,0.000000,true
Телефонная трубка,moment,telephone-receiver,/moment/telephone-receiver,2,40,414,378,18,"""Times New Roman"", Times, serif",0,0,0.000000,true
Телефонная трубка,moment,telephone-receiver,/moment/telephone-receiver,2,40,414,378,17,"""Times New Roman"", Times, serif",0,0,0.000000,true
Телефонная трубка,moment,telephone-receiver,/moment/telephone-receiver,2,40,414,378,16,"""Times New Roman"", Times, serif",0,0,0.000000,true
Телефонная трубка,moment,telephone-receiver,/moment/telephone-receiver,2,40,480,444,18,"""Times New Roman"", Times, serif",0,0,0.000000,true
Телефонная трубка,moment,telephone-receiver,/moment/telephone-receiver,2,40,480,444,17,"""Times New Roman"", Times, serif",0,0,0.000000,true
Телефонная трубка,moment,telephone-receiver,/moment/telephone-receiver,2,40,480,444,16,"""Times New Roman"", Times, serif",0,0,0.000000,true
Телефонная трубка,moment,telephone-receiver,/moment/telephone-receiver,2,40,500,464,18,"""Times New Roman"", Times, serif",0,0,0.000000,true
Телефонная трубка,moment,telephone-receiver,/moment/telephone-receiver,2,40,500,464,17,"""Times New Roman"", Times, serif",0,0,0.000000,true
Телефонная трубка,moment,telephone-receiver,/moment/telephone-receiver,2,40,500,464,16,"""Times New Roman"", Times, serif",0,0,0.000000,true
Телефонная трубка,moment,telephone-receiver,/moment/telephone-receiver,2,40,535,499,18,"""Times New Roman"", Times, serif",0,0,0.000000,true
Телефонная трубка,moment,telephone-receiver,/moment/telephone-receiver,2,40,535,499,17,"""Times New Roman"", Times, serif",0,0,0.000000,true
Телефонная трубка,moment,telephone-receiver,/moment/telephone-receiver,2,40,535,499,16,"""Times New Roman"", Times, serif",0,0,0.000000,true
Телефонная трубка,moment,telephone-receiver,/moment/telephone-receiver,2,40,536,500,18,"""Times New Roman"", Times, serif",0,0,0.000000,true
Телефонная трубка,moment,telephone-receiver,/moment/telephone-receiver,2,40,536,500,17,"""Times New Roman"", Times, serif",0,0,0.000000,true
Телефонная трубка,moment,telephone-receiver,/moment/telephone-receiver,2,40,536,500,16,"""Times New Roman"", Times, serif",0,0,0.000000,true
Телефонная трубка,moment,telephone-receiver,/moment/telephone-receiver,2,40,760,724,18,"""Times New Roman"", Times, serif",0,0,0.000000,true
Телефонная трубка,moment,telephone-receiver,/moment/telephone-receiver,2,40,760,724,17,"""Times New Roman"", Times, serif",0,0,0.000000,true
Телефонная трубка,moment,telephone-receiver,/moment/telephone-receiver,2,40,760,724,16,"""Times New Roman"", Times, serif",0,0,0.000000,true
Три поразительных слова,moment,three-striking-words,/moment/three-striking-words,2,12,320,284,18,"""Times New Roman"", Times, serif",4,4,0.333333,false
Три поразительных слова,moment,three-striking-words,/moment/three-striking-words,2,12,320,284,17,"""Times New Roman"", Times, serif",4,4,0.333333,false
Три поразительных слова,moment,three-striking-words,/moment/three-striking-words,2,12,320,284,16,"""Times New Roman"", Times, serif",4,4,0.333333,false
Три поразительных слова,moment,three-striking-words,/moment/three-striking-words,2,12,360,324,18,"""Times New Roman"", Times, serif",3,3,0.250000,false
Три поразительных слова,moment,three-striking-words,/moment/three-striking-words,2,12,360,324,17,"""Times New Roman"", Times, serif",3,3,0.250000,false
Три поразительных слова,moment,three-striking-words,/moment/three-striking-words,2,12,360,324,16,"""Times New Roman"", Times, serif",3,3,0.250000,false
Три поразительных слова,moment,three-striking-words,/moment/three-striking-words,2,12,384,348,18,"""Times New Roman"", Times, serif",3,3,0.250000,false
Три поразительных слова,moment,three-striking-words,/moment/three-striking-words,2,12,384,348,17,"""Times New Roman"", Times, serif",3,3,0.250000,false
Три поразительных слова,moment,three-striking-words,/moment/three-striking-words,2,12,384,348,16,"""Times New Roman"", Times, serif",1,1,0.083333,false
Три поразительных слова,moment,three-striking-words,/moment/three-striking-words,2,12,390,354,18,"""Times New Roman"", Times, serif",3,3,0.250000,false
Три поразительных слова,moment,three-striking-words,/moment/three-striking-words,2,12,390,354,17,"""Times New Roman"", Times, serif",3,3,0.250000,false
Три поразительных слова,moment,three-striking-words,/moment/three-striking-words,2,12,390,354,16,"""Times New Roman"", Times, serif",1,1,0.083333,false
Три поразительных слова,moment,three-striking-words,/moment/three-striking-words,2,12,393,357,18,"""Times New Roman"", Times, serif",3,3,0.250000,false
Три поразительных слова,moment,three-striking-words,/moment/three-striking-words,2,12,393,357,17,"""Times New Roman"", Times, serif",2,2,0.166667,false
Три поразительных слова,moment,three-striking-words,/moment/three-striking-words,2,12,393,357,16,"""Times New Roman"", Times, serif",1,1,0.083333,false
Три поразительных слова,moment,three-striking-words,/moment/three-striking-words,2,12,414,378,18,"""Times New Roman"", Times, serif",2,2,0.166667,false
Три поразительных слова,moment,three-striking-words,/moment/three-striking-words,2,12,414,378,17,"""Times New Roman"", Times, serif",1,1,0.083333,false
Три поразительных слова,moment,three-striking-words,/moment/three-striking-words,2,12,414,378,16,"""Times New Roman"", Times, serif",0,0,0.000000,true
Три поразительных слова,moment,three-striking-words,/moment/three-striking-words,2,12,480,444,18,"""Times New Roman"", Times, serif",0,0,0.000000,true
Три поразительных слова,moment,three-striking-words,/moment/three-striking-words,2,12,480,444,17,"""Times New Roman"", Times, serif",0,0,0.000000,true
Три поразительных слова,moment,three-striking-words,/moment/three-striking-words,2,12,480,444,16,"""Times New Roman"", Times, serif",0,0,0.000000,true
Три поразительных слова,moment,three-striking-words,/moment/three-striking-words,2,12,500,464,18,"""Times New Roman"", Times, serif",0,0,0.000000,true
Три поразительных слова,moment,three-striking-words,/moment/three-striking-words,2,12,500,464,17,"""Times New Roman"", Times, serif",0,0,0.000000,true
Три поразительных слова,moment,three-striking-words,/moment/three-striking-words,2,12,500,464,16,"""Times New Roman"", Times, serif",0,0,0.000000,true
Три поразительных слова,moment,three-striking-words,/moment/three-striking-words,2,12,535,499,18,"""Times New Roman"", Times, serif",0,0,0.000000,true
Три поразительных слова,moment,three-striking-words,/moment/three-striking-words,2,12,535,499,17,"""Times New Roman"", Times, serif",0,0,0.000000,true
Три поразительных слова,moment,three-striking-words,/moment/three-striking-words,2,12,535,499,16,"""Times New Roman"", Times, serif",0,0,0.000000,true
Три поразительных слова,moment,three-striking-words,/moment/three-striking-words,2,12,536,500,18,"""Times New Roman"", Times, serif",0,0,0.000000,true
Три поразительных слова,moment,three-striking-words,/moment/three-striking-words,2,12,536,500,17,"""Times New Roman"", Times, serif",0,0,0.000000,true
Три поразительных слова,moment,three-striking-words,/moment/three-striking-words,2,12,536,500,16,"""Times New Roman"", Times, serif",0,0,0.000000,true
Три поразительных слова,moment,three-striking-words,/moment/three-striking-words,2,12,760,724,18,"""Times New Roman"", Times, serif",0,0,0.000000,true
Три поразительных слова,moment,three-striking-words,/moment/three-striking-words,2,12,760,724,17,"""Times New Roman"", Times, serif",0,0,0.000000,true
Три поразительных слова,moment,three-striking-words,/moment/three-striking-words,2,12,760,724,16,"""Times New Roman"", Times, serif",0,0,0.000000,true
Молчание растений,moment,silence-of-plants,/moment/silence-of-plants,2,67,320,284,18,"""Times New Roman"", Times, serif",29,29,0.432836,false
Молчание растений,moment,silence-of-plants,/moment/silence-of-plants,2,67,320,284,17,"""Times New Roman"", Times, serif",25,25,0.373134,false
Молчание растений,moment,silence-of-plants,/moment/silence-of-plants,2,67,320,284,16,"""Times New Roman"", Times, serif",13,13,0.194030,false
Молчание растений,moment,silence-of-plants,/moment/silence-of-plants,2,67,360,324,18,"""Times New Roman"", Times, serif",13,13,0.194030,false
Молчание растений,moment,silence-of-plants,/moment/silence-of-plants,2,67,360,324,17,"""Times New Roman"", Times, serif",8,8,0.119403,false
Молчание растений,moment,silence-of-plants,/moment/silence-of-plants,2,67,360,324,16,"""Times New Roman"", Times, serif",3,3,0.044776,false
Молчание растений,moment,silence-of-plants,/moment/silence-of-plants,2,67,384,348,18,"""Times New Roman"", Times, serif",7,7,0.104478,false
Молчание растений,moment,silence-of-plants,/moment/silence-of-plants,2,67,384,348,17,"""Times New Roman"", Times, serif",3,3,0.044776,false
Молчание растений,moment,silence-of-plants,/moment/silence-of-plants,2,67,384,348,16,"""Times New Roman"", Times, serif",1,1,0.014925,false
Молчание растений,moment,silence-of-plants,/moment/silence-of-plants,2,67,390,354,18,"""Times New Roman"", Times, serif",5,5,0.074627,false
Молчание растений,moment,silence-of-plants,/moment/silence-of-plants,2,67,390,354,17,"""Times New Roman"", Times, serif",3,3,0.044776,false
Молчание растений,moment,silence-of-plants,/moment/silence-of-plants,2,67,390,354,16,"""Times New Roman"", Times, serif",1,1,0.014925,false
Молчание растений,moment,silence-of-plants,/moment/silence-of-plants,2,67,393,357,18,"""Times New Roman"", Times, serif",5,5,0.074627,false
Молчание растений,moment,silence-of-plants,/moment/silence-of-plants,2,67,393,357,17,"""Times New Roman"", Times, serif",3,3,0.044776,false
Молчание растений,moment,silence-of-plants,/moment/silence-of-plants,2,67,393,357,16,"""Times New Roman"", Times, serif",0,0,0.000000,true
Молчание растений,moment,silence-of-plants,/moment/silence-of-plants,2,67,414,378,18,"""Times New Roman"", Times, serif",3,3,0.044776,false
Молчание растений,moment,silence-of-plants,/moment/silence-of-plants,2,67,414,378,17,"""Times New Roman"", Times, serif",0,0,0.000000,true
Молчание растений,moment,silence-of-plants,/moment/silence-of-plants,2,67,414,378,16,"""Times New Roman"", Times, serif",0,0,0.000000,true
Молчание растений,moment,silence-of-plants,/moment/silence-of-plants,2,67,480,444,18,"""Times New Roman"", Times, serif",0,0,0.000000,true
Молчание растений,moment,silence-of-plants,/moment/silence-of-plants,2,67,480,444,17,"""Times New Roman"", Times, serif",0,0,0.000000,true
Молчание растений,moment,silence-of-plants,/moment/silence-of-plants,2,67,480,444,16,"""Times New Roman"", Times, serif",0,0,0.000000,true
Молчание растений,moment,silence-of-plants,/moment/silence-of-plants,2,67,500,464,18,"""Times New Roman"", Times, serif",0,0,0.000000,true
Молчание растений,moment,silence-of-plants,/moment/silence-of-plants,2,67,500,464,17,"""Times New Roman"", Times, serif",0,0,0.000000,true
Молчание растений,moment,silence-of-plants,/moment/silence-of-plants,2,67,500,464,16,"""Times New Roman"", Times, serif",0,0,0.000000,true
Молчание растений,moment,silence-of-plants,/moment/silence-of-plants,2,67,535,499,18,"""Times New Roman"", Times, serif",0,0,0.000000,true
Молчание растений,moment,silence-of-plants,/moment/silence-of-plants,2,67,535,499,17,"""Times New Roman"", Times, serif",0,0,0.000000,true
Молчание растений,moment,silence-of-plants,/moment/silence-of-plants,2,67,535,499,16,"""Times New Roman"", Times, serif",0,0,0.000000,true
Молчание растений,moment,silence-of-plants,/moment/silence-of-plants,2,67,536,500,18,"""Times New Roman"", Times, serif",0,0,0.000000,true
Молчание растений,moment,silence-of-plants,/moment/silence-of-plants,2,67,536,500,17,"""Times New Roman"", Times, serif",0,0,0.000000,true
Молчание растений,moment,silence-of-plants,/moment/silence-of-plants,2,67,536,500,16,"""Times New Roman"", Times, serif",0,0,0.000000,true
Молчание растений,moment,silence-of-plants,/moment/silence-of-plants,2,67,760,724,18,"""Times New Roman"", Times, serif",0,0,0.000000,true
Молчание растений,moment,silence-of-plants,/moment/silence-of-plants,2,67,760,724,17,"""Times New Roman"", Times, serif",0,0,0.000000,true
Молчание растений,moment,silence-of-plants,/moment/silence-of-plants,2,67,760,724,16,"""Times New Roman"", Times, serif",0,0,0.000000,true
"Платон, или зачем",moment,plato-or-why,/moment/plato-or-why,2,56,320,284,18,"""Times New Roman"", Times, serif",11,11,0.196429,false
"Платон, или зачем",moment,plato-or-why,/moment/plato-or-why,2,56,320,284,17,"""Times New Roman"", Times, serif",6,6,0.107143,false
"Платон, или зачем",moment,plato-or-why,/moment/plato-or-why,2,56,320,284,16,"""Times New Roman"", Times, serif",5,5,0.089286,false
"Платон, или зачем",moment,plato-or-why,/moment/plato-or-why,2,56,360,324,18,"""Times New Roman"", Times, serif",5,5,0.089286,false
"Платон, или зачем",moment,plato-or-why,/moment/plato-or-why,2,56,360,324,17,"""Times New Roman"", Times, serif",3,3,0.053571,false
"Платон, или зачем",moment,plato-or-why,/moment/plato-or-why,2,56,360,324,16,"""Times New Roman"", Times, serif",3,3,0.053571,false
"Платон, или зачем",moment,plato-or-why,/moment/plato-or-why,2,56,384,348,18,"""Times New Roman"", Times, serif",3,3,0.053571,false
"Платон, или зачем",moment,plato-or-why,/moment/plato-or-why,2,56,384,348,17,"""Times New Roman"", Times, serif",3,3,0.053571,false
"Платон, или зачем",moment,plato-or-why,/moment/plato-or-why,2,56,384,348,16,"""Times New Roman"", Times, serif",2,2,0.035714,false
"Платон, или зачем",moment,plato-or-why,/moment/plato-or-why,2,56,390,354,18,"""Times New Roman"", Times, serif",3,3,0.053571,false
"Платон, или зачем",moment,plato-or-why,/moment/plato-or-why,2,56,390,354,17,"""Times New Roman"", Times, serif",3,3,0.053571,false
"Платон, или зачем",moment,plato-or-why,/moment/plato-or-why,2,56,390,354,16,"""Times New Roman"", Times, serif",2,2,0.035714,false
"Платон, или зачем",moment,plato-or-why,/moment/plato-or-why,2,56,393,357,18,"""Times New Roman"", Times, serif",3,3,0.053571,false
"Платон, или зачем",moment,plato-or-why,/moment/plato-or-why,2,56,393,357,17,"""Times New Roman"", Times, serif",3,3,0.053571,false
"Платон, или зачем",moment,plato-or-why,/moment/plato-or-why,2,56,393,357,16,"""Times New Roman"", Times, serif",2,2,0.035714,false
"Платон, или зачем",moment,plato-or-why,/moment/plato-or-why,2,56,414,378,18,"""Times New Roman"", Times, serif",3,3,0.053571,false
"Платон, или зачем",moment,plato-or-why,/moment/plato-or-why,2,56,414,378,17,"""Times New Roman"", Times, serif",2,2,0.035714,false
"Платон, или зачем",moment,plato-or-why,/moment/plato-or-why,2,56,414,378,16,"""Times New Roman"", Times, serif",0,0,0.000000,true
"Платон, или зачем",moment,plato-or-why,/moment/plato-or-why,2,56,480,444,18,"""Times New Roman"", Times, serif",0,0,0.000000,true
"Платон, или зачем",moment,plato-or-why,/moment/plato-or-why,2,56,480,444,17,"""Times New Roman"", Times, serif",0,0,0.000000,true
"Платон, или зачем",moment,plato-or-why,/moment/plato-or-why,2,56,480,444,16,"""Times New Roman"", Times, serif",0,0,0.000000,true
"Платон, или зачем",moment,plato-or-why,/moment/plato-or-why,2,56,500,464,18,"""Times New Roman"", Times, serif",0,0,0.000000,true
"Платон, или зачем",moment,plato-or-why,/moment/plato-or-why,2,56,500,464,17,"""Times New Roman"", Times, serif",0,0,0.000000,true
"Платон, или зачем",moment,plato-or-why,/moment/plato-or-why,2,56,500,464,16,"""Times New Roman"", Times, serif",0,0,0.000000,true
"Платон, или зачем",moment,plato-or-why,/moment/plato-or-why,2,56,535,499,18,"""Times New Roman"", Times, serif",0,0,0.000000,true
"Платон, или зачем",moment,plato-or-why,/moment/plato-or-why,2,56,535,499,17,"""Times New Roman"", Times, serif",0,0,0.000000,true
"Платон, или зачем",moment,plato-or-why,/moment/plato-or-why,2,56,535,499,16,"""Times New Roman"", Times, serif",0,0,0.000000,true
"Платон, или зачем",moment,plato-or-why,/moment/plato-or-why,2,56,536,500,18,"""Times New Roman"", Times, serif",0,0,0.000000,true
"Платон, или зачем",moment,plato-or-why,/moment/plato-or-why,2,56,536,500,17,"""Times New Roman"", Times, serif",0,0,0.000000,true
"Платон, или зачем",moment,plato-or-why,/moment/plato-or-why,2,56,536,500,16,"""Times New Roman"", Times, serif",0,0,0.000000,true
"Платон, или зачем",moment,plato-or-why,/moment/plato-or-why,2,56,760,724,18,"""Times New Roman"", Times, serif",0,0,0.000000,true
"Платон, или зачем",moment,plato-or-why,/moment/plato-or-why,2,56,760,724,17,"""Times New Roman"", Times, serif",0,0,0.000000,true
"Платон, или зачем",moment,plato-or-why,/moment/plato-or-why,2,56,760,724,16,"""Times New Roman"", Times, serif",0,0,0.000000,true
Маленькая девочка стаскивает скатерть,moment,little-girl-pull-tablecloth,/moment/little-girl-pull-tablecloth,3,77,320,284,18,"""Times New Roman"", Times, serif",13,13,0.168831,false
Маленькая девочка стаскивает скатерть,moment,little-girl-pull-tablecloth,/moment/little-girl-pull-tablecloth,3,77,320,284,17,"""Times New Roman"", Times, serif",8,8,0.103896,false
Маленькая девочка стаскивает скатерть,moment,little-girl-pull-tablecloth,/moment/little-girl-pull-tablecloth,3,77,320,284,16,"""Times New Roman"", Times, serif",6,6,0.077922,false
Маленькая девочка стаскивает скатерть,moment,little-girl-pull-tablecloth,/moment/little-girl-pull-tablecloth,3,77,360,324,18,"""Times New Roman"", Times, serif",6,6,0.077922,false
Маленькая девочка стаскивает скатерть,moment,little-girl-pull-tablecloth,/moment/little-girl-pull-tablecloth,3,77,360,324,17,"""Times New Roman"", Times, serif",4,4,0.051948,false
Маленькая девочка стаскивает скатерть,moment,little-girl-pull-tablecloth,/moment/little-girl-pull-tablecloth,3,77,360,324,16,"""Times New Roman"", Times, serif",0,0,0.000000,true
Маленькая девочка стаскивает скатерть,moment,little-girl-pull-tablecloth,/moment/little-girl-pull-tablecloth,3,77,384,348,18,"""Times New Roman"", Times, serif",0,0,0.000000,true
Маленькая девочка стаскивает скатерть,moment,little-girl-pull-tablecloth,/moment/little-girl-pull-tablecloth,3,77,384,348,17,"""Times New Roman"", Times, serif",0,0,0.000000,true
Маленькая девочка стаскивает скатерть,moment,little-girl-pull-tablecloth,/moment/little-girl-pull-tablecloth,3,77,384,348,16,"""Times New Roman"", Times, serif",0,0,0.000000,true
Маленькая девочка стаскивает скатерть,moment,little-girl-pull-tablecloth,/moment/little-girl-pull-tablecloth,3,77,390,354,18,"""Times New Roman"", Times, serif",0,0,0.000000,true
Маленькая девочка стаскивает скатерть,moment,little-girl-pull-tablecloth,/moment/little-girl-pull-tablecloth,3,77,390,354,17,"""Times New Roman"", Times, serif",0,0,0.000000,true
Маленькая девочка стаскивает скатерть,moment,little-girl-pull-tablecloth,/moment/little-girl-pull-tablecloth,3,77,390,354,16,"""Times New Roman"", Times, serif",0,0,0.000000,true
Маленькая девочка стаскивает скатерть,moment,little-girl-pull-tablecloth,/moment/little-girl-pull-tablecloth,3,77,393,357,18,"""Times New Roman"", Times, serif",0,0,0.000000,true
Маленькая девочка стаскивает скатерть,moment,little-girl-pull-tablecloth,/moment/little-girl-pull-tablecloth,3,77,393,357,17,"""Times New Roman"", Times, serif",0,0,0.000000,true
Маленькая девочка стаскивает скатерть,moment,little-girl-pull-tablecloth,/moment/little-girl-pull-tablecloth,3,77,393,357,16,"""Times New Roman"", Times, serif",0,0,0.000000,true
Маленькая девочка стаскивает скатерть,moment,little-girl-pull-tablecloth,/moment/little-girl-pull-tablecloth,3,77,414,378,18,"""Times New Roman"", Times, serif",0,0,0.000000,true
Маленькая девочка стаскивает скатерть,moment,little-girl-pull-tablecloth,/moment/little-girl-pull-tablecloth,3,77,414,378,17,"""Times New Roman"", Times, serif",0,0,0.000000,true
Маленькая девочка стаскивает скатерть,moment,little-girl-pull-tablecloth,/moment/little-girl-pull-tablecloth,3,77,414,378,16,"""Times New Roman"", Times, serif",0,0,0.000000,true
Маленькая девочка стаскивает скатерть,moment,little-girl-pull-tablecloth,/moment/little-girl-pull-tablecloth,3,77,480,444,18,"""Times New Roman"", Times, serif",0,0,0.000000,true
Маленькая девочка стаскивает скатерть,moment,little-girl-pull-tablecloth,/moment/little-girl-pull-tablecloth,3,77,480,444,17,"""Times New Roman"", Times, serif",0,0,0.000000,true
Маленькая девочка стаскивает скатерть,moment,little-girl-pull-tablecloth,/moment/little-girl-pull-tablecloth,3,77,480,444,16,"""Times New Roman"", Times, serif",0,0,0.000000,true
Маленькая девочка стаскивает скатерть,moment,little-girl-pull-tablecloth,/moment/little-girl-pull-tablecloth,3,77,500,464,18,"""Times New Roman"", Times, serif",0,0,0.000000,true
Маленькая девочка стаскивает скатерть,moment,little-girl-pull-tablecloth,/moment/little-girl-pull-tablecloth,3,77,500,464,17,"""Times New Roman"", Times, serif",0,0,0.000000,true
Маленькая девочка стаскивает скатерть,moment,little-girl-pull-tablecloth,/moment/little-girl-pull-tablecloth,3,77,500,464,16,"""Times New Roman"", Times, serif",0,0,0.000000,true
Маленькая девочка стаскивает скатерть,moment,little-girl-pull-tablecloth,/moment/little-girl-pull-tablecloth,3,77,535,499,18,"""Times New Roman"", Times, serif",0,0,0.000000,true
Маленькая девочка стаскивает скатерть,moment,little-girl-pull-tablecloth,/moment/little-girl-pull-tablecloth,3,77,535,499,17,"""Times New Roman"", Times, serif",0,0,0.000000,true
Маленькая девочка стаскивает скатерть,moment,little-girl-pull-tablecloth,/moment/little-girl-pull-tablecloth,3,77,535,499,16,"""Times New Roman"", Times, serif",0,0,0.000000,true
Маленькая девочка стаскивает скатерть,moment,little-girl-pull-tablecloth,/moment/little-girl-pull-tablecloth,3,77,536,500,18,"""Times New Roman"", Times, serif",0,0,0.000000,true
Маленькая девочка стаскивает скатерть,moment,little-girl-pull-tablecloth,/moment/little-girl-pull-tablecloth,3,77,536,500,17,"""Times New Roman"", Times, serif",0,0,0.000000,true
Маленькая девочка стаскивает скатерть,moment,little-girl-pull-tablecloth,/moment/little-girl-pull-tablecloth,3,77,536,500,16,"""Times New Roman"", Times, serif",0,0,0.000000,true
Маленькая девочка стаскивает скатерть,moment,little-girl-pull-tablecloth,/moment/little-girl-pull-tablecloth,3,77,760,724,18,"""Times New Roman"", Times, serif",0,0,0.000000,true
Маленькая девочка стаскивает скатерть,moment,little-girl-pull-tablecloth,/moment/little-girl-pull-tablecloth,3,77,760,724,17,"""Times New Roman"", Times, serif",0,0,0.000000,true
Маленькая девочка стаскивает скатерть,moment,little-girl-pull-tablecloth,/moment/little-girl-pull-tablecloth,3,77,760,724,16,"""Times New Roman"", Times, serif",0,0,0.000000,true
Из воспоминаний,moment,from-memories,/moment/from-memories,2,28,320,284,18,"""Times New Roman"", Times, serif",2,2,0.071429,false
Из воспоминаний,moment,from-memories,/moment/from-memories,2,28,320,284,17,"""Times New Roman"", Times, serif",2,2,0.071429,false
Из воспоминаний,moment,from-memories,/moment/from-memories,2,28,320,284,16,"""Times New Roman"", Times, serif",1,1,0.035714,false
Из воспоминаний,moment,from-memories,/moment/from-memories,2,28,360,324,18,"""Times New Roman"", Times, serif",0,0,0.000000,true
Из воспоминаний,moment,from-memories,/moment/from-memories,2,28,360,324,17,"""Times New Roman"", Times, serif",0,0,0.000000,true
Из воспоминаний,moment,from-memories,/moment/from-memories,2,28,360,324,16,"""Times New Roman"", Times, serif",0,0,0.000000,true
Из воспоминаний,moment,from-memories,/moment/from-memories,2,28,384,348,18,"""Times New Roman"", Times, serif",0,0,0.000000,true
Из воспоминаний,moment,from-memories,/moment/from-memories,2,28,384,348,17,"""Times New Roman"", Times, serif",0,0,0.000000,true
Из воспоминаний,moment,from-memories,/moment/from-memories,2,28,384,348,16,"""Times New Roman"", Times, serif",0,0,0.000000,true
Из воспоминаний,moment,from-memories,/moment/from-memories,2,28,390,354,18,"""Times New Roman"", Times, serif",0,0,0.000000,true
Из воспоминаний,moment,from-memories,/moment/from-memories,2,28,390,354,17,"""Times New Roman"", Times, serif",0,0,0.000000,true
Из воспоминаний,moment,from-memories,/moment/from-memories,2,28,390,354,16,"""Times New Roman"", Times, serif",0,0,0.000000,true
Из воспоминаний,moment,from-memories,/moment/from-memories,2,28,393,357,18,"""Times New Roman"", Times, serif",0,0,0.000000,true
Из воспоминаний,moment,from-memories,/moment/from-memories,2,28,393,357,17,"""Times New Roman"", Times, serif",0,0,0.000000,true
Из воспоминаний,moment,from-memories,/moment/from-memories,2,28,393,357,16,"""Times New Roman"", Times, serif",0,0,0.000000,true
Из воспоминаний,moment,from-memories,/moment/from-memories,2,28,414,378,18,"""Times New Roman"", Times, serif",0,0,0.000000,true
Из воспоминаний,moment,from-memories,/moment/from-memories,2,28,414,378,17,"""Times New Roman"", Times, serif",0,0,0.000000,true
Из воспоминаний,moment,from-memories,/moment/from-memories,2,28,414,378,16,"""Times New Roman"", Times, serif",0,0,0.000000,true
Из воспоминаний,moment,from-memories,/moment/from-memories,2,28,480,444,18,"""Times New Roman"", Times, serif",0,0,0.000000,true
Из воспоминаний,moment,from-memories,/moment/from-memories,2,28,480,444,17,"""Times New Roman"", Times, serif",0,0,0.000000,true
Из воспоминаний,moment,from-memories,/moment/from-memories,2,28,480,444,16,"""Times New Roman"", Times, serif",0,0,0.000000,true
Из воспоминаний,moment,from-memories,/moment/from-memories,2,28,500,464,18,"""Times New Roman"", Times, serif",0,0,0.000000,true
Из воспоминаний,moment,from-memories,/moment/from-memories,2,28,500,464,17,"""Times New Roman"", Times, serif",0,0,0.000000,true
Из воспоминаний,moment,from-memories,/moment/from-memories,2,28,500,464,16,"""Times New Roman"", Times, serif",0,0,0.000000,true
Из воспоминаний,moment,from-memories,/moment/from-memories,2,28,535,499,18,"""Times New Roman"", Times, serif",0,0,0.000000,true
Из воспоминаний,moment,from-memories,/moment/from-memories,2,28,535,499,17,"""Times New Roman"", Times, serif",0,0,0.000000,true
Из воспоминаний,moment,from-memories,/moment/from-memories,2,28,535,499,16,"""Times New Roman"", Times, serif",0,0,0.000000,true
Из воспоминаний,moment,from-memories,/moment/from-memories,2,28,536,500,18,"""Times New Roman"", Times, serif",0,0,0.000000,true
Из воспоминаний,moment,from-memories,/moment/from-memories,2,28,536,500,17,"""Times New Roman"", Times, serif",0,0,0.000000,true
Из воспоминаний,moment,from-memories,/moment/from-memories,2,28,536,500,16,"""Times New Roman"", Times, serif",0,0,0.000000,true
Из воспоминаний,moment,from-memories,/moment/from-memories,2,28,760,724,18,"""Times New Roman"", Times, serif",0,0,0.000000,true
Из воспоминаний,moment,from-memories,/moment/from-memories,2,28,760,724,17,"""Times New Roman"", Times, serif",0,0,0.000000,true
Из воспоминаний,moment,from-memories,/moment/from-memories,2,28,760,724,16,"""Times New Roman"", Times, serif",0,0,0.000000,true
Лужа,moment,puddle,/moment/puddle,2,38,320,284,18,"""Times New Roman"", Times, serif",5,5,0.131579,false
Лужа,moment,puddle,/moment/puddle,2,38,320,284,17,"""Times New Roman"", Times, serif",4,4,0.105263,false
Лужа,moment,puddle,/moment/puddle,2,38,320,284,16,"""Times New Roman"", Times, serif",2,2,0.052632,false
Лужа,moment,puddle,/moment/puddle,2,38,360,324,18,"""Times New Roman"", Times, serif",1,1,0.026316,false
Лужа,moment,puddle,/moment/puddle,2,38,360,324,17,"""Times New Roman"", Times, serif",0,0,0.000000,true
Лужа,moment,puddle,/moment/puddle,2,38,360,324,16,"""Times New Roman"", Times, serif",0,0,0.000000,true
Лужа,moment,puddle,/moment/puddle,2,38,384,348,18,"""Times New Roman"", Times, serif",0,0,0.000000,true
Лужа,moment,puddle,/moment/puddle,2,38,384,348,17,"""Times New Roman"", Times, serif",0,0,0.000000,true
Лужа,moment,puddle,/moment/puddle,2,38,384,348,16,"""Times New Roman"", Times, serif",0,0,0.000000,true
Лужа,moment,puddle,/moment/puddle,2,38,390,354,18,"""Times New Roman"", Times, serif",0,0,0.000000,true
Лужа,moment,puddle,/moment/puddle,2,38,390,354,17,"""Times New Roman"", Times, serif",0,0,0.000000,true
Лужа,moment,puddle,/moment/puddle,2,38,390,354,16,"""Times New Roman"", Times, serif",0,0,0.000000,true
Лужа,moment,puddle,/moment/puddle,2,38,393,357,18,"""Times New Roman"", Times, serif",0,0,0.000000,true
Лужа,moment,puddle,/moment/puddle,2,38,393,357,17,"""Times New Roman"", Times, serif",0,0,0.000000,true
Лужа,moment,puddle,/moment/puddle,2,38,393,357,16,"""Times New Roman"", Times, serif",0,0,0.000000,true
Лужа,moment,puddle,/moment/puddle,2,38,414,378,18,"""Times New Roman"", Times, serif",0,0,0.000000,true
Лужа,moment,puddle,/moment/puddle,2,38,414,378,17,"""Times New Roman"", Times, serif",0,0,0.000000,true
Лужа,moment,puddle,/moment/puddle,2,38,414,378,16,"""Times New Roman"", Times, serif",0,0,0.000000,true
Лужа,moment,puddle,/moment/puddle,2,38,480,444,18,"""Times New Roman"", Times, serif",0,0,0.000000,true
Лужа,moment,puddle,/moment/puddle,2,38,480,444,17,"""Times New Roman"", Times, serif",0,0,0.000000,true
Лужа,moment,puddle,/moment/puddle,2,38,480,444,16,"""Times New Roman"", Times, serif",0,0,0.000000,true
Лужа,moment,puddle,/moment/puddle,2,38,500,464,18,"""Times New Roman"", Times, serif",0,0,0.000000,true
Лужа,moment,puddle,/moment/puddle,2,38,500,464,17,"""Times New Roman"", Times, serif",0,0,0.000000,true
Лужа,moment,puddle,/moment/puddle,2,38,500,464,16,"""Times New Roman"", Times, serif",0,0,0.000000,true
Лужа,moment,puddle,/moment/puddle,2,38,535,499,18,"""Times New Roman"", Times, serif",0,0,0.000000,true
Лужа,moment,puddle,/moment/puddle,2,38,535,499,17,"""Times New Roman"", Times, serif",0,0,0.000000,true
Лужа,moment,puddle,/moment/puddle,2,38,535,499,16,"""Times New Roman"", Times, serif",0,0,0.000000,true
Лужа,moment,puddle,/moment/puddle,2,38,536,500,18,"""Times New Roman"", Times, serif",0,0,0.000000,true
Лужа,moment,puddle,/moment/puddle,2,38,536,500,17,"""Times New Roman"", Times, serif",0,0,0.000000,true
Лужа,moment,puddle,/moment/puddle,2,38,536,500,16,"""Times New Roman"", Times, serif",0,0,0.000000,true
Лужа,moment,puddle,/moment/puddle,2,38,760,724,18,"""Times New Roman"", Times, serif",0,0,0.000000,true
Лужа,moment,puddle,/moment/puddle,2,38,760,724,17,"""Times New Roman"", Times, serif",0,0,0.000000,true
Лужа,moment,puddle,/moment/puddle,2,38,760,724,16,"""Times New Roman"", Times, serif",0,0,0.000000,true
Первая любовь,moment,first-love,/moment/first-love,2,42,320,284,18,"""Times New Roman"", Times, serif",6,6,0.142857,false
Первая любовь,moment,first-love,/moment/first-love,2,42,320,284,17,"""Times New Roman"", Times, serif",1,1,0.023810,false
Первая любовь,moment,first-love,/moment/first-love,2,42,320,284,16,"""Times New Roman"", Times, serif",1,1,0.023810,false
Первая любовь,moment,first-love,/moment/first-love,2,42,360,324,18,"""Times New Roman"", Times, serif",1,1,0.023810,false
Первая любовь,moment,first-love,/moment/first-love,2,42,360,324,17,"""Times New Roman"", Times, serif",0,0,0.000000,true
Первая любовь,moment,first-love,/moment/first-love,2,42,360,324,16,"""Times New Roman"", Times, serif",0,0,0.000000,true
Первая любовь,moment,first-love,/moment/first-love,2,42,384,348,18,"""Times New Roman"", Times, serif",0,0,0.000000,true
Первая любовь,moment,first-love,/moment/first-love,2,42,384,348,17,"""Times New Roman"", Times, serif",0,0,0.000000,true
Первая любовь,moment,first-love,/moment/first-love,2,42,384,348,16,"""Times New Roman"", Times, serif",0,0,0.000000,true
Первая любовь,moment,first-love,/moment/first-love,2,42,390,354,18,"""Times New Roman"", Times, serif",0,0,0.000000,true
Первая любовь,moment,first-love,/moment/first-love,2,42,390,354,17,"""Times New Roman"", Times, serif",0,0,0.000000,true
Первая любовь,moment,first-love,/moment/first-love,2,42,390,354,16,"""Times New Roman"", Times, serif",0,0,0.000000,true
Первая любовь,moment,first-love,/moment/first-love,2,42,393,357,18,"""Times New Roman"", Times, serif",0,0,0.000000,true
Первая любовь,moment,first-love,/moment/first-love,2,42,393,357,17,"""Times New Roman"", Times, serif",0,0,0.000000,true
Первая любовь,moment,first-love,/moment/first-love,2,42,393,357,16,"""Times New Roman"", Times, serif",0,0,0.000000,true
Первая любовь,moment,first-love,/moment/first-love,2,42,414,378,18,"""Times New Roman"", Times, serif",0,0,0.000000,true
Первая любовь,moment,first-love,/moment/first-love,2,42,414,378,17,"""Times New Roman"", Times, serif",0,0,0.000000,true
Первая любовь,moment,first-love,/moment/first-love,2,42,414,378,16,"""Times New Roman"", Times, serif",0,0,0.000000,true
Первая любовь,moment,first-love,/moment/first-love,2,42,480,444,18,"""Times New Roman"", Times, serif",0,0,0.000000,true
Первая любовь,moment,first-love,/moment/first-love,2,42,480,444,17,"""Times New Roman"", Times, serif",0,0,0.000000,true
Первая любовь,moment,first-love,/moment/first-love,2,42,480,444,16,"""Times New Roman"", Times, serif",0,0,0.000000,true
Первая любовь,moment,first-love,/moment/first-love,2,42,500,464,18,"""Times New Roman"", Times, serif",0,0,0.000000,true
Первая любовь,moment,first-love,/moment/first-love,2,42,500,464,17,"""Times New Roman"", Times, serif",0,0,0.000000,true
Первая любовь,moment,first-love,/moment/first-love,2,42,500,464,16,"""Times New Roman"", Times, serif",0,0,0.000000,true
Первая любовь,moment,first-love,/moment/first-love,2,42,535,499,18,"""Times New Roman"", Times, serif",0,0,0.000000,true
Первая любовь,moment,first-love,/moment/first-love,2,42,535,499,17,"""Times New Roman"", Times, serif",0,0,0.000000,true
Первая любовь,moment,first-love,/moment/first-love,2,42,535,499,16,"""Times New Roman"", Times, serif",0,0,0.000000,true
Первая любовь,moment,first-love,/moment/first-love,2,42,536,500,18,"""Times New Roman"", Times, serif",0,0,0.000000,true
Первая любовь,moment,first-love,/moment/first-love,2,42,536,500,17,"""Times New Roman"", Times, serif",0,0,0.000000,true
Первая любовь,moment,first-love,/moment/first-love,2,42,536,500,16,"""Times New Roman"", Times, serif",0,0,0.000000,true
Первая любовь,moment,first-love,/moment/first-love,2,42,760,724,18,"""Times New Roman"", Times, serif",0,0,0.000000,true
Первая любовь,moment,first-love,/moment/first-love,2,42,760,724,17,"""Times New Roman"", Times, serif",0,0,0.000000,true
Первая любовь,moment,first-love,/moment/first-love,2,42,760,724,16,"""Times New Roman"", Times, serif",0,0,0.000000,true
Кое-что о душе,moment,about-soul,/moment/about-soul,3,141,320,284,18,"""Times New Roman"", Times, serif",3,3,0.021277,false
Кое-что о душе,moment,about-soul,/moment/about-soul,3,141,320,284,17,"""Times New Roman"", Times, serif",3,3,0.021277,false
Кое-что о душе,moment,about-soul,/moment/about-soul,3,141,320,284,16,"""Times New Roman"", Times, serif",0,0,0.000000,true
Кое-что о душе,moment,about-soul,/moment/about-soul,3,141,360,324,18,"""Times New Roman"", Times, serif",0,0,0.000000,true
Кое-что о душе,moment,about-soul,/moment/about-soul,3,141,360,324,17,"""Times New Roman"", Times, serif",0,0,0.000000,true
Кое-что о душе,moment,about-soul,/moment/about-soul,3,141,360,324,16,"""Times New Roman"", Times, serif",0,0,0.000000,true
Кое-что о душе,moment,about-soul,/moment/about-soul,3,141,384,348,18,"""Times New Roman"", Times, serif",0,0,0.000000,true
Кое-что о душе,moment,about-soul,/moment/about-soul,3,141,384,348,17,"""Times New Roman"", Times, serif",0,0,0.000000,true
Кое-что о душе,moment,about-soul,/moment/about-soul,3,141,384,348,16,"""Times New Roman"", Times, serif",0,0,0.000000,true
Кое-что о душе,moment,about-soul,/moment/about-soul,3,141,390,354,18,"""Times New Roman"", Times, serif",0,0,0.000000,true
Кое-что о душе,moment,about-soul,/moment/about-soul,3,141,390,354,17,"""Times New Roman"", Times, serif",0,0,0.000000,true
Кое-что о душе,moment,about-soul,/moment/about-soul,3,141,390,354,16,"""Times New Roman"", Times, serif",0,0,0.000000,true
Кое-что о душе,moment,about-soul,/moment/about-soul,3,141,393,357,18,"""Times New Roman"", Times, serif",0,0,0.000000,true
Кое-что о душе,moment,about-soul,/moment/about-soul,3,141,393,357,17,"""Times New Roman"", Times, serif",0,0,0.000000,true
Кое-что о душе,moment,about-soul,/moment/about-soul,3,141,393,357,16,"""Times New Roman"", Times, serif",0,0,0.000000,true
Кое-что о душе,moment,about-soul,/moment/about-soul,3,141,414,378,18,"""Times New Roman"", Times, serif",0,0,0.000000,true
Кое-что о душе,moment,about-soul,/moment/about-soul,3,141,414,378,17,"""Times New Roman"", Times, serif",0,0,0.000000,true
Кое-что о душе,moment,about-soul,/moment/about-soul,3,141,414,378,16,"""Times New Roman"", Times, serif",0,0,0.000000,true
Кое-что о душе,moment,about-soul,/moment/about-soul,3,141,480,444,18,"""Times New Roman"", Times, serif",0,0,0.000000,true
Кое-что о душе,moment,about-soul,/moment/about-soul,3,141,480,444,17,"""Times New Roman"", Times, serif",0,0,0.000000,true
Кое-что о душе,moment,about-soul,/moment/about-soul,3,141,480,444,16,"""Times New Roman"", Times, serif",0,0,0.000000,true
Кое-что о душе,moment,about-soul,/moment/about-soul,3,141,500,464,18,"""Times New Roman"", Times, serif",0,0,0.000000,true
Кое-что о душе,moment,about-soul,/moment/about-soul,3,141,500,464,17,"""Times New Roman"", Times, serif",0,0,0.000000,true
Кое-что о душе,moment,about-soul,/moment/about-soul,3,141,500,464,16,"""Times New Roman"", Times, serif",0,0,0.000000,true
Кое-что о душе,moment,about-soul,/moment/about-soul,3,141,535,499,18,"""Times New Roman"", Times, serif",0,0,0.000000,true
Кое-что о душе,moment,about-soul,/moment/about-soul,3,141,535,499,17,"""Times New Roman"", Times, serif",0,0,0.000000,true
Кое-что о душе,moment,about-soul,/moment/about-soul,3,141,535,499,16,"""Times New Roman"", Times, serif",0,0,0.000000,true
Кое-что о душе,moment,about-soul,/moment/about-soul,3,141,536,500,18,"""Times New Roman"", Times, serif",0,0,0.000000,true
Кое-что о душе,moment,about-soul,/moment/about-soul,3,141,536,500,17,"""Times New Roman"", Times, serif",0,0,0.000000,true
Кое-что о душе,moment,about-soul,/moment/about-soul,3,141,536,500,16,"""Times New Roman"", Times, serif",0,0,0.000000,true
Кое-что о душе,moment,about-soul,/moment/about-soul,3,141,760,724,18,"""Times New Roman"", Times, serif",0,0,0.000000,true
Кое-что о душе,moment,about-soul,/moment/about-soul,3,141,760,724,17,"""Times New Roman"", Times, serif",0,0,0.000000,true
Кое-что о душе,moment,about-soul,/moment/about-soul,3,141,760,724,16,"""Times New Roman"", Times, serif",0,0,0.000000,true
Спозаранку,moment,early-hour,/moment/early-hour,2,60,320,284,18,"""Times New Roman"", Times, serif",15,15,0.250000,false
Спозаранку,moment,early-hour,/moment/early-hour,2,60,320,284,17,"""Times New Roman"", Times, serif",12,12,0.200000,false
Спозаранку,moment,early-hour,/moment/early-hour,2,60,320,284,16,"""Times New Roman"", Times, serif",10,10,0.166667,false
Спозаранку,moment,early-hour,/moment/early-hour,2,60,360,324,18,"""Times New Roman"", Times, serif",10,10,0.166667,false
Спозаранку,moment,early-hour,/moment/early-hour,2,60,360,324,17,"""Times New Roman"", Times, serif",6,6,0.100000,false
Спозаранку,moment,early-hour,/moment/early-hour,2,60,360,324,16,"""Times New Roman"", Times, serif",3,3,0.050000,false
Спозаранку,moment,early-hour,/moment/early-hour,2,60,384,348,18,"""Times New Roman"", Times, serif",5,5,0.083333,false
Спозаранку,moment,early-hour,/moment/early-hour,2,60,384,348,17,"""Times New Roman"", Times, serif",2,2,0.033333,false
Спозаранку,moment,early-hour,/moment/early-hour,2,60,384,348,16,"""Times New Roman"", Times, serif",1,1,0.016667,false
Спозаранку,moment,early-hour,/moment/early-hour,2,60,390,354,18,"""Times New Roman"", Times, serif",4,4,0.066667,false
Спозаранку,moment,early-hour,/moment/early-hour,2,60,390,354,17,"""Times New Roman"", Times, serif",1,1,0.016667,false
Спозаранку,moment,early-hour,/moment/early-hour,2,60,390,354,16,"""Times New Roman"", Times, serif",0,0,0.000000,true
Спозаранку,moment,early-hour,/moment/early-hour,2,60,393,357,18,"""Times New Roman"", Times, serif",4,4,0.066667,false
Спозаранку,moment,early-hour,/moment/early-hour,2,60,393,357,17,"""Times New Roman"", Times, serif",1,1,0.016667,false
Спозаранку,moment,early-hour,/moment/early-hour,2,60,393,357,16,"""Times New Roman"", Times, serif",0,0,0.000000,true
Спозаранку,moment,early-hour,/moment/early-hour,2,60,414,378,18,"""Times New Roman"", Times, serif",1,1,0.016667,false
Спозаранку,moment,early-hour,/moment/early-hour,2,60,414,378,17,"""Times New Roman"", Times, serif",0,0,0.000000,true
Спозаранку,moment,early-hour,/moment/early-hour,2,60,414,378,16,"""Times New Roman"", Times, serif",0,0,0.000000,true
Спозаранку,moment,early-hour,/moment/early-hour,2,60,480,444,18,"""Times New Roman"", Times, serif",0,0,0.000000,true
Спозаранку,moment,early-hour,/moment/early-hour,2,60,480,444,17,"""Times New Roman"", Times, serif",0,0,0.000000,true
Спозаранку,moment,early-hour,/moment/early-hour,2,60,480,444,16,"""Times New Roman"", Times, serif",0,0,0.000000,true
Спозаранку,moment,early-hour,/moment/early-hour,2,60,500,464,18,"""Times New Roman"", Times, serif",0,0,0.000000,true
Спозаранку,moment,early-hour,/moment/early-hour,2,60,500,464,17,"""Times New Roman"", Times, serif",0,0,0.000000,true
Спозаранку,moment,early-hour,/moment/early-hour,2,60,500,464,16,"""Times New Roman"", Times, serif",0,0,0.000000,true
Спозаранку,moment,early-hour,/moment/early-hour,2,60,535,499,18,"""Times New Roman"", Times, serif",0,0,0.000000,true
Спозаранку,moment,early-hour,/moment/early-hour,2,60,535,499,17,"""Times New Roman"", Times, serif",0,0,0.000000,true
Спозаранку,moment,early-hour,/moment/early-hour,2,60,535,499,16,"""Times New Roman"", Times, serif",0,0,0.000000,true
Спозаранку,moment,early-hour,/moment/early-hour,2,60,536,500,18,"""Times New Roman"", Times, serif",0,0,0.000000,true
Спозаранку,moment,early-hour,/moment/early-hour,2,60,536,500,17,"""Times New Roman"", Times, serif",0,0,0.000000,true
Спозаранку,moment,early-hour,/moment/early-hour,2,60,536,500,16,"""Times New Roman"", Times, serif",0,0,0.000000,true
Спозаранку,moment,early-hour,/moment/early-hour,2,60,760,724,18,"""Times New Roman"", Times, serif",0,0,0.000000,true
Спозаранку,moment,early-hour,/moment/early-hour,2,60,760,724,17,"""Times New Roman"", Times, serif",0,0,0.000000,true
Спозаранку,moment,early-hour,/moment/early-hour,2,60,760,724,16,"""Times New Roman"", Times, serif",0,0,0.000000,true
В парке,moment,in-park,/moment/in-park,3,33,320,284,18,"""Times New Roman"", Times, serif",6,6,0.181818,false
В парке,moment,in-park,/moment/in-park,3,33,320,284,17,"""Times New Roman"", Times, serif",4,4,0.121212,false
В парке,moment,in-park,/moment/in-park,3,33,320,284,16,"""Times New Roman"", Times, serif",3,3,0.090909,false
В парке,moment,in-park,/moment/in-park,3,33,360,324,18,"""Times New Roman"", Times, serif",3,3,0.090909,false
В парке,moment,in-park,/moment/in-park,3,33,360,324,17,"""Times New Roman"", Times, serif",3,3,0.090909,false
В парке,moment,in-park,/moment/in-park,3,33,360,324,16,"""Times New Roman"", Times, serif",2,2,0.060606,false
В парке,moment,in-park,/moment/in-park,3,33,384,348,18,"""Times New Roman"", Times, serif",2,2,0.060606,false
В парке,moment,in-park,/moment/in-park,3,33,384,348,17,"""Times New Roman"", Times, serif",2,2,0.060606,false
В парке,moment,in-park,/moment/in-park,3,33,384,348,16,"""Times New Roman"", Times, serif",2,2,0.060606,false
В парке,moment,in-park,/moment/in-park,3,33,390,354,18,"""Times New Roman"", Times, serif",2,2,0.060606,false
В парке,moment,in-park,/moment/in-park,3,33,390,354,17,"""Times New Roman"", Times, serif",2,2,0.060606,false
В парке,moment,in-park,/moment/in-park,3,33,390,354,16,"""Times New Roman"", Times, serif",2,2,0.060606,false
В парке,moment,in-park,/moment/in-park,3,33,393,357,18,"""Times New Roman"", Times, serif",2,2,0.060606,false
В парке,moment,in-park,/moment/in-park,3,33,393,357,17,"""Times New Roman"", Times, serif",2,2,0.060606,false
В парке,moment,in-park,/moment/in-park,3,33,393,357,16,"""Times New Roman"", Times, serif",2,2,0.060606,false
В парке,moment,in-park,/moment/in-park,3,33,414,378,18,"""Times New Roman"", Times, serif",2,2,0.060606,false
В парке,moment,in-park,/moment/in-park,3,33,414,378,17,"""Times New Roman"", Times, serif",2,2,0.060606,false
В парке,moment,in-park,/moment/in-park,3,33,414,378,16,"""Times New Roman"", Times, serif",1,1,0.030303,false
В парке,moment,in-park,/moment/in-park,3,33,480,444,18,"""Times New Roman"", Times, serif",1,1,0.030303,false
В парке,moment,in-park,/moment/in-park,3,33,480,444,17,"""Times New Roman"", Times, serif",1,1,0.030303,false
В парке,moment,in-park,/moment/in-park,3,33,480,444,16,"""Times New Roman"", Times, serif",1,1,0.030303,false
В парке,moment,in-park,/moment/in-park,3,33,500,464,18,"""Times New Roman"", Times, serif",1,1,0.030303,false
В парке,moment,in-park,/moment/in-park,3,33,500,464,17,"""Times New Roman"", Times, serif",1,1,0.030303,false
В парке,moment,in-park,/moment/in-park,3,33,500,464,16,"""Times New Roman"", Times, serif",0,0,0.000000,true
В парке,moment,in-park,/moment/in-park,3,33,535,499,18,"""Times New Roman"", Times, serif",1,1,0.030303,false
В парке,moment,in-park,/moment/in-park,3,33,535,499,17,"""Times New Roman"", Times, serif",0,0,0.000000,true
В парке,moment,in-park,/moment/in-park,3,33,535,499,16,"""Times New Roman"", Times, serif",0,0,0.000000,true
В парке,moment,in-park,/moment/in-park,3,33,536,500,18,"""Times New Roman"", Times, serif",1,1,0.030303,false
В парке,moment,in-park,/moment/in-park,3,33,536,500,17,"""Times New Roman"", Times, serif",0,0,0.000000,true
В парке,moment,in-park,/moment/in-park,3,33,536,500,16,"""Times New Roman"", Times, serif",0,0,0.000000,true
В парке,moment,in-park,/moment/in-park,3,33,760,724,18,"""Times New Roman"", Times, serif",0,0,0.000000,true
В парке,moment,in-park,/moment/in-park,3,33,760,724,17,"""Times New Roman"", Times, serif",0,0,0.000000,true
В парке,moment,in-park,/moment/in-park,3,33,760,724,16,"""Times New Roman"", Times, serif",0,0,0.000000,true
Дополнительно к статистике,moment,contribution-to-statistics,/moment/contribution-to-statistics,2,80,320,284,18,"""Times New Roman"", Times, serif",4,4,0.050000,false
Дополнительно к статистике,moment,contribution-to-statistics,/moment/contribution-to-statistics,2,80,320,284,17,"""Times New Roman"", Times, serif",3,3,0.037500,false
Дополнительно к статистике,moment,contribution-to-statistics,/moment/contribution-to-statistics,2,80,320,284,16,"""Times New Roman"", Times, serif",1,1,0.012500,false
Дополнительно к статистике,moment,contribution-to-statistics,/moment/contribution-to-statistics,2,80,360,324,18,"""Times New Roman"", Times, serif",1,1,0.012500,false
Дополнительно к статистике,moment,contribution-to-statistics,/moment/contribution-to-statistics,2,80,360,324,17,"""Times New Roman"", Times, serif",1,1,0.012500,false
Дополнительно к статистике,moment,contribution-to-statistics,/moment/contribution-to-statistics,2,80,360,324,16,"""Times New Roman"", Times, serif",0,0,0.000000,true
Дополнительно к статистике,moment,contribution-to-statistics,/moment/contribution-to-statistics,2,80,384,348,18,"""Times New Roman"", Times, serif",1,1,0.012500,false
Дополнительно к статистике,moment,contribution-to-statistics,/moment/contribution-to-statistics,2,80,384,348,17,"""Times New Roman"", Times, serif",0,0,0.000000,true
Дополнительно к статистике,moment,contribution-to-statistics,/moment/contribution-to-statistics,2,80,384,348,16,"""Times New Roman"", Times, serif",0,0,0.000000,true
Дополнительно к статистике,moment,contribution-to-statistics,/moment/contribution-to-statistics,2,80,390,354,18,"""Times New Roman"", Times, serif",1,1,0.012500,false
Дополнительно к статистике,moment,contribution-to-statistics,/moment/contribution-to-statistics,2,80,390,354,17,"""Times New Roman"", Times, serif",0,0,0.000000,true
Дополнительно к статистике,moment,contribution-to-statistics,/moment/contribution-to-statistics,2,80,390,354,16,"""Times New Roman"", Times, serif",0,0,0.000000,true
Дополнительно к статистике,moment,contribution-to-statistics,/moment/contribution-to-statistics,2,80,393,357,18,"""Times New Roman"", Times, serif",1,1,0.012500,false
Дополнительно к статистике,moment,contribution-to-statistics,/moment/contribution-to-statistics,2,80,393,357,17,"""Times New Roman"", Times, serif",0,0,0.000000,true
Дополнительно к статистике,moment,contribution-to-statistics,/moment/contribution-to-statistics,2,80,393,357,16,"""Times New Roman"", Times, serif",0,0,0.000000,true
Дополнительно к статистике,moment,contribution-to-statistics,/moment/contribution-to-statistics,2,80,414,378,18,"""Times New Roman"", Times, serif",0,0,0.000000,true
Дополнительно к статистике,moment,contribution-to-statistics,/moment/contribution-to-statistics,2,80,414,378,17,"""Times New Roman"", Times, serif",0,0,0.000000,true
Дополнительно к статистике,moment,contribution-to-statistics,/moment/contribution-to-statistics,2,80,414,378,16,"""Times New Roman"", Times, serif",0,0,0.000000,true
Дополнительно к статистике,moment,contribution-to-statistics,/moment/contribution-to-statistics,2,80,480,444,18,"""Times New Roman"", Times, serif",0,0,0.000000,true
Дополнительно к статистике,moment,contribution-to-statistics,/moment/contribution-to-statistics,2,80,480,444,17,"""Times New Roman"", Times, serif",0,0,0.000000,true
Дополнительно к статистике,moment,contribution-to-statistics,/moment/contribution-to-statistics,2,80,480,444,16,"""Times New Roman"", Times, serif",0,0,0.000000,true
Дополнительно к статистике,moment,contribution-to-statistics,/moment/contribution-to-statistics,2,80,500,464,18,"""Times New Roman"", Times, serif",0,0,0.000000,true
Дополнительно к статистике,moment,contribution-to-statistics,/moment/contribution-to-statistics,2,80,500,464,17,"""Times New Roman"", Times, serif",0,0,0.000000,true
Дополнительно к статистике,moment,contribution-to-statistics,/moment/contribution-to-statistics,2,80,500,464,16,"""Times New Roman"", Times, serif",0,0,0.000000,true
Дополнительно к статистике,moment,contribution-to-statistics,/moment/contribution-to-statistics,2,80,535,499,18,"""Times New Roman"", Times, serif",0,0,0.000000,true
Дополнительно к статистике,moment,contribution-to-statistics,/moment/contribution-to-statistics,2,80,535,499,17,"""Times New Roman"", Times, serif",0,0,0.000000,true
Дополнительно к статистике,moment,contribution-to-statistics,/moment/contribution-to-statistics,2,80,535,499,16,"""Times New Roman"", Times, serif",0,0,0.000000,true
Дополнительно к статистике,moment,contribution-to-statistics,/moment/contribution-to-statistics,2,80,536,500,18,"""Times New Roman"", Times, serif",0,0,0.000000,true
Дополнительно к статистике,moment,contribution-to-statistics,/moment/contribution-to-statistics,2,80,536,500,17,"""Times New Roman"", Times, serif",0,0,0.000000,true
Дополнительно к статистике,moment,contribution-to-statistics,/moment/contribution-to-statistics,2,80,536,500,16,"""Times New Roman"", Times, serif",0,0,0.000000,true
Дополнительно к статистике,moment,contribution-to-statistics,/moment/contribution-to-statistics,2,80,760,724,18,"""Times New Roman"", Times, serif",0,0,0.000000,true
Дополнительно к статистике,moment,contribution-to-statistics,/moment/contribution-to-statistics,2,80,760,724,17,"""Times New Roman"", Times, serif",0,0,0.000000,true
Дополнительно к статистике,moment,contribution-to-statistics,/moment/contribution-to-statistics,2,80,760,724,16,"""Times New Roman"", Times, serif",0,0,0.000000,true
Какие-то люди,moment,some-people,/moment/some-people,2,52,320,284,18,"""Times New Roman"", Times, serif",22,22,0.423077,false
Какие-то люди,moment,some-people,/moment/some-people,2,52,320,284,17,"""Times New Roman"", Times, serif",12,12,0.230769,false
Какие-то люди,moment,some-people,/moment/some-people,2,52,320,284,16,"""Times New Roman"", Times, serif",6,6,0.115385,false
Какие-то люди,moment,some-people,/moment/some-people,2,52,360,324,18,"""Times New Roman"", Times, serif",4,4,0.076923,false
Какие-то люди,moment,some-people,/moment/some-people,2,52,360,324,17,"""Times New Roman"", Times, serif",1,1,0.019231,false
Какие-то люди,moment,some-people,/moment/some-people,2,52,360,324,16,"""Times New Roman"", Times, serif",0,0,0.000000,true
Какие-то люди,moment,some-people,/moment/some-people,2,52,384,348,18,"""Times New Roman"", Times, serif",0,0,0.000000,true
Какие-то люди,moment,some-people,/moment/some-people,2,52,384,348,17,"""Times New Roman"", Times, serif",0,0,0.000000,true
Какие-то люди,moment,some-people,/moment/some-people,2,52,384,348,16,"""Times New Roman"", Times, serif",0,0,0.000000,true
Какие-то люди,moment,some-people,/moment/some-people,2,52,390,354,18,"""Times New Roman"", Times, serif",0,0,0.000000,true
Какие-то люди,moment,some-people,/moment/some-people,2,52,390,354,17,"""Times New Roman"", Times, serif",0,0,0.000000,true
Какие-то люди,moment,some-people,/moment/some-people,2,52,390,354,16,"""Times New Roman"", Times, serif",0,0,0.000000,true
Какие-то люди,moment,some-people,/moment/some-people,2,52,393,357,18,"""Times New Roman"", Times, serif",0,0,0.000000,true
Какие-то люди,moment,some-people,/moment/some-people,2,52,393,357,17,"""Times New Roman"", Times, serif",0,0,0.000000,true
Какие-то люди,moment,some-people,/moment/some-people,2,52,393,357,16,"""Times New Roman"", Times, serif",0,0,0.000000,true
Какие-то люди,moment,some-people,/moment/some-people,2,52,414,378,18,"""Times New Roman"", Times, serif",0,0,0.000000,true
Какие-то люди,moment,some-people,/moment/some-people,2,52,414,378,17,"""Times New Roman"", Times, serif",0,0,0.000000,true
Какие-то люди,moment,some-people,/moment/some-people,2,52,414,378,16,"""Times New Roman"", Times, serif",0,0,0.000000,true
Какие-то люди,moment,some-people,/moment/some-people,2,52,480,444,18,"""Times New Roman"", Times, serif",0,0,0.000000,true
Какие-то люди,moment,some-people,/moment/some-people,2,52,480,444,17,"""Times New Roman"", Times, serif",0,0,0.000000,true
Какие-то люди,moment,some-people,/moment/some-people,2,52,480,444,16,"""Times New Roman"", Times, serif",0,0,0.000000,true
Какие-то люди,moment,some-people,/moment/some-people,2,52,500,464,18,"""Times New Roman"", Times, serif",0,0,0.000000,true
Какие-то люди,moment,some-people,/moment/some-people,2,52,500,464,17,"""Times New Roman"", Times, serif",0,0,0.000000,true
Какие-то люди,moment,some-people,/moment/some-people,2,52,500,464,16,"""Times New Roman"", Times, serif",0,0,0.000000,true
Какие-то люди,moment,some-people,/moment/some-people,2,52,535,499,18,"""Times New Roman"", Times, serif",0,0,0.000000,true
Какие-то люди,moment,some-people,/moment/some-people,2,52,535,499,17,"""Times New Roman"", Times, serif",0,0,0.000000,true
Какие-то люди,moment,some-people,/moment/some-people,2,52,535,499,16,"""Times New Roman"", Times, serif",0,0,0.000000,true
Какие-то люди,moment,some-people,/moment/some-people,2,52,536,500,18,"""Times New Roman"", Times, serif",0,0,0.000000,true
Какие-то люди,moment,some-people,/moment/some-people,2,52,536,500,17,"""Times New Roman"", Times, serif",0,0,0.000000,true
Какие-то люди,moment,some-people,/moment/some-people,2,52,536,500,16,"""Times New Roman"", Times, serif",0,0,0.000000,true
Какие-то люди,moment,some-people,/moment/some-people,2,52,760,724,18,"""Times New Roman"", Times, serif",0,0,0.000000,true
Какие-то люди,moment,some-people,/moment/some-people,2,52,760,724,17,"""Times New Roman"", Times, serif",0,0,0.000000,true
Какие-то люди,moment,some-people,/moment/some-people,2,52,760,724,16,"""Times New Roman"", Times, serif",0,0,0.000000,true
Фотография 11 сентября,moment,picture-september-11,/moment/picture-september-11,3,57,320,284,18,"""Times New Roman"", Times, serif",6,6,0.105263,false
Фотография 11 сентября,moment,picture-september-11,/moment/picture-september-11,3,57,320,284,17,"""Times New Roman"", Times, serif",3,3,0.052632,false
Фотография 11 сентября,moment,picture-september-11,/moment/picture-september-11,3,57,320,284,16,"""Times New Roman"", Times, serif",2,2,0.035088,false
Фотография 11 сентября,moment,picture-september-11,/moment/picture-september-11,3,57,360,324,18,"""Times New Roman"", Times, serif",2,2,0.035088,false
Фотография 11 сентября,moment,picture-september-11,/moment/picture-september-11,3,57,360,324,17,"""Times New Roman"", Times, serif",1,1,0.017544,false
Фотография 11 сентября,moment,picture-september-11,/moment/picture-september-11,3,57,360,324,16,"""Times New Roman"", Times, serif",0,0,0.000000,true
Фотография 11 сентября,moment,picture-september-11,/moment/picture-september-11,3,57,384,348,18,"""Times New Roman"", Times, serif",0,0,0.000000,true
Фотография 11 сентября,moment,picture-september-11,/moment/picture-september-11,3,57,384,348,17,"""Times New Roman"", Times, serif",0,0,0.000000,true
Фотография 11 сентября,moment,picture-september-11,/moment/picture-september-11,3,57,384,348,16,"""Times New Roman"", Times, serif",0,0,0.000000,true
Фотография 11 сентября,moment,picture-september-11,/moment/picture-september-11,3,57,390,354,18,"""Times New Roman"", Times, serif",0,0,0.000000,true
Фотография 11 сентября,moment,picture-september-11,/moment/picture-september-11,3,57,390,354,17,"""Times New Roman"", Times, serif",0,0,0.000000,true
Фотография 11 сентября,moment,picture-september-11,/moment/picture-september-11,3,57,390,354,16,"""Times New Roman"", Times, serif",0,0,0.000000,true
Фотография 11 сентября,moment,picture-september-11,/moment/picture-september-11,3,57,393,357,18,"""Times New Roman"", Times, serif",0,0,0.000000,true
Фотография 11 сентября,moment,picture-september-11,/moment/picture-september-11,3,57,393,357,17,"""Times New Roman"", Times, serif",0,0,0.000000,true
Фотография 11 сентября,moment,picture-september-11,/moment/picture-september-11,3,57,393,357,16,"""Times New Roman"", Times, serif",0,0,0.000000,true
Фотография 11 сентября,moment,picture-september-11,/moment/picture-september-11,3,57,414,378,18,"""Times New Roman"", Times, serif",0,0,0.000000,true
Фотография 11 сентября,moment,picture-september-11,/moment/picture-september-11,3,57,414,378,17,"""Times New Roman"", Times, serif",0,0,0.000000,true
Фотография 11 сентября,moment,picture-september-11,/moment/picture-september-11,3,57,414,378,16,"""Times New Roman"", Times, serif",0,0,0.000000,true
Фотография 11 сентября,moment,picture-september-11,/moment/picture-september-11,3,57,480,444,18,"""Times New Roman"", Times, serif",0,0,0.000000,true
Фотография 11 сентября,moment,picture-september-11,/moment/picture-september-11,3,57,480,444,17,"""Times New Roman"", Times, serif",0,0,0.000000,true
Фотография 11 сентября,moment,picture-september-11,/moment/picture-september-11,3,57,480,444,16,"""Times New Roman"", Times, serif",0,0,0.000000,true
Фотография 11 сентября,moment,picture-september-11,/moment/picture-september-11,3,57,500,464,18,"""Times New Roman"", Times, serif",0,0,0.000000,true
Фотография 11 сентября,moment,picture-september-11,/moment/picture-september-11,3,57,500,464,17,"""Times New Roman"", Times, serif",0,0,0.000000,true
Фотография 11 сентября,moment,picture-september-11,/moment/picture-september-11,3,57,500,464,16,"""Times New Roman"", Times, serif",0,0,0.000000,true
Фотография 11 сентября,moment,picture-september-11,/moment/picture-september-11,3,57,535,499,18,"""Times New Roman"", Times, serif",0,0,0.000000,true
Фотография 11 сентября,moment,picture-september-11,/moment/picture-september-11,3,57,535,499,17,"""Times New Roman"", Times, serif",0,0,0.000000,true
Фотография 11 сентября,moment,picture-september-11,/moment/picture-september-11,3,57,535,499,16,"""Times New Roman"", Times, serif",0,0,0.000000,true
Фотография 11 сентября,moment,picture-september-11,/moment/picture-september-11,3,57,536,500,18,"""Times New Roman"", Times, serif",0,0,0.000000,true
Фотография 11 сентября,moment,picture-september-11,/moment/picture-september-11,3,57,536,500,17,"""Times New Roman"", Times, serif",0,0,0.000000,true
Фотография 11 сентября,moment,picture-september-11,/moment/picture-september-11,3,57,536,500,16,"""Times New Roman"", Times, serif",0,0,0.000000,true
Фотография 11 сентября,moment,picture-september-11,/moment/picture-september-11,3,57,760,724,18,"""Times New Roman"", Times, serif",0,0,0.000000,true
Фотография 11 сентября,moment,picture-september-11,/moment/picture-september-11,3,57,760,724,17,"""Times New Roman"", Times, serif",0,0,0.000000,true
Фотография 11 сентября,moment,picture-september-11,/moment/picture-september-11,3,57,760,724,16,"""Times New Roman"", Times, serif",0,0,0.000000,true
Обратный багаж,moment,return-baggage,/moment/return-baggage,2,60,320,284,18,"""Times New Roman"", Times, serif",20,20,0.333333,false
Обратный багаж,moment,return-baggage,/moment/return-baggage,2,60,320,284,17,"""Times New Roman"", Times, serif",11,11,0.183333,false
Обратный багаж,moment,return-baggage,/moment/return-baggage,2,60,320,284,16,"""Times New Roman"", Times, serif",5,5,0.083333,false
Обратный багаж,moment,return-baggage,/moment/return-baggage,2,60,360,324,18,"""Times New Roman"", Times, serif",3,3,0.050000,false
Обратный багаж,moment,return-baggage,/moment/return-baggage,2,60,360,324,17,"""Times New Roman"", Times, serif",1,1,0.016667,false
Обратный багаж,moment,return-baggage,/moment/return-baggage,2,60,360,324,16,"""Times New Roman"", Times, serif",1,1,0.016667,false
Обратный багаж,moment,return-baggage,/moment/return-baggage,2,60,384,348,18,"""Times New Roman"", Times, serif",1,1,0.016667,false
Обратный багаж,moment,return-baggage,/moment/return-baggage,2,60,384,348,17,"""Times New Roman"", Times, serif",1,1,0.016667,false
Обратный багаж,moment,return-baggage,/moment/return-baggage,2,60,384,348,16,"""Times New Roman"", Times, serif",0,0,0.000000,true
Обратный багаж,moment,return-baggage,/moment/return-baggage,2,60,390,354,18,"""Times New Roman"", Times, serif",1,1,0.016667,false
Обратный багаж,moment,return-baggage,/moment/return-baggage,2,60,390,354,17,"""Times New Roman"", Times, serif",0,0,0.000000,true
Обратный багаж,moment,return-baggage,/moment/return-baggage,2,60,390,354,16,"""Times New Roman"", Times, serif",0,0,0.000000,true
Обратный багаж,moment,return-baggage,/moment/return-baggage,2,60,393,357,18,"""Times New Roman"", Times, serif",1,1,0.016667,false
Обратный багаж,moment,return-baggage,/moment/return-baggage,2,60,393,357,17,"""Times New Roman"", Times, serif",0,0,0.000000,true
Обратный багаж,moment,return-baggage,/moment/return-baggage,2,60,393,357,16,"""Times New Roman"", Times, serif",0,0,0.000000,true
Обратный багаж,moment,return-baggage,/moment/return-baggage,2,60,414,378,18,"""Times New Roman"", Times, serif",0,0,0.000000,true
Обратный багаж,moment,return-baggage,/moment/return-baggage,2,60,414,378,17,"""Times New Roman"", Times, serif",0,0,0.000000,true
Обратный багаж,moment,return-baggage,/moment/return-baggage,2,60,414,378,16,"""Times New Roman"", Times, serif",0,0,0.000000,true
Обратный багаж,moment,return-baggage,/moment/return-baggage,2,60,480,444,18,"""Times New Roman"", Times, serif",0,0,0.000000,true
Обратный багаж,moment,return-baggage,/moment/return-baggage,2,60,480,444,17,"""Times New Roman"", Times, serif",0,0,0.000000,true
Обратный багаж,moment,return-baggage,/moment/return-baggage,2,60,480,444,16,"""Times New Roman"", Times, serif",0,0,0.000000,true
Обратный багаж,moment,return-baggage,/moment/return-baggage,2,60,500,464,18,"""Times New Roman"", Times, serif",0,0,0.000000,true
Обратный багаж,moment,return-baggage,/moment/return-baggage,2,60,500,464,17,"""Times New Roman"", Times, serif",0,0,0.000000,true
Обратный багаж,moment,return-baggage,/moment/return-baggage,2,60,500,464,16,"""Times New Roman"", Times, serif",0,0,0.000000,true
Обратный багаж,moment,return-baggage,/moment/return-baggage,2,60,535,499,18,"""Times New Roman"", Times, serif",0,0,0.000000,true
Обратный багаж,moment,return-baggage,/moment/return-baggage,2,60,535,499,17,"""Times New Roman"", Times, serif",0,0,0.000000,true
Обратный багаж,moment,return-baggage,/moment/return-baggage,2,60,535,499,16,"""Times New Roman"", Times, serif",0,0,0.000000,true
Обратный багаж,moment,return-baggage,/moment/return-baggage,2,60,536,500,18,"""Times New Roman"", Times, serif",0,0,0.000000,true
Обратный багаж,moment,return-baggage,/moment/return-baggage,2,60,536,500,17,"""Times New Roman"", Times, serif",0,0,0.000000,true
Обратный багаж,moment,return-baggage,/moment/return-baggage,2,60,536,500,16,"""Times New Roman"", Times, serif",0,0,0.000000,true
Обратный багаж,moment,return-baggage,/moment/return-baggage,2,60,760,724,18,"""Times New Roman"", Times, serif",0,0,0.000000,true
Обратный багаж,moment,return-baggage,/moment/return-baggage,2,60,760,724,17,"""Times New Roman"", Times, serif",0,0,0.000000,true
Обратный багаж,moment,return-baggage,/moment/return-baggage,2,60,760,724,16,"""Times New Roman"", Times, serif",0,0,0.000000,true
Бал,moment,ball,/moment/ball,3,104,320,284,18,"""Times New Roman"", Times, serif",15,15,0.144231,false
Бал,moment,ball,/moment/ball,3,104,320,284,17,"""Times New Roman"", Times, serif",12,12,0.115385,false
Бал,moment,ball,/moment/ball,3,104,320,284,16,"""Times New Roman"", Times, serif",4,4,0.038462,false
Бал,moment,ball,/moment/ball,3,104,360,324,18,"""Times New Roman"", Times, serif",3,3,0.028846,false
Бал,moment,ball,/moment/ball,3,104,360,324,17,"""Times New Roman"", Times, serif",0,0,0.000000,true
Бал,moment,ball,/moment/ball,3,104,360,324,16,"""Times New Roman"", Times, serif",0,0,0.000000,true
Бал,moment,ball,/moment/ball,3,104,384,348,18,"""Times New Roman"", Times, serif",0,0,0.000000,true
Бал,moment,ball,/moment/ball,3,104,384,348,17,"""Times New Roman"", Times, serif",0,0,0.000000,true
Бал,moment,ball,/moment/ball,3,104,384,348,16,"""Times New Roman"", Times, serif",0,0,0.000000,true
Бал,moment,ball,/moment/ball,3,104,390,354,18,"""Times New Roman"", Times, serif",0,0,0.000000,true
Бал,moment,ball,/moment/ball,3,104,390,354,17,"""Times New Roman"", Times, serif",0,0,0.000000,true
Бал,moment,ball,/moment/ball,3,104,390,354,16,"""Times New Roman"", Times, serif",0,0,0.000000,true
Бал,moment,ball,/moment/ball,3,104,393,357,18,"""Times New Roman"", Times, serif",0,0,0.000000,true
Бал,moment,ball,/moment/ball,3,104,393,357,17,"""Times New Roman"", Times, serif",0,0,0.000000,true
Бал,moment,ball,/moment/ball,3,104,393,357,16,"""Times New Roman"", Times, serif",0,0,0.000000,true
Бал,moment,ball,/moment/ball,3,104,414,378,18,"""Times New Roman"", Times, serif",0,0,0.000000,true
Бал,moment,ball,/moment/ball,3,104,414,378,17,"""Times New Roman"", Times, serif",0,0,0.000000,true
Бал,moment,ball,/moment/ball,3,104,414,378,16,"""Times New Roman"", Times, serif",0,0,0.000000,true
Бал,moment,ball,/moment/ball,3,104,480,444,18,"""Times New Roman"", Times, serif",0,0,0.000000,true
Бал,moment,ball,/moment/ball,3,104,480,444,17,"""Times New Roman"", Times, serif",0,0,0.000000,true
Бал,moment,ball,/moment/ball,3,104,480,444,16,"""Times New Roman"", Times, serif",0,0,0.000000,true
Бал,moment,ball,/moment/ball,3,104,500,464,18,"""Times New Roman"", Times, serif",0,0,0.000000,true
Бал,moment,ball,/moment/ball,3,104,500,464,17,"""Times New Roman"", Times, serif",0,0,0.000000,true
Бал,moment,ball,/moment/ball,3,104,500,464,16,"""Times New Roman"", Times, serif",0,0,0.000000,true
Бал,moment,ball,/moment/ball,3,104,535,499,18,"""Times New Roman"", Times, serif",0,0,0.000000,true
Бал,moment,ball,/moment/ball,3,104,535,499,17,"""Times New Roman"", Times, serif",0,0,0.000000,true
Бал,moment,ball,/moment/ball,3,104,535,499,16,"""Times New Roman"", Times, serif",0,0,0.000000,true
Бал,moment,ball,/moment/ball,3,104,536,500,18,"""Times New Roman"", Times, serif",0,0,0.000000,true
Бал,moment,ball,/moment/ball,3,104,536,500,17,"""Times New Roman"", Times, serif",0,0,0.000000,true
Бал,moment,ball,/moment/ball,3,104,536,500,16,"""Times New Roman"", Times, serif",0,0,0.000000,true
Бал,moment,ball,/moment/ball,3,104,760,724,18,"""Times New Roman"", Times, serif",0,0,0.000000,true
Бал,moment,ball,/moment/ball,3,104,760,724,17,"""Times New Roman"", Times, serif",0,0,0.000000,true
Бал,moment,ball,/moment/ball,3,104,760,724,16,"""Times New Roman"", Times, serif",0,0,0.000000,true
Заметка,moment,note,/moment/note,3,63,320,284,18,"""Times New Roman"", Times, serif",4,4,0.063492,false
Заметка,moment,note,/moment/note,3,63,320,284,17,"""Times New Roman"", Times, serif",4,4,0.063492,false
Заметка,moment,note,/moment/note,3,63,320,284,16,"""Times New Roman"", Times, serif",3,3,0.047619,false
Заметка,moment,note,/moment/note,3,63,360,324,18,"""Times New Roman"", Times, serif",2,2,0.031746,false
Заметка,moment,note,/moment/note,3,63,360,324,17,"""Times New Roman"", Times, serif",2,2,0.031746,false
Заметка,moment,note,/moment/note,3,63,360,324,16,"""Times New Roman"", Times, serif",2,2,0.031746,false
Заметка,moment,note,/moment/note,3,63,384,348,18,"""Times New Roman"", Times, serif",2,2,0.031746,false
Заметка,moment,note,/moment/note,3,63,384,348,17,"""Times New Roman"", Times, serif",2,2,0.031746,false
Заметка,moment,note,/moment/note,3,63,384,348,16,"""Times New Roman"", Times, serif",0,0,0.000000,true
Заметка,moment,note,/moment/note,3,63,390,354,18,"""Times New Roman"", Times, serif",2,2,0.031746,false
Заметка,moment,note,/moment/note,3,63,390,354,17,"""Times New Roman"", Times, serif",2,2,0.031746,false
Заметка,moment,note,/moment/note,3,63,390,354,16,"""Times New Roman"", Times, serif",0,0,0.000000,true
Заметка,moment,note,/moment/note,3,63,393,357,18,"""Times New Roman"", Times, serif",2,2,0.031746,false
Заметка,moment,note,/moment/note,3,63,393,357,17,"""Times New Roman"", Times, serif",1,1,0.015873,false
Заметка,moment,note,/moment/note,3,63,393,357,16,"""Times New Roman"", Times, serif",0,0,0.000000,true
Заметка,moment,note,/moment/note,3,63,414,378,18,"""Times New Roman"", Times, serif",1,1,0.015873,false
Заметка,moment,note,/moment/note,3,63,414,378,17,"""Times New Roman"", Times, serif",0,0,0.000000,true
Заметка,moment,note,/moment/note,3,63,414,378,16,"""Times New Roman"", Times, serif",0,0,0.000000,true
Заметка,moment,note,/moment/note,3,63,480,444,18,"""Times New Roman"", Times, serif",0,0,0.000000,true
Заметка,moment,note,/moment/note,3,63,480,444,17,"""Times New Roman"", Times, serif",0,0,0.000000,true
Заметка,moment,note,/moment/note,3,63,480,444,16,"""Times New Roman"", Times, serif",0,0,0.000000,true
Заметка,moment,note,/moment/note,3,63,500,464,18,"""Times New Roman"", Times, serif",0,0,0.000000,true
Заметка,moment,note,/moment/note,3,63,500,464,17,"""Times New Roman"", Times, serif",0,0,0.000000,true
Заметка,moment,note,/moment/note,3,63,500,464,16,"""Times New Roman"", Times, serif",0,0,0.000000,true
Заметка,moment,note,/moment/note,3,63,535,499,18,"""Times New Roman"", Times, serif",0,0,0.000000,true
Заметка,moment,note,/moment/note,3,63,535,499,17,"""Times New Roman"", Times, serif",0,0,0.000000,true
Заметка,moment,note,/moment/note,3,63,535,499,16,"""Times New Roman"", Times, serif",0,0,0.000000,true
Заметка,moment,note,/moment/note,3,63,536,500,18,"""Times New Roman"", Times, serif",0,0,0.000000,true
Заметка,moment,note,/moment/note,3,63,536,500,17,"""Times New Roman"", Times, serif",0,0,0.000000,true
Заметка,moment,note,/moment/note,3,63,536,500,16,"""Times New Roman"", Times, serif",0,0,0.000000,true
Заметка,moment,note,/moment/note,3,63,760,724,18,"""Times New Roman"", Times, serif",0,0,0.000000,true
Заметка,moment,note,/moment/note,3,63,760,724,17,"""Times New Roman"", Times, serif",0,0,0.000000,true
Заметка,moment,note,/moment/note,3,63,760,724,16,"""Times New Roman"", Times, serif",0,0,0.000000,true
Список,moment,list,/moment/list,2,86,320,284,18,"""Times New Roman"", Times, serif",1,1,0.011628,false
Список,moment,list,/moment/list,2,86,320,284,17,"""Times New Roman"", Times, serif",1,1,0.011628,false
Список,moment,list,/moment/list,2,86,320,284,16,"""Times New Roman"", Times, serif",0,0,0.000000,true
Список,moment,list,/moment/list,2,86,360,324,18,"""Times New Roman"", Times, serif",0,0,0.000000,true
Список,moment,list,/moment/list,2,86,360,324,17,"""Times New Roman"", Times, serif",0,0,0.000000,true
Список,moment,list,/moment/list,2,86,360,324,16,"""Times New Roman"", Times, serif",0,0,0.000000,true
Список,moment,list,/moment/list,2,86,384,348,18,"""Times New Roman"", Times, serif",0,0,0.000000,true
Список,moment,list,/moment/list,2,86,384,348,17,"""Times New Roman"", Times, serif",0,0,0.000000,true
Список,moment,list,/moment/list,2,86,384,348,16,"""Times New Roman"", Times, serif",0,0,0.000000,true
Список,moment,list,/moment/list,2,86,390,354,18,"""Times New Roman"", Times, serif",0,0,0.000000,true
Список,moment,list,/moment/list,2,86,390,354,17,"""Times New Roman"", Times, serif",0,0,0.000000,true
Список,moment,list,/moment/list,2,86,390,354,16,"""Times New Roman"", Times, serif",0,0,0.000000,true
Список,moment,list,/moment/list,2,86,393,357,18,"""Times New Roman"", Times, serif",0,0,0.000000,true
Список,moment,list,/moment/list,2,86,393,357,17,"""Times New Roman"", Times, serif",0,0,0.000000,true
Список,moment,list,/moment/list,2,86,393,357,16,"""Times New Roman"", Times, serif",0,0,0.000000,true
Список,moment,list,/moment/list,2,86,414,378,18,"""Times New Roman"", Times, serif",0,0,0.000000,true
Список,moment,list,/moment/list,2,86,414,378,17,"""Times New Roman"", Times, serif",0,0,0.000000,true
Список,moment,list,/moment/list,2,86,414,378,16,"""Times New Roman"", Times, serif",0,0,0.000000,true
Список,moment,list,/moment/list,2,86,480,444,18,"""Times New Roman"", Times, serif",0,0,0.000000,true
Список,moment,list,/moment/list,2,86,480,444,17,"""Times New Roman"", Times, serif",0,0,0.000000,true
Список,moment,list,/moment/list,2,86,480,444,16,"""Times New Roman"", Times, serif",0,0,0.000000,true
Список,moment,list,/moment/list,2,86,500,464,18,"""Times New Roman"", Times, serif",0,0,0.000000,true
Список,moment,list,/moment/list,2,86,500,464,17,"""Times New Roman"", Times, serif",0,0,0.000000,true
Список,moment,list,/moment/list,2,86,500,464,16,"""Times New Roman"", Times, serif",0,0,0.000000,true
Список,moment,list,/moment/list,2,86,535,499,18,"""Times New Roman"", Times, serif",0,0,0.000000,true
Список,moment,list,/moment/list,2,86,535,499,17,"""Times New Roman"", Times, serif",0,0,0.000000,true
Список,moment,list,/moment/list,2,86,535,499,16,"""Times New Roman"", Times, serif",0,0,0.000000,true
Список,moment,list,/moment/list,2,86,536,500,18,"""Times New Roman"", Times, serif",0,0,0.000000,true
Список,moment,list,/moment/list,2,86,536,500,17,"""Times New Roman"", Times, serif",0,0,0.000000,true
Список,moment,list,/moment/list,2,86,536,500,16,"""Times New Roman"", Times, serif",0,0,0.000000,true
Список,moment,list,/moment/list,2,86,760,724,18,"""Times New Roman"", Times, serif",0,0,0.000000,true
Список,moment,list,/moment/list,2,86,760,724,17,"""Times New Roman"", Times, serif",0,0,0.000000,true
Список,moment,list,/moment/list,2,86,760,724,16,"""Times New Roman"", Times, serif",0,0,0.000000,true
Всё,moment,everything,/moment/everything,2,14,320,284,18,"""Times New Roman"", Times, serif",2,2,0.142857,false
Всё,moment,everything,/moment/everything,2,14,320,284,17,"""Times New Roman"", Times, serif",2,2,0.142857,false
Всё,moment,everything,/moment/everything,2,14,320,284,16,"""Times New Roman"", Times, serif",0,0,0.000000,true
Всё,moment,everything,/moment/everything,2,14,360,324,18,"""Times New Roman"", Times, serif",0,0,0.000000,true
Всё,moment,everything,/moment/everything,2,14,360,324,17,"""Times New Roman"", Times, serif",0,0,0.000000,true
Всё,moment,everything,/moment/everything,2,14,360,324,16,"""Times New Roman"", Times, serif",0,0,0.000000,true
Всё,moment,everything,/moment/everything,2,14,384,348,18,"""Times New Roman"", Times, serif",0,0,0.000000,true
Всё,moment,everything,/moment/everything,2,14,384,348,17,"""Times New Roman"", Times, serif",0,0,0.000000,true
Всё,moment,everything,/moment/everything,2,14,384,348,16,"""Times New Roman"", Times, serif",0,0,0.000000,true
Всё,moment,everything,/moment/everything,2,14,390,354,18,"""Times New Roman"", Times, serif",0,0,0.000000,true
Всё,moment,everything,/moment/everything,2,14,390,354,17,"""Times New Roman"", Times, serif",0,0,0.000000,true
Всё,moment,everything,/moment/everything,2,14,390,354,16,"""Times New Roman"", Times, serif",0,0,0.000000,true
Всё,moment,everything,/moment/everything,2,14,393,357,18,"""Times New Roman"", Times, serif",0,0,0.000000,true
Всё,moment,everything,/moment/everything,2,14,393,357,17,"""Times New Roman"", Times, serif",0,0,0.000000,true
Всё,moment,everything,/moment/everything,2,14,393,357,16,"""Times New Roman"", Times, serif",0,0,0.000000,true
Всё,moment,everything,/moment/everything,2,14,414,378,18,"""Times New Roman"", Times, serif",0,0,0.000000,true
Всё,moment,everything,/moment/everything,2,14,414,378,17,"""Times New Roman"", Times, serif",0,0,0.000000,true
Всё,moment,everything,/moment/everything,2,14,414,378,16,"""Times New Roman"", Times, serif",0,0,0.000000,true
Всё,moment,everything,/moment/everything,2,14,480,444,18,"""Times New Roman"", Times, serif",0,0,0.000000,true
Всё,moment,everything,/moment/everything,2,14,480,444,17,"""Times New Roman"", Times, serif",0,0,0.000000,true
Всё,moment,everything,/moment/everything,2,14,480,444,16,"""Times New Roman"", Times, serif",0,0,0.000000,true
Всё,moment,everything,/moment/everything,2,14,500,464,18,"""Times New Roman"", Times, serif",0,0,0.000000,true
Всё,moment,everything,/moment/everything,2,14,500,464,17,"""Times New Roman"", Times, serif",0,0,0.000000,true
Всё,moment,everything,/moment/everything,2,14,500,464,16,"""Times New Roman"", Times, serif",0,0,0.000000,true
Всё,moment,everything,/moment/everything,2,14,535,499,18,"""Times New Roman"", Times, serif",0,0,0.000000,true
Всё,moment,everything,/moment/everything,2,14,535,499,17,"""Times New Roman"", Times, serif",0,0,0.000000,true
Всё,moment,everything,/moment/everything,2,14,535,499,16,"""Times New Roman"", Times, serif",0,0,0.000000,true
Всё,moment,everything,/moment/everything,2,14,536,500,18,"""Times New Roman"", Times, serif",0,0,0.000000,true
Всё,moment,everything,/moment/everything,2,14,536,500,17,"""Times New Roman"", Times, serif",0,0,0.000000,true
Всё,moment,everything,/moment/everything,2,14,536,500,16,"""Times New Roman"", Times, serif",0,0,0.000000,true
Всё,moment,everything,/moment/everything,2,14,760,724,18,"""Times New Roman"", Times, serif",0,0,0.000000,true
Всё,moment,everything,/moment/everything,2,14,760,724,17,"""Times New Roman"", Times, serif",0,0,0.000000,true
Всё,moment,everything,/moment/everything,2,14,760,724,16,"""Times New Roman"", Times, serif",0,0,0.000000,true
